MSSubClass,MSZoning,LotFrontage,LotArea,Street,Alley,LotShape,LandContour,Utilities,LotConfig,LandSlope,Neighborhood,Condition1,Condition2,BldgType,HouseStyle,OverallQual,OverallCond,YearBuilt,YearRemodAdd,RoofStyle,RoofMatl,Exterior1st,Exterior2nd,MasVnrType,MasVnrArea,ExterQual,ExterCond,Foundation,BsmtQual,BsmtCond,BsmtExposure,BsmtFinType1,BsmtFinSF1,BsmtFinType2,BsmtFinSF2,BsmtUnfSF,TotalBsmtSF,Heating,HeatingQC,CentralAir,Electrical,Feature1stFlrSF,Feature2ndFlrSF,LowQualFinSF,GrLivArea,BsmtFullBath,BsmtHalfBath,FullBath,HalfBath,BedroomAbvGr,KitchenAbvGr,KitchenQual,TotRmsAbvGrd,Functional,Fireplaces,FireplaceQu,GarageType,GarageYrBlt,GarageFinish,GarageCars,GarageArea,GarageQual,GarageCond,PavedDrive,WoodDeckSF,OpenPorchSF,EnclosedPorch,Feature3SsnPorch,ScreenPorch,PoolArea,PoolQC,Fence,MiscFeature,MiscVal,MoSold,YrSold,SaleType,SaleCondition,HasPool,Has2ndFloor,HasGarage,HasBsmt,HasFireplace,BltSoldYrDiff,TotalSF,TotalBathr,TotalPorchSF,SalePrice
60,4,65.0,8450,1,1,3,3,0,4,0,5,2,2,0,5,7,5,2003,2003,1,1,13,14,1,196.0,2,4,2,2,4,4,2,706,6,0,150,856,1,0,1,5,856,854,0,1710,1,0,2,1,3,1,2,8,7,0,3,1,2003.0,2,2,548,5,5,2,0,61,0,0,0,0,3,4,1,0,2,2008,9,4,0,1,1,1,0,5,2566,3.5,61,208500
20,4,80.0,9600,1,1,3,3,0,2,0,24,1,2,0,2,6,8,1976,1976,1,1,8,8,2,0.0,3,4,1,2,4,1,0,978,6,0,284,1262,1,0,1,5,1262,0,0,1262,0,1,2,0,3,1,4,6,7,1,5,1,1976.0,2,2,460,5,5,2,298,0,0,0,0,0,3,4,1,0,5,2007,9,4,0,0,1,1,1,31,2524,2.5,298,181500
60,4,68.0,11250,1,1,0,3,0,4,0,5,2,2,0,5,7,5,2001,2002,1,1,13,14,1,162.0,2,4,2,2,4,2,2,486,6,0,434,920,1,0,1,5,920,866,0,1786,1,0,2,1,3,1,2,6,7,1,5,1,2001.0,2,2,608,5,5,2,0,42,0,0,0,0,3,4,1,0,9,2008,9,4,0,1,1,1,1,7,2706,3.5,42,223500
70,4,60.0,9550,1,1,0,3,0,0,0,6,2,2,0,5,7,5,1915,1970,1,1,14,16,2,0.0,3,4,0,4,1,4,0,216,6,0,540,756,1,2,1,5,961,756,0,1717,1,0,1,0,3,1,2,7,7,1,2,5,1998.0,3,3,642,5,5,2,0,35,272,0,0,0,3,4,1,0,2,2006,9,0,0,1,1,1,1,91,2473,2.0,307,140000
60,4,84.0,14260,1,1,0,3,0,2,0,15,2,2,0,5,8,5,2000,2000,1,1,13,14,1,350.0,2,4,2,2,4,0,2,655,6,0,490,1145,1,0,1,5,1145,1053,0,2198,1,0,2,1,4,1,2,9,7,1,5,1,2000.0,2,3,836,5,5,2,192,84,0,0,0,0,3,4,1,0,12,2008,9,4,0,1,1,1,1,8,3343,3.5,276,250000
50,4,85.0,14115,1,1,0,3,0,4,0,11,2,2,0,0,5,5,1993,1995,1,1,13,14,2,0.0,3,4,5,2,4,4,2,732,6,0,64,796,1,0,1,5,796,566,0,1362,1,0,1,1,1,1,4,5,7,0,3,1,1993.0,3,2,480,5,5,2,40,30,0,320,0,0,3,2,3,700,10,2009,9,4,0,1,1,1,0,16,2158,2.5,390,143000
20,4,75.0,10084,1,1,3,3,0,4,0,21,2,2,0,2,8,5,2004,2005,1,1,13,14,3,186.0,2,4,2,0,4,0,2,1369,6,0,317,1686,1,0,1,5,1694,0,0,1694,1,0,2,0,3,1,2,7,7,1,2,1,2004.0,2,2,636,5,5,2,255,57,0,0,0,0,3,4,1,0,8,2007,9,4,0,0,1,1,1,3,3380,3.0,312,307000
60,4,68.0,10382,1,1,0,3,0,0,0,14,4,2,0,5,7,6,1973,1973,1,1,6,6,3,240.0,3,4,1,2,4,2,0,859,1,32,216,1107,1,0,1,5,1107,983,0,2090,1,0,2,1,3,1,4,7,7,2,5,1,1973.0,2,2,484,5,5,2,235,204,228,0,0,0,3,4,3,350,11,2009,9,4,0,1,1,1,1,36,3197,3.5,667,200000
50,5,51.0,6120,1,1,3,3,0,4,0,17,0,2,0,0,7,5,1931,1950,1,1,3,16,2,0.0,3,4,0,4,4,4,6,0,6,0,952,952,1,2,1,1,1022,752,0,1774,0,0,2,0,2,2,4,8,2,2,5,5,1931.0,3,2,468,1,5,2,90,0,205,0,0,0,3,4,1,0,4,2008,9,0,0,1,1,1,1,77,2726,2.0,295,129900
190,4,50.0,7420,1,1,3,3,0,0,0,3,0,0,1,1,5,6,1939,1950,1,1,8,8,2,0.0,3,4,0,4,4,4,2,851,6,0,140,991,1,0,1,5,1077,0,0,1077,1,0,1,0,2,2,4,5,7,2,5,1,1939.0,2,1,205,2,5,2,0,4,0,0,0,0,3,4,1,0,1,2008,9,4,0,0,1,1,1,69,2068,2.0,4,118000
20,4,70.0,11200,1,1,3,3,0,4,0,19,2,2,0,2,5,5,1965,1965,3,1,6,6,2,0.0,3,4,1,4,4,4,5,906,6,0,134,1040,1,0,1,5,1040,0,0,1040,1,0,1,0,3,1,4,5,7,0,3,5,1965.0,3,1,384,5,5,2,0,0,0,0,0,0,3,4,1,0,2,2008,9,4,0,0,1,1,0,43,2080,2.0,0,129500
20,4,68.0,12968,1,1,1,3,0,4,0,19,2,2,0,2,5,6,1962,1962,3,1,6,11,2,0.0,3,4,1,4,4,4,0,737,6,0,175,912,1,4,1,5,912,0,0,912,1,0,1,0,2,1,4,4,7,0,3,5,1962.0,3,1,352,5,5,2,140,0,0,0,176,0,3,4,1,0,9,2008,9,4,0,0,1,1,0,46,1824,2.0,316,144000
20,4,91.0,10652,1,1,0,3,0,4,0,5,2,2,0,2,7,5,2006,2007,1,1,13,14,3,306.0,2,4,2,2,4,0,6,0,6,0,1494,1494,1,0,1,5,1494,0,0,1494,0,0,2,0,3,1,2,7,7,1,2,1,2006.0,2,3,840,5,5,2,160,33,0,0,0,0,3,4,1,0,8,2007,7,5,0,0,1,1,1,1,2988,2.0,193,279500
20,4,68.0,10920,1,1,0,3,0,0,0,12,2,2,0,2,6,5,1960,1960,3,1,8,8,1,212.0,3,4,1,4,4,4,1,733,6,0,520,1253,1,4,1,5,1253,0,0,1253,1,0,1,1,2,1,4,5,7,1,1,1,1960.0,2,1,352,5,5,2,0,213,176,0,0,0,3,1,1,0,5,2008,9,4,0,0,1,1,1,48,2506,2.5,389,157000
45,5,51.0,6120,1,1,3,3,0,0,0,3,2,2,0,1,7,8,1929,2001,1,1,14,15,2,0.0,3,4,0,4,4,4,6,0,6,0,832,832,1,0,1,0,854,0,0,854,0,0,1,0,2,1,4,5,7,0,3,5,1991.0,3,2,576,5,5,2,48,112,0,0,0,0,3,0,1,0,7,2007,9,4,0,0,1,1,0,78,1686,1.0,160,132000
20,4,68.0,11241,1,1,0,3,0,1,0,12,2,2,0,2,6,7,1970,1970,1,1,14,15,1,180.0,3,4,1,4,4,4,0,578,6,0,426,1004,1,0,1,5,1004,0,0,1004,1,0,1,0,2,1,4,5,7,1,5,1,1970.0,0,2,480,5,5,2,0,0,0,0,0,0,3,4,3,700,3,2010,9,4,0,0,1,1,1,40,2008,2.0,0,149000
90,4,72.0,10791,1,1,3,3,0,4,0,19,2,2,2,2,4,5,1967,1967,1,1,8,8,2,0.0,3,4,3,3,2,3,4,0,4,0,0,0,1,4,1,5,1296,0,0,1296,0,0,2,0,2,2,4,6,7,0,3,4,1967.0,3,2,516,5,5,2,0,0,0,0,0,0,3,4,3,500,10,2006,9,4,0,0,1,0,0,39,1296,2.0,0,90000
20,4,66.0,13695,1,1,3,3,0,4,0,20,5,2,0,2,5,5,2004,2004,1,1,13,14,2,0.0,3,4,2,4,4,4,2,646,6,0,468,1114,1,0,1,5,1114,0,0,1114,1,0,1,1,3,1,2,6,7,0,3,5,2004.0,3,2,576,5,5,2,0,102,0,0,0,0,3,4,1,0,6,2008,9,4,0,0,1,1,0,4,2228,2.5,102,159000
20,4,70.0,7560,1,1,3,3,0,4,0,12,2,2,0,2,5,6,1958,1965,3,1,3,11,2,0.0,3,4,1,4,4,4,3,504,6,0,525,1029,1,4,1,5,1339,0,0,1339,0,0,1,0,3,1,4,6,2,0,3,1,1958.0,3,1,294,5,5,2,0,0,0,0,0,0,3,2,1,0,5,2009,0,0,0,0,1,1,0,51,2368,1.0,0,139000
60,4,101.0,14215,1,1,0,3,0,0,0,16,2,2,0,5,8,5,2005,2006,1,1,13,14,1,380.0,2,4,2,0,4,0,6,0,6,0,1158,1158,1,0,1,5,1158,1218,0,2376,0,0,3,1,4,1,2,9,7,1,2,3,2005.0,2,3,853,5,5,2,240,154,0,0,0,0,3,4,1,0,11,2006,7,5,0,1,1,1,1,1,3534,3.5,394,325300
45,5,57.0,7449,1,0,3,0,0,4,0,9,2,2,0,1,7,7,1930,1950,1,1,14,15,2,0.0,3,4,2,4,4,4,6,0,6,0,637,637,1,0,1,1,1108,0,0,1108,0,0,1,0,3,1,2,6,7,1,2,1,1930.0,3,1,280,5,5,0,0,0,205,0,0,0,3,0,1,0,6,2007,9,4,0,0,1,1,1,77,1745,1.0,205,139400
20,4,75.0,9742,1,1,3,3,0,4,0,5,2,2,0,2,8,5,2002,2002,3,1,13,14,1,281.0,2,4,2,2,4,4,6,0,6,0,1777,1777,1,0,1,5,1795,0,0,1795,0,0,2,0,3,1,2,7,7,1,2,1,2002.0,2,2,534,5,5,2,171,159,0,0,0,0,3,4,1,0,9,2008,9,4,0,0,1,1,1,6,3572,2.0,330,230000
120,5,44.0,4224,1,1,3,3,0,4,0,10,2,2,4,2,5,7,1976,1976,1,1,5,5,2,0.0,3,4,2,2,4,4,2,840,6,0,200,1040,1,4,1,5,1060,0,0,1060,1,0,1,0,3,1,4,6,7,1,5,1,1976.0,3,2,572,5,5,2,100,110,0,0,0,0,3,4,1,0,6,2007,9,4,0,0,1,1,1,31,2100,2.0,210,129900
20,4,68.0,8246,1,1,0,3,0,4,0,19,2,2,0,2,5,8,1968,2001,1,1,10,11,2,0.0,3,2,1,4,4,2,5,188,0,668,204,1060,1,0,1,5,1060,0,0,1060,1,0,1,0,3,1,2,6,7,1,5,1,1968.0,3,1,270,5,5,2,406,90,0,0,0,0,3,2,1,0,5,2010,9,4,0,0,1,1,1,42,2120,2.0,496,154000
20,4,110.0,14230,1,1,3,3,0,0,0,16,2,2,0,2,8,5,2007,2007,1,1,13,14,3,640.0,2,4,2,2,4,4,6,0,6,0,1566,1566,1,0,1,5,1600,0,0,1600,0,0,2,0,3,1,2,7,7,1,2,1,2007.0,2,3,890,5,5,2,0,56,0,0,0,0,3,4,1,0,7,2009,9,4,0,0,1,1,1,2,3166,2.0,56,256300
20,4,60.0,7200,1,1,3,3,0,0,0,12,2,2,0,2,5,7,1951,2000,1,1,14,15,2,0.0,3,4,1,4,4,2,1,234,5,486,180,900,1,4,1,5,900,0,0,900,0,1,1,0,3,1,2,5,7,0,3,5,2005.0,3,2,576,5,5,2,222,32,0,0,0,0,3,4,1,0,5,2010,9,4,0,0,1,1,0,59,1800,1.5,254,134800
20,4,98.0,11478,1,1,3,3,0,4,0,16,2,2,0,2,8,5,2007,2008,1,1,13,14,3,200.0,2,4,2,0,4,4,2,1218,6,0,486,1704,1,0,1,5,1704,0,0,1704,1,0,2,0,3,1,2,7,7,1,2,1,2008.0,2,3,772,5,5,2,0,50,0,0,0,0,3,4,1,0,5,2010,9,4,0,0,1,1,1,3,3408,3.0,50,306000
20,4,47.0,16321,1,1,0,3,0,1,0,12,2,2,0,2,5,6,1957,1997,1,1,8,8,2,0.0,3,4,1,4,4,1,1,1277,6,0,207,1484,1,4,1,5,1600,0,0,1600,1,0,1,0,2,1,4,6,7,2,2,1,1957.0,2,1,319,5,5,2,288,258,0,0,0,0,3,4,1,0,12,2006,9,4,0,0,1,1,1,49,3084,2.0,546,207500
30,5,60.0,6324,1,1,0,3,0,4,0,3,1,7,0,2,4,6,1927,1950,1,1,8,8,2,0.0,3,4,0,4,4,4,6,0,6,0,520,520,1,1,0,5,520,0,0,520,0,0,1,0,1,1,1,4,7,0,3,5,1920.0,3,1,240,1,5,2,49,0,87,0,0,0,3,4,1,0,5,2008,9,4,0,0,1,1,0,81,1040,1.0,136,68500
70,0,50.0,8500,1,2,3,3,0,4,0,9,1,2,0,5,4,4,1920,1950,2,1,3,3,2,0.0,3,1,0,4,4,4,6,0,6,0,649,649,1,4,0,5,649,668,0,1317,0,0,1,0,3,1,4,6,7,0,3,5,1920.0,3,1,250,5,1,0,0,54,172,0,0,0,3,2,1,0,7,2008,9,4,0,1,1,1,0,88,1966,1.0,226,40000
20,4,68.0,8544,1,1,0,3,0,1,0,19,2,2,0,2,5,6,1966,2006,1,1,6,6,2,0.0,3,4,1,4,4,4,6,0,6,0,1228,1228,1,2,1,5,1228,0,0,1228,0,0,1,1,3,1,2,6,7,0,3,1,1966.0,3,1,271,5,5,2,0,65,0,0,0,0,3,2,1,0,6,2008,9,4,0,0,1,1,0,42,2456,1.5,65,149350
20,4,85.0,11049,1,1,3,3,0,0,0,5,2,2,0,2,8,5,2007,2007,1,1,13,14,2,0.0,2,4,2,0,4,0,6,0,6,0,1234,1234,1,0,1,5,1234,0,0,1234,0,0,2,0,3,1,2,7,7,0,3,1,2007.0,2,2,484,5,5,2,0,30,0,0,0,0,3,4,1,0,1,2008,9,4,0,0,1,1,0,1,2468,2.0,30,179900
20,4,70.0,10552,1,1,0,3,0,4,0,12,2,2,0,2,5,5,1959,1959,3,1,3,3,2,0.0,3,4,1,4,4,4,5,1018,6,0,380,1398,1,2,1,5,1700,0,0,1700,0,1,1,1,4,1,2,6,7,1,2,1,1959.0,2,2,447,5,5,2,0,38,0,0,0,0,3,4,1,0,4,2010,9,4,0,0,1,1,1,51,3098,2.0,38,165500
120,4,60.0,7313,1,1,3,3,0,4,0,16,2,2,4,2,9,5,2005,2005,3,1,8,8,1,246.0,0,4,2,0,4,4,2,1153,6,0,408,1561,1,0,1,5,1561,0,0,1561,1,0,2,0,2,1,0,6,7,1,2,1,2005.0,0,2,556,5,5,2,203,47,0,0,0,0,3,4,1,0,8,2007,9,4,0,0,1,1,1,2,3122,3.0,250,277500
60,4,108.0,13418,1,1,3,3,0,4,0,16,2,2,0,5,8,5,2004,2005,1,1,13,14,3,132.0,2,4,2,0,4,0,6,0,6,0,1117,1117,1,0,1,5,1132,1320,0,2452,0,0,3,1,4,1,2,9,7,1,2,3,2004.0,0,3,691,5,5,2,113,32,0,0,0,0,3,4,1,0,9,2006,9,4,0,1,1,1,1,2,3569,3.5,145,309000
20,4,112.0,10859,1,1,3,3,0,0,0,5,2,2,0,2,5,5,1994,1995,1,1,13,14,2,0.0,3,4,2,2,4,4,6,0,6,0,1097,1097,1,0,1,5,1097,0,0,1097,0,0,1,1,3,1,4,6,7,0,3,1,1995.0,3,2,672,5,5,2,392,64,0,0,0,0,3,4,1,0,6,2009,9,4,0,0,1,1,0,15,2194,1.5,456,145000
20,4,74.0,8532,1,1,3,3,0,4,0,12,2,2,0,2,5,6,1954,1990,3,1,14,15,1,650.0,3,4,1,4,4,4,5,1213,6,0,84,1297,1,2,1,5,1297,0,0,1297,0,1,1,0,3,1,4,5,7,1,5,1,1954.0,0,2,498,5,5,2,0,0,0,0,0,0,3,4,1,0,10,2009,9,4,0,0,1,1,1,55,2594,1.5,0,153000
20,4,68.0,7922,1,1,3,3,0,4,0,12,2,2,0,2,5,7,1953,2007,1,1,13,14,2,0.0,3,2,1,4,4,4,2,731,6,0,326,1057,1,4,1,5,1057,0,0,1057,1,0,1,0,3,1,2,5,7,0,3,5,1953.0,3,1,246,5,5,2,0,52,0,0,0,0,3,4,1,0,1,2010,9,0,0,0,1,1,0,57,2114,2.0,52,109000
90,4,65.0,6040,1,1,3,3,0,4,0,7,2,2,2,2,4,5,1955,1955,1,1,0,11,2,0.0,3,4,2,3,2,3,4,0,4,0,0,0,1,4,0,2,1152,0,0,1152,0,0,2,0,2,2,1,6,7,0,3,6,1978.0,1,0,0,3,3,0,0,0,0,0,0,0,3,4,1,0,6,2008,9,1,0,0,0,0,0,53,1152,2.0,0,82000
20,4,84.0,8658,1,1,3,3,0,4,0,12,2,2,0,2,6,5,1965,1965,1,1,14,15,1,101.0,3,4,1,4,4,4,5,643,6,0,445,1088,1,0,1,5,1324,0,0,1324,0,0,2,0,3,1,4,6,7,1,5,1,1965.0,2,2,440,5,5,2,0,138,0,0,0,0,3,1,1,0,12,2006,9,0,0,0,1,1,1,41,2412,2.0,138,160000
20,4,115.0,16905,1,1,3,3,0,4,0,23,2,2,0,2,5,6,1959,1959,1,1,13,14,2,0.0,3,2,1,4,4,1,1,967,6,0,383,1350,1,2,1,5,1328,0,0,1328,0,1,1,1,2,1,4,5,7,2,2,1,1959.0,2,1,308,5,5,1,0,104,0,0,0,0,3,4,1,0,7,2007,9,4,0,0,1,1,1,48,2678,2.0,104,170000
85,4,68.0,9180,1,1,0,3,0,1,0,20,2,2,0,6,5,7,1983,1983,1,1,6,6,2,0.0,3,4,1,2,4,0,0,747,3,93,0,840,1,2,1,5,884,0,0,884,1,0,1,0,2,1,2,5,7,0,3,1,1983.0,2,2,504,5,2,2,240,0,0,0,0,0,3,2,1,0,12,2007,9,4,0,0,1,1,0,24,1724,2.0,240,144000
20,4,68.0,9200,1,1,0,3,0,1,0,5,2,2,0,2,5,6,1975,1980,3,1,13,14,2,0.0,3,4,1,2,4,0,3,280,1,491,167,938,1,4,1,5,938,0,0,938,1,0,1,0,3,1,4,5,7,0,3,5,1977.0,3,1,308,5,5,2,145,0,0,0,0,0,3,2,1,0,7,2008,9,4,0,0,1,1,0,33,1876,2.0,145,130250
20,4,70.0,7945,1,1,3,3,0,4,0,12,2,2,0,2,5,6,1959,1959,1,1,3,15,2,0.0,3,4,1,4,4,4,0,179,1,506,465,1150,1,0,1,0,1150,0,0,1150,1,0,1,0,3,1,4,6,7,0,3,1,1959.0,2,1,300,5,5,2,0,0,0,0,0,0,3,4,1,0,5,2006,9,4,0,0,1,1,0,47,2300,2.0,0,141000
120,4,61.0,7658,1,1,3,3,0,4,0,16,2,2,4,2,9,5,2005,2005,3,1,8,8,1,412.0,0,4,2,0,4,4,2,456,6,0,1296,1752,1,0,1,5,1752,0,0,1752,1,0,2,0,2,1,0,6,7,1,2,1,2005.0,2,2,576,5,5,2,196,82,0,0,0,0,3,4,1,0,2,2010,9,4,0,0,1,1,1,5,3504,3.0,278,319900
50,4,48.0,12822,1,1,0,3,0,1,0,11,2,2,0,0,7,5,2003,2003,1,1,13,14,2,0.0,2,4,2,0,4,4,2,1351,6,0,83,1434,1,0,1,5,1518,631,0,2149,1,0,1,1,1,1,2,6,7,1,0,1,2003.0,2,2,670,5,5,2,168,43,0,0,198,0,3,4,1,0,8,2009,9,0,0,1,1,1,1,6,3583,2.5,409,239686
20,1,84.0,11096,1,1,3,3,0,4,0,21,2,2,0,2,8,5,2006,2006,1,1,13,14,2,0.0,2,4,2,2,4,0,2,24,6,0,1632,1656,1,0,1,5,1656,0,0,1656,0,0,2,0,3,1,2,7,7,0,3,1,2006.0,2,3,826,5,5,2,0,146,0,0,0,0,3,4,1,0,7,2007,9,4,0,0,1,1,0,1,3312,2.0,146,249700
190,5,33.0,4456,1,1,3,3,0,4,0,17,2,2,1,5,4,5,1920,2008,1,1,8,8,2,0.0,3,4,0,4,4,4,6,0,6,0,736,736,1,2,1,5,736,716,0,1452,0,0,2,0,2,3,4,8,7,0,3,6,1978.0,1,0,0,3,3,0,0,0,102,0,0,0,3,4,1,0,6,2009,7,5,0,1,0,1,0,89,2188,2.0,102,113000
20,4,66.0,7742,1,1,3,3,0,4,0,19,2,2,0,2,5,7,1966,1966,1,1,6,6,2,0.0,3,4,1,4,4,4,1,763,6,0,192,955,1,0,1,5,955,0,0,955,1,0,1,0,3,1,4,6,7,0,3,1,1966.0,3,1,386,5,5,2,0,0,0,0,0,0,3,2,1,0,1,2007,9,4,0,0,1,1,0,41,1910,2.0,0,127000
60,4,68.0,13869,1,1,1,3,0,0,0,8,2,2,0,5,6,6,1997,1997,1,1,13,14,2,0.0,3,4,2,2,4,0,2,182,6,0,612,794,1,2,1,5,794,676,0,1470,0,1,2,0,3,1,4,6,7,0,3,1,1997.0,0,2,388,5,5,2,0,75,0,0,0,0,3,4,1,0,7,2007,9,4,0,1,1,1,0,10,2264,2.5,75,177000
50,5,52.0,6240,1,1,3,3,0,4,0,3,2,2,0,0,6,6,1934,1950,1,1,14,15,2,0.0,3,4,2,4,4,4,6,0,6,0,816,816,1,4,1,5,816,0,360,1176,0,0,1,0,3,1,4,6,7,1,2,5,1985.0,3,2,528,5,5,2,112,0,0,0,0,0,3,2,3,400,9,2006,9,4,0,0,1,1,1,72,1632,1.0,112,114500
90,5,110.0,8472,0,1,1,0,0,0,1,9,8,2,2,2,5,5,1963,1963,1,1,14,15,2,0.0,1,4,1,2,4,1,3,104,2,712,0,816,1,4,0,5,816,0,0,816,1,0,1,0,2,1,4,5,7,0,3,4,1963.0,3,2,516,5,5,2,106,0,0,0,0,0,3,4,1,0,5,2010,9,4,0,0,1,1,0,47,1632,2.0,106,110000
80,4,60.0,7134,1,1,3,0,0,4,1,12,2,2,0,7,5,5,1955,1955,1,1,8,8,2,0.0,3,4,1,4,4,4,0,384,6,0,0,384,1,4,1,5,1360,0,0,1360,0,0,1,0,3,1,4,6,2,1,5,5,1962.0,3,2,572,5,5,2,0,50,0,0,0,0,3,2,1,0,2,2007,9,4,0,0,1,1,1,52,1744,1.0,50,130000
20,4,100.0,10175,1,1,0,3,0,4,0,12,2,2,0,2,6,5,1964,1964,1,1,6,11,1,272.0,3,4,1,4,4,4,1,490,6,0,935,1425,1,2,1,5,1425,0,0,1425,0,0,2,0,3,1,4,7,7,1,2,1,1964.0,2,2,576,5,5,2,0,0,0,407,0,0,3,4,1,0,7,2008,9,4,0,0,1,1,1,44,2850,2.0,407,180500
160,1,24.0,2645,1,2,3,3,0,4,0,21,2,2,3,5,8,5,1999,2000,1,1,8,8,1,456.0,2,4,2,2,4,4,2,649,6,0,321,970,1,0,1,5,983,756,0,1739,1,0,2,1,3,1,2,7,7,0,3,1,1999.0,0,2,480,5,5,2,115,0,0,0,0,0,3,4,1,0,8,2009,9,0,0,1,1,1,0,10,2709,3.5,115,172500
60,4,89.0,11645,1,1,0,3,0,0,0,5,2,2,0,5,7,5,2004,2004,1,1,13,14,2,0.0,2,4,2,2,4,4,6,0,6,0,860,860,1,0,1,5,860,860,0,1720,0,0,2,1,3,1,2,7,7,0,3,1,2004.0,2,2,565,5,5,2,0,70,0,0,0,0,3,4,1,0,8,2006,9,4,0,1,1,1,0,2,2580,2.5,70,196500
20,4,60.0,7200,1,1,3,0,0,4,0,5,2,2,0,2,5,7,1972,1972,1,1,6,6,2,0.0,3,4,1,4,4,0,0,632,6,0,148,780,1,0,1,5,780,0,0,780,0,0,1,0,2,1,4,4,7,0,3,5,1973.0,3,1,352,5,5,2,196,0,0,0,0,0,3,2,1,0,1,2008,9,4,0,0,1,1,0,36,1560,1.0,196,124900
20,4,63.0,13072,1,1,3,3,0,4,0,20,5,2,0,2,6,5,2004,2004,1,1,13,14,2,0.0,3,4,2,2,4,4,0,941,6,0,217,1158,1,0,1,5,1158,0,0,1158,1,0,1,1,3,1,2,5,7,0,3,5,2006.0,3,2,576,5,5,2,0,50,0,0,0,0,3,4,1,0,5,2006,7,5,0,0,1,1,0,2,2316,2.5,50,158000
75,5,60.0,7200,1,1,3,3,0,4,0,9,2,2,0,4,5,7,1920,1996,1,1,8,8,2,0.0,3,4,0,4,0,4,6,0,6,0,530,530,1,4,0,5,581,530,0,1111,0,0,1,0,3,1,1,6,7,0,3,5,1935.0,3,1,288,5,5,0,0,0,144,0,0,0,3,4,1,0,3,2007,9,4,0,1,1,1,0,87,1641,1.0,144,101000
120,4,44.0,6442,1,1,0,3,0,4,0,16,2,2,4,2,8,5,2006,2006,1,1,13,14,3,178.0,2,4,2,2,1,2,2,24,6,0,1346,1370,1,0,1,5,1370,0,0,1370,0,0,2,0,2,1,2,6,7,1,2,1,2006.0,2,2,484,5,5,2,120,49,0,0,0,0,3,4,1,0,10,2007,9,4,0,0,1,1,1,1,2740,2.0,169,202500
70,5,50.0,10300,1,1,0,0,0,4,0,17,6,1,0,5,7,6,1921,1950,1,1,12,13,2,0.0,3,4,0,4,4,4,6,0,6,0,576,576,1,2,1,5,902,808,0,1710,0,0,2,0,3,1,4,9,7,0,3,5,1990.0,3,2,480,5,5,2,12,11,64,0,0,0,3,0,1,0,4,2010,9,4,0,1,1,1,0,89,2286,2.0,87,140000
60,4,68.0,9375,1,1,3,3,0,4,0,5,2,2,0,5,7,5,1997,1998,1,1,13,14,1,573.0,3,4,2,2,4,4,2,739,6,0,318,1057,1,0,1,5,1057,977,0,2034,1,0,2,1,3,1,2,8,7,0,3,1,1998.0,2,2,645,5,5,2,576,36,0,0,0,0,3,0,1,0,2,2009,9,4,0,1,1,1,0,12,3091,3.5,612,219500
60,4,76.0,9591,1,1,3,3,0,4,0,16,2,2,0,5,8,5,2004,2005,1,1,13,14,1,344.0,2,4,2,0,4,0,6,0,6,0,1143,1143,1,0,1,5,1143,1330,0,2473,0,0,2,1,4,1,2,9,7,1,2,3,2004.0,2,3,852,5,5,2,192,151,0,0,0,0,3,4,1,0,10,2007,9,4,0,1,1,1,1,3,3616,2.5,343,317000
20,4,68.0,19900,1,1,3,3,0,4,0,12,3,2,0,2,7,5,1970,1989,1,1,10,11,1,287.0,3,4,1,2,4,1,2,912,6,0,1035,1947,1,4,1,5,2207,0,0,2207,1,0,2,0,3,1,4,7,2,1,2,1,1970.0,2,2,576,5,5,2,301,0,0,0,0,0,3,4,1,0,7,2010,9,4,0,0,1,1,1,40,4154,3.0,301,180000
20,4,72.0,10665,1,1,0,3,0,4,0,5,2,2,0,2,7,5,2003,2003,1,1,13,14,1,167.0,2,4,2,2,4,0,2,1013,6,0,440,1453,1,0,1,5,1479,0,0,1479,1,0,2,0,3,1,2,7,7,0,3,1,2003.0,2,2,558,5,5,2,144,29,0,0,0,0,3,4,1,0,6,2007,9,4,0,0,1,1,0,4,2932,3.0,173,226000
30,5,47.0,4608,1,1,3,3,0,0,0,17,0,2,0,2,4,6,1945,1950,1,1,8,8,2,0.0,3,2,1,4,4,4,6,0,6,0,747,747,1,4,1,5,747,0,0,747,0,0,1,0,2,1,4,4,7,0,3,1,1945.0,3,1,220,5,5,2,0,0,0,0,0,0,3,4,1,0,6,2010,9,4,0,0,1,1,0,65,1494,1.0,0,80000
50,4,81.0,15593,1,1,3,3,0,0,0,4,2,2,0,0,7,4,1953,1953,1,1,3,0,2,0.0,2,4,1,4,4,4,1,603,6,0,701,1304,2,4,1,5,1304,983,0,2287,0,0,2,0,3,1,4,7,7,1,5,1,1953.0,0,2,667,5,5,2,0,21,114,0,0,0,3,4,1,0,7,2006,9,4,0,1,1,1,1,53,3591,2.0,135,225000
20,4,95.0,13651,1,1,0,3,0,4,0,12,2,2,0,2,7,6,1973,1973,1,1,10,11,1,1115.0,3,2,1,2,4,1,0,1880,6,0,343,2223,1,0,1,5,2223,0,0,2223,1,0,2,0,3,1,4,8,7,2,2,1,1973.0,0,2,516,5,5,2,300,0,0,0,0,0,3,4,1,0,2,2007,9,4,0,0,1,1,1,34,4446,3.0,300,244000
20,4,69.0,7599,1,1,3,3,0,0,0,11,2,2,0,2,4,6,1982,2006,1,1,6,11,2,0.0,3,4,1,4,4,4,0,565,6,0,280,845,1,4,1,5,845,0,0,845,1,0,1,0,2,1,4,4,7,0,3,5,1987.0,3,2,360,5,5,2,0,0,0,0,0,0,3,4,1,0,6,2007,9,4,0,0,1,1,0,25,1690,2.0,0,129500
60,4,74.0,10141,1,1,0,3,0,0,0,8,2,2,0,5,7,5,1998,1998,1,1,13,14,1,40.0,3,4,2,2,4,4,6,0,6,0,832,832,1,2,1,5,885,833,0,1718,0,0,2,1,3,1,4,7,7,1,5,1,1998.0,0,2,427,5,5,2,0,94,0,0,291,0,3,4,1,0,12,2009,9,4,0,1,1,1,1,11,2550,2.5,385,185000
20,4,85.0,10200,1,1,3,3,0,4,0,12,2,2,0,2,5,7,1954,2003,1,1,14,15,1,104.0,3,4,1,4,4,4,0,320,1,362,404,1086,1,2,1,5,1086,0,0,1086,1,0,1,0,3,1,4,6,7,0,3,1,1989.0,3,2,490,5,5,2,0,0,0,0,0,0,3,1,1,0,5,2010,9,4,0,0,1,1,0,56,2172,2.0,0,144900
50,5,60.0,5790,1,1,3,3,0,0,0,17,2,2,0,5,3,6,1915,1950,2,1,13,14,2,0.0,2,2,1,1,4,4,6,0,6,0,840,840,1,2,0,5,840,765,0,1605,0,0,2,0,3,2,4,8,7,0,3,5,1915.0,3,1,379,5,5,2,0,0,202,0,0,0,3,4,1,0,5,2010,9,4,0,1,1,1,0,95,2445,2.0,202,107400
180,5,21.0,1596,1,1,3,3,0,4,0,10,2,2,3,7,4,5,1973,1973,1,1,5,5,2,0.0,3,4,1,2,4,1,2,462,6,0,0,462,1,4,1,5,526,462,0,988,1,0,1,0,2,1,4,5,7,0,3,3,1973.0,3,1,297,5,5,2,120,101,0,0,0,0,3,1,1,0,11,2009,9,4,0,1,1,1,0,36,1450,2.0,221,91000
20,4,68.0,8475,1,1,0,3,0,4,0,12,2,2,0,2,4,7,1956,1956,1,1,13,14,2,0.0,3,4,1,4,4,4,0,228,6,0,724,952,1,0,1,0,952,0,0,952,0,0,1,0,2,1,4,4,7,0,3,5,1956.0,3,1,283,5,5,2,0,0,0,0,0,0,3,4,1,0,4,2008,9,4,0,0,1,1,0,52,1904,1.0,0,135750
50,5,50.0,8635,1,1,3,3,0,4,0,3,2,2,0,0,5,5,1948,2001,1,1,14,15,2,0.0,3,4,1,4,4,4,1,336,2,41,295,672,1,4,1,5,1072,213,0,1285,1,0,1,0,2,1,4,6,2,0,3,5,1948.0,3,1,240,5,5,2,0,0,0,0,0,0,3,2,1,0,1,2008,9,4,0,1,1,1,0,60,1957,2.0,0,127000
90,4,72.0,10778,1,1,3,3,0,4,0,19,2,2,2,2,4,5,1968,1968,3,1,6,6,2,0.0,3,4,1,4,4,4,6,0,6,0,1768,1768,1,4,0,5,1768,0,0,1768,0,0,2,0,4,2,4,8,7,0,3,6,1978.0,1,0,0,3,3,2,0,0,0,0,0,0,3,4,1,0,4,2010,9,4,0,0,0,1,0,42,3536,2.0,0,136500
50,5,60.0,10440,1,0,3,3,0,0,0,17,2,2,0,5,5,6,1910,1981,1,1,14,15,2,0.0,3,4,2,4,4,4,6,0,6,0,440,440,1,2,1,5,682,548,0,1230,0,0,1,1,2,1,4,5,7,0,3,5,1966.0,3,2,440,5,5,2,74,0,128,0,0,0,3,2,1,0,5,2009,9,4,0,1,1,1,0,99,1670,1.5,202,110000
60,4,100.0,13000,1,1,3,3,0,0,0,12,2,2,0,5,6,6,1968,1968,1,1,13,14,1,576.0,3,2,1,2,4,4,5,448,6,0,448,896,1,4,1,5,1182,960,0,2142,0,0,2,1,4,1,2,8,7,1,2,1,1968.0,0,1,509,5,5,2,0,72,0,0,252,0,3,4,1,0,6,2009,9,4,0,1,1,1,1,41,3038,2.5,324,193500
120,5,32.0,4500,1,1,3,3,0,2,0,11,2,2,4,2,6,5,1998,1998,3,1,13,14,1,443.0,3,2,2,0,1,4,2,1201,6,0,36,1237,1,0,1,5,1337,0,0,1337,1,0,2,0,2,1,4,5,7,0,3,1,1998.0,0,2,405,5,5,2,0,199,0,0,0,0,3,4,1,0,3,2006,9,4,0,0,1,1,0,8,2574,3.0,199,153500
20,4,78.0,10206,1,1,3,3,0,4,0,21,2,2,0,2,8,5,2007,2007,1,1,13,14,3,468.0,3,4,2,2,4,4,2,33,6,0,1530,1563,1,0,1,5,1563,0,0,1563,0,0,2,0,3,1,2,6,7,1,2,1,2007.0,2,3,758,5,5,2,144,99,0,0,0,0,3,4,1,0,10,2008,9,4,0,0,1,1,1,1,3126,2.0,243,245000
20,4,80.0,8892,1,1,0,3,0,4,0,12,2,2,0,2,5,5,1960,1960,1,1,8,8,0,66.0,3,4,1,4,4,4,6,0,6,0,1065,1065,1,2,1,5,1065,0,0,1065,0,0,1,1,3,1,4,6,7,0,3,5,1974.0,3,2,461,5,5,2,74,0,0,0,0,0,3,4,1,0,7,2007,0,4,0,0,1,1,0,47,2130,1.5,74,126500
80,4,68.0,8530,1,1,0,3,0,4,0,8,2,2,0,7,7,5,1995,1996,1,1,6,6,1,22.0,3,4,2,2,4,4,6,0,6,0,384,384,1,2,1,5,804,670,0,1474,0,0,2,1,3,1,4,7,7,1,5,3,1995.0,0,2,400,5,5,2,120,72,0,0,0,0,3,4,3,700,5,2009,9,4,0,1,1,1,1,14,1858,2.5,192,168500
60,4,121.0,16059,1,1,3,3,0,0,0,15,2,2,0,5,8,5,1991,1992,3,1,6,6,1,284.0,2,4,1,2,4,4,6,0,6,0,1288,1288,1,0,1,5,1301,1116,0,2417,0,0,2,1,4,1,2,9,7,1,5,1,1991.0,3,2,462,5,5,2,127,82,0,0,0,0,3,4,1,0,4,2006,9,4,0,1,1,1,1,15,3705,2.5,209,260000
60,4,122.0,11911,1,1,1,3,0,4,0,8,2,2,0,5,6,5,2005,2005,1,1,13,14,2,0.0,2,4,2,2,4,0,6,0,6,0,684,684,1,0,1,5,684,876,0,1560,0,0,2,1,3,1,2,6,7,1,2,3,2005.0,0,2,400,5,5,2,100,38,0,0,0,0,3,4,1,0,3,2009,9,4,0,1,1,1,1,4,2244,2.5,138,174000
160,1,40.0,3951,1,2,3,3,0,0,0,21,2,2,4,5,6,5,2009,2009,1,1,13,14,3,76.0,2,4,2,2,4,0,6,0,6,0,612,612,1,0,1,5,612,612,0,1224,0,0,2,1,2,1,2,4,7,0,3,5,2009.0,2,2,528,5,5,2,0,234,0,0,0,0,3,4,1,0,6,2009,7,5,0,1,1,1,0,0,1836,2.5,234,164500
50,0,105.0,8470,1,1,0,3,0,0,0,9,1,1,0,0,3,2,1915,1982,3,1,10,11,2,0.0,1,1,1,4,0,4,6,0,6,0,1013,1013,1,4,0,5,1013,0,513,1526,0,0,1,0,2,1,1,6,7,0,3,6,1978.0,1,0,0,3,3,0,0,0,156,0,0,0,3,2,1,0,10,2009,3,0,0,0,0,1,0,94,2026,1.0,156,85000
20,4,60.0,8070,1,1,3,3,0,4,0,5,2,2,0,2,4,5,1994,1995,1,1,13,14,2,0.0,3,4,2,2,4,4,2,588,6,0,402,990,1,0,1,5,990,0,0,990,1,0,1,0,3,1,4,5,7,0,3,6,1978.0,1,0,0,3,3,2,0,0,0,0,0,0,3,4,1,0,8,2007,9,4,0,0,0,1,0,13,1980,2.0,0,123600
20,4,60.0,7200,1,1,3,3,0,4,0,12,2,2,0,2,4,5,1950,1950,1,1,3,15,2,0.0,3,4,3,3,2,3,4,0,4,0,0,0,1,4,1,0,1040,0,0,1040,0,0,1,0,2,1,4,4,7,0,3,5,1950.0,3,2,420,5,5,2,0,29,0,0,0,0,3,4,1,0,7,2006,9,4,0,0,1,0,0,56,1040,1.0,29,109900
20,4,85.0,8500,1,1,3,3,0,4,0,12,2,2,0,2,5,3,1961,1961,3,1,6,6,0,203.0,3,4,1,4,4,4,5,600,6,0,635,1235,1,4,1,5,1235,0,0,1235,0,0,1,0,2,1,4,6,7,0,3,1,1961.0,3,2,480,5,5,2,0,0,0,0,0,0,3,1,1,0,12,2006,9,0,0,0,1,1,0,45,2470,1.0,0,98600
30,4,80.0,13360,1,0,0,1,0,4,0,6,2,2,0,2,5,7,1921,2006,1,1,14,15,2,0.0,3,2,0,2,4,4,0,713,6,0,163,876,1,0,1,5,964,0,0,964,1,0,1,0,2,1,4,5,7,0,3,5,1921.0,3,2,432,5,5,2,0,0,44,0,0,0,3,4,1,0,8,2009,9,4,0,0,1,1,0,88,1840,2.0,44,163500
190,0,60.0,7200,1,1,3,3,0,0,0,17,2,2,1,4,6,6,1910,1998,3,1,8,8,2,0.0,3,4,0,4,0,2,5,1046,6,0,168,1214,2,0,0,5,1260,1031,0,2291,0,1,2,0,4,2,4,9,7,1,2,5,1900.0,3,2,506,5,5,2,0,0,0,0,99,0,3,4,1,0,11,2007,9,4,0,1,1,1,1,97,3505,2.5,99,133900
60,4,69.0,9337,1,1,0,3,0,4,0,5,2,2,0,5,6,5,1997,1997,1,1,13,14,2,0.0,3,2,2,2,4,4,2,648,6,0,176,824,1,0,1,5,905,881,0,1786,1,0,2,1,3,1,2,7,7,0,3,1,1997.0,2,2,684,5,5,2,0,162,0,0,0,0,3,4,1,0,5,2007,9,4,0,1,1,1,0,10,2610,3.5,162,204750
60,4,68.0,9765,1,1,1,3,0,0,0,8,2,2,0,5,6,8,1993,1993,1,1,13,14,1,68.0,0,2,2,2,1,4,0,310,6,0,370,680,1,2,1,5,680,790,0,1470,0,0,2,1,3,1,4,6,7,1,5,3,1993.0,0,2,420,5,5,2,232,63,0,0,0,0,3,4,3,480,4,2009,9,4,0,1,1,1,1,16,2150,2.5,295,185000
20,4,78.0,10264,1,1,0,3,0,4,0,5,2,2,0,2,7,5,1999,1999,1,1,13,14,1,183.0,2,4,2,2,4,0,0,1162,6,0,426,1588,1,0,1,5,1588,0,0,1588,0,0,2,0,3,1,2,6,7,0,3,1,1999.0,2,2,472,5,5,2,158,29,0,0,0,0,3,4,1,0,8,2006,9,4,0,0,1,1,0,7,3176,2.0,187,214000
20,4,73.0,10921,1,1,3,1,0,4,0,7,2,2,0,2,4,5,1965,1965,3,1,6,6,1,48.0,3,4,1,4,4,4,5,520,6,0,440,960,1,4,1,1,960,0,0,960,1,0,1,0,3,1,4,6,7,0,3,1,1965.0,0,1,432,5,5,1,120,0,0,0,0,0,3,4,1,0,5,2007,9,4,0,0,1,1,0,42,1920,2.0,120,94750
30,4,85.0,10625,1,1,3,3,0,0,0,7,2,2,0,2,5,5,1920,1950,1,1,14,15,2,0.0,3,4,0,4,4,4,0,108,6,0,350,458,1,1,0,5,835,0,0,835,0,0,1,0,2,1,4,5,7,0,3,2,1920.0,3,1,366,1,5,2,0,0,77,0,0,0,3,4,3,400,5,2010,0,0,0,0,1,1,0,90,1293,1.0,77,83000
20,4,77.0,9320,1,1,0,3,0,4,0,12,2,2,0,2,4,5,1959,1959,1,1,10,11,2,0.0,3,4,1,4,4,4,0,569,6,0,381,950,1,1,1,5,1225,0,0,1225,1,0,1,1,3,1,4,6,7,0,3,6,1978.0,1,0,0,3,3,2,352,0,0,0,0,0,3,4,3,400,1,2010,9,4,0,0,0,1,0,51,2175,2.5,352,128950
20,4,68.0,10603,1,1,0,3,0,4,0,14,2,2,0,2,6,7,1977,2001,1,1,10,11,1,28.0,3,4,2,4,4,2,0,1200,6,0,410,1610,1,2,1,5,1610,0,0,1610,1,0,2,0,3,1,2,6,7,2,5,1,1977.0,2,2,480,5,5,2,168,68,0,0,0,0,3,4,1,0,2,2010,9,4,0,0,1,1,1,33,3220,3.0,236,205000
60,4,77.0,9206,1,1,3,3,0,4,0,20,2,2,0,5,6,5,1985,1985,1,1,6,6,1,336.0,2,4,1,2,4,4,6,0,6,0,741,741,1,4,1,5,977,755,0,1732,0,0,2,1,3,1,2,7,7,1,5,1,1985.0,0,2,476,5,5,2,192,46,0,0,0,0,3,4,1,0,6,2010,9,4,0,1,1,1,1,25,2473,2.5,238,178000
90,4,64.0,7018,1,1,3,0,0,4,0,20,2,2,2,2,5,5,1979,1979,1,1,6,6,2,0.0,3,1,3,3,2,3,4,0,4,0,0,0,1,4,1,5,1535,0,0,1535,0,0,2,0,4,2,4,8,7,0,3,1,1979.0,3,2,410,5,5,2,0,0,0,0,0,0,3,4,1,0,6,2009,9,2,0,0,1,0,0,30,1535,2.0,0,118964
20,4,94.0,10402,1,1,0,3,0,0,0,5,2,2,0,2,7,5,2009,2009,1,1,13,14,2,0.0,3,4,2,2,4,4,6,0,6,0,1226,1226,1,0,1,5,1226,0,0,1226,0,0,2,0,3,1,2,6,7,0,3,1,2009.0,2,3,740,5,5,2,0,36,0,0,0,0,3,4,1,0,5,2010,9,4,0,0,1,1,0,1,2452,2.0,36,198900
50,5,68.0,7758,1,1,3,3,0,0,0,9,2,2,0,0,7,4,1931,1950,1,1,12,13,1,600.0,3,1,2,4,4,4,3,224,6,0,816,1040,1,0,1,1,1226,592,0,1818,0,0,1,1,4,1,4,7,7,2,5,5,1951.0,3,1,240,5,5,2,0,0,0,0,184,0,3,4,1,0,6,2007,9,4,0,1,1,1,1,76,2858,1.5,184,169500
60,1,75.0,9375,1,1,3,3,0,4,0,21,2,2,0,5,8,5,2003,2004,3,1,13,14,1,768.0,2,4,2,0,4,4,6,0,6,0,1053,1053,1,0,1,5,1053,939,0,1992,0,0,2,1,3,1,2,9,7,1,2,1,2003.0,2,2,648,5,5,2,140,45,0,0,0,0,3,4,1,0,8,2008,9,4,0,1,1,1,1,5,3045,2.5,185,250000
30,5,60.0,10800,1,0,3,3,0,4,0,17,2,2,0,2,4,7,1885,1995,4,1,13,14,2,0.0,3,4,0,1,4,4,6,0,6,0,641,641,1,2,1,5,1047,0,0,1047,0,0,1,0,2,1,4,6,7,0,3,5,1954.0,3,1,273,1,1,0,0,0,0,0,0,0,3,4,3,450,8,2007,9,4,0,0,1,1,0,122,1688,1.0,0,100000
20,5,50.0,6000,1,1,3,3,0,4,0,17,2,2,0,2,5,5,1948,1950,1,1,13,14,2,0.0,3,4,1,4,4,4,0,104,1,169,516,789,1,0,1,5,789,0,0,789,0,0,1,0,2,1,4,5,7,0,3,5,1948.0,3,1,250,5,5,2,0,0,0,0,0,0,3,4,1,0,4,2008,9,5,0,0,1,1,0,60,1578,1.0,0,115000
50,5,85.0,8500,1,1,3,3,0,0,0,9,0,2,0,0,5,7,1919,2005,1,1,5,5,2,0.0,3,4,1,4,4,4,6,0,6,0,793,793,2,4,0,1,997,520,0,1517,0,0,2,0,3,1,1,7,7,0,3,6,1978.0,1,0,0,3,3,0,0,0,144,0,0,0,3,4,1,0,8,2007,9,4,0,1,0,1,0,88,2310,2.0,144,115000
20,4,105.0,11751,1,1,0,3,0,4,0,14,2,2,0,2,6,6,1977,1977,3,1,10,11,1,480.0,3,4,1,2,4,4,1,705,6,0,1139,1844,1,0,1,5,1844,0,0,1844,0,0,2,0,3,1,4,7,7,1,5,1,1977.0,2,2,546,5,5,2,0,122,0,0,0,0,3,2,1,0,1,2010,0,4,0,0,1,1,1,33,3688,2.0,122,190000
50,4,75.0,9525,1,1,3,3,0,4,0,7,2,2,0,0,6,4,1954,1972,1,1,14,15,2,0.0,3,4,1,4,0,4,5,444,6,0,550,994,1,2,1,5,1216,639,0,1855,0,0,2,0,4,1,4,7,7,0,3,1,1954.0,3,1,325,5,5,2,182,0,0,0,0,0,3,4,1,0,10,2006,9,4,0,1,1,1,0,52,2849,2.0,182,136900
80,4,68.0,7750,1,1,0,3,0,4,0,8,2,2,0,7,7,5,2000,2000,1,1,13,14,2,0.0,3,4,2,2,4,4,2,250,6,0,134,384,1,0,1,5,774,656,0,1430,0,0,2,1,3,1,4,7,7,1,5,3,2000.0,0,2,400,5,5,2,180,0,0,0,0,0,3,4,1,0,4,2010,9,4,0,1,1,1,1,10,1814,2.5,180,180000
20,4,68.0,21000,1,1,3,0,0,0,0,6,2,2,0,2,6,5,1953,1953,3,1,14,15,1,184.0,3,2,1,2,4,2,0,35,5,869,905,1809,1,4,1,5,2259,0,0,2259,1,0,2,0,3,1,2,7,7,2,2,2,1953.0,3,2,450,5,5,2,166,120,192,0,0,0,3,2,1,0,10,2007,0,0,0,0,1,1,1,54,4068,3.0,478,217000
70,4,61.0,7259,1,1,0,3,0,4,1,6,2,2,0,5,6,8,1945,2002,2,1,14,15,2,0.0,3,4,1,4,4,4,0,774,3,150,104,1028,1,0,1,5,1436,884,0,2320,1,0,2,1,3,1,2,9,7,1,5,5,1945.0,3,1,180,5,5,2,224,0,0,0,0,0,3,2,1,0,7,2007,9,4,0,1,1,1,1,62,3348,3.5,224,259500
160,1,34.0,3230,1,2,3,3,0,0,0,21,2,2,4,5,6,5,1999,1999,1,1,8,8,1,1129.0,3,4,2,2,4,4,2,419,6,0,310,729,1,2,1,5,729,729,0,1458,0,0,2,1,2,1,4,5,7,1,1,5,1999.0,3,2,440,5,5,2,0,32,0,0,0,0,3,4,1,0,6,2007,9,4,0,1,1,1,1,8,2187,2.5,32,176000
20,4,68.0,11616,1,1,3,3,0,4,0,19,2,2,0,2,5,5,1962,1962,1,1,14,15,1,116.0,3,4,1,4,4,4,3,170,1,670,252,1092,1,4,1,5,1092,0,0,1092,0,1,1,0,3,1,4,6,7,1,4,1,1962.0,3,1,288,5,5,2,0,20,144,0,0,0,3,4,1,0,9,2009,9,4,0,0,1,1,1,47,2184,1.5,164,139000
20,4,74.0,8536,1,1,3,3,0,0,0,7,2,2,0,2,5,5,2006,2007,1,1,13,14,2,0.0,3,4,2,2,4,4,6,0,6,0,1125,1125,1,2,1,5,1125,0,0,1125,0,0,1,1,2,1,4,5,7,0,3,1,2007.0,3,2,430,5,5,2,80,64,0,0,0,0,3,4,1,0,4,2007,7,5,0,0,1,1,0,1,2250,1.5,144,155000
60,4,90.0,12376,1,1,3,3,0,0,0,20,2,2,0,5,7,5,1990,1990,3,1,10,11,2,0.0,3,4,2,2,4,2,2,1470,6,0,203,1673,1,2,1,5,1699,1523,0,3222,1,0,3,0,5,1,2,11,7,2,5,1,1990.0,3,3,594,5,5,2,367,0,0,0,0,0,3,4,1,0,5,2010,9,4,0,1,1,1,1,20,4895,4.0,367,320000
60,4,65.0,8461,1,1,3,3,0,4,0,5,2,2,0,5,6,5,2005,2006,1,1,13,14,2,0.0,2,4,2,2,4,4,6,0,6,0,728,728,1,0,1,5,728,728,0,1456,0,0,2,1,3,1,2,8,7,1,2,1,2005.0,0,2,390,5,5,2,0,24,0,0,0,0,3,4,1,0,7,2006,7,5,0,1,1,1,1,1,2184,2.5,24,163990
80,4,68.0,21453,1,1,0,2,0,1,2,4,2,2,0,7,6,5,1969,1969,0,3,10,11,2,0.0,3,4,1,4,4,1,0,938,6,0,0,938,1,0,1,5,988,0,0,988,1,0,1,0,1,1,4,4,7,2,5,1,1969.0,3,2,540,5,5,2,0,130,0,130,0,0,3,4,1,0,10,2006,9,4,0,0,1,1,1,37,1926,2.0,260,180000
50,5,50.0,6060,1,1,3,3,0,4,0,9,2,2,0,0,4,5,1939,1950,1,1,0,0,2,0.0,3,4,2,4,4,4,6,0,6,0,732,732,1,2,1,5,772,351,0,1123,0,0,1,0,3,1,4,4,7,0,3,5,1979.0,3,1,264,5,5,1,0,0,140,0,0,0,3,2,1,0,6,2007,9,4,0,1,1,1,0,68,1855,1.0,140,100000
20,4,75.0,9464,1,1,3,3,0,0,0,12,2,2,0,2,6,7,1958,1958,3,1,8,8,1,135.0,3,2,1,4,4,4,1,570,6,0,510,1080,1,2,1,5,1080,0,0,1080,0,0,1,0,3,1,4,5,7,0,3,1,1958.0,3,1,288,5,5,2,0,0,0,0,130,0,3,4,1,0,6,2008,9,4,0,0,1,1,0,50,2160,1.0,130,136000
120,4,55.0,7892,1,1,3,3,0,4,0,20,2,2,4,2,6,5,1993,1993,1,1,10,11,2,0.0,2,4,2,2,4,4,2,300,6,0,899,1199,1,0,1,5,1199,0,0,1199,0,0,2,0,2,1,2,5,7,0,3,1,1993.0,2,2,530,5,5,2,0,63,0,0,0,0,3,4,1,0,3,2008,9,4,0,0,1,1,0,15,2398,2.0,63,153900
20,4,48.0,17043,1,1,0,3,0,1,0,14,2,2,0,2,6,5,1979,1998,1,1,6,6,2,0.0,3,2,1,2,0,4,6,0,6,0,1362,1362,1,4,1,5,1586,0,0,1586,0,0,2,0,3,1,4,7,7,1,5,1,1979.0,3,2,435,5,5,2,192,0,0,0,0,0,3,4,1,0,1,2009,9,4,0,0,1,1,1,30,2948,2.0,192,181000
190,5,60.0,6780,1,1,3,3,0,4,0,9,2,2,1,0,6,8,1935,1982,1,1,14,15,2,0.0,3,1,1,4,4,0,2,490,6,0,30,520,1,2,0,5,520,0,234,754,1,0,1,0,2,1,4,5,7,0,3,6,1978.0,1,0,0,3,3,0,53,0,0,0,0,0,3,4,1,0,6,2006,9,4,0,0,0,1,0,71,1040,2.0,53,84500
120,4,68.0,4928,1,1,0,3,0,4,0,13,2,2,4,2,6,5,1976,1976,1,1,10,11,2,0.0,3,4,1,2,4,4,0,120,6,0,958,1078,1,4,1,5,958,0,0,958,0,0,2,0,2,1,4,5,7,1,5,1,1977.0,2,2,440,5,5,2,0,205,0,0,0,0,3,4,1,0,2,2007,9,4,0,0,1,1,1,31,2036,2.0,205,128000
45,5,55.0,4388,1,1,0,0,0,4,0,17,1,2,0,1,5,7,1930,1950,1,1,15,15,2,0.0,3,2,0,4,4,4,3,116,6,0,556,672,1,0,1,5,840,0,0,840,0,0,1,0,3,1,4,5,7,1,5,6,1978.0,1,0,0,3,3,0,0,0,0,0,0,0,3,4,1,0,6,2007,9,4,0,0,0,1,1,77,1512,1.0,0,87000
60,4,69.0,7590,1,1,3,3,0,4,0,12,4,2,0,5,6,5,1966,1966,1,1,13,14,1,266.0,3,4,1,4,4,4,1,512,6,0,148,660,1,4,1,5,660,688,0,1348,0,0,1,1,3,1,4,6,7,1,1,1,1966.0,2,2,453,5,5,2,188,108,0,0,0,0,3,4,1,0,7,2006,9,4,0,1,1,1,1,40,2008,1.5,296,155000
20,4,69.0,8973,1,1,3,3,0,4,0,12,2,2,0,2,5,7,1958,1991,1,1,10,11,1,85.0,3,4,1,4,4,4,5,567,1,28,413,1008,1,4,1,0,1053,0,0,1053,0,1,1,1,3,1,0,6,7,0,3,0,1998.0,2,2,750,5,5,2,0,80,0,180,0,0,3,3,1,0,7,2006,9,0,0,0,1,1,0,48,2061,2.0,260,150000
60,4,88.0,14200,1,1,3,3,0,0,0,12,2,2,0,5,7,6,1966,1966,1,1,8,8,1,309.0,3,4,1,4,4,4,5,445,6,0,479,924,1,0,1,5,1216,941,0,2157,0,0,2,1,4,1,2,8,7,2,2,1,1966.0,0,2,487,5,5,2,105,66,0,0,0,0,3,0,1,0,5,2006,9,4,0,1,1,1,1,40,3081,2.5,171,226000
60,4,68.0,12224,1,1,0,3,0,0,0,8,2,2,0,5,6,5,2000,2000,1,1,13,14,1,40.0,2,4,2,2,4,4,2,695,6,0,297,992,1,0,1,5,1022,1032,0,2054,1,0,2,1,3,1,2,7,7,1,5,3,2000.0,2,2,390,5,5,2,24,48,0,0,0,0,3,4,1,0,7,2009,9,4,0,1,1,1,1,9,3046,3.5,72,244000
20,4,75.0,7388,1,1,3,3,0,0,0,12,2,2,0,2,5,6,1959,2002,1,1,8,8,2,0.0,3,4,1,4,4,4,5,405,6,0,658,1063,1,2,1,5,1327,0,0,1327,1,0,1,0,3,1,2,7,7,0,3,5,1974.0,3,2,624,5,5,2,0,0,0,0,0,0,3,4,1,0,7,2007,9,4,0,0,1,1,0,48,2390,2.0,0,150750
20,4,68.0,6853,1,1,0,3,0,4,0,23,2,2,0,2,8,5,2001,2002,1,1,13,14,1,136.0,2,4,2,0,4,4,2,1005,6,0,262,1267,1,0,1,5,1296,0,0,1296,1,0,2,0,2,1,2,6,7,0,3,1,2001.0,0,2,471,5,5,2,192,25,0,0,0,0,3,4,1,0,6,2009,9,4,0,0,1,1,0,8,2563,3.0,217,220000
20,4,78.0,10335,1,1,0,3,0,4,0,19,2,2,0,2,5,6,1968,1993,1,1,10,11,2,0.0,3,4,1,4,4,4,5,570,6,0,891,1461,1,2,1,5,1721,0,0,1721,0,0,2,1,3,1,4,7,2,1,5,1,1968.0,2,2,440,5,5,2,0,96,180,0,0,0,3,2,1,0,7,2006,9,4,0,0,1,1,1,38,3182,2.5,276,180000
20,4,80.0,10400,1,1,3,3,0,4,0,14,2,2,0,2,7,6,1970,1970,3,1,10,11,1,288.0,3,4,2,4,4,4,6,0,6,0,1304,1304,1,2,1,5,1682,0,0,1682,0,0,2,0,3,1,4,7,7,1,2,1,1970.0,3,2,530,5,5,2,98,0,0,0,0,0,3,2,1,0,5,2008,9,4,0,0,1,1,1,38,2986,2.0,98,174000
20,4,68.0,10355,1,1,0,3,0,0,0,12,2,2,0,2,5,5,1967,1967,1,1,8,8,1,196.0,3,4,1,4,4,4,1,695,6,0,519,1214,1,4,1,5,1214,0,0,1214,0,0,2,0,3,1,4,5,7,1,1,1,1967.0,2,1,318,5,5,2,0,111,0,0,0,0,3,4,1,0,7,2007,9,4,0,0,1,1,1,40,2428,2.0,111,143000
90,4,82.0,11070,1,1,3,3,0,4,0,11,2,2,2,2,7,5,1988,1989,1,1,13,14,1,70.0,3,4,1,4,4,4,6,0,6,0,1907,1907,1,2,1,5,1959,0,0,1959,0,0,3,0,5,2,4,9,7,0,3,0,1989.0,3,3,766,5,5,2,0,0,0,0,0,0,3,4,1,0,7,2006,9,3,0,0,1,1,0,18,3866,3.0,0,171000
60,4,73.0,9066,1,1,0,3,0,4,0,5,2,2,0,5,8,5,1999,2000,1,1,13,14,1,320.0,2,4,2,2,4,2,2,668,6,0,336,1004,1,0,1,5,1004,848,0,1852,0,0,2,1,3,1,2,7,7,2,5,1,1999.0,0,3,660,5,5,2,224,106,0,0,0,0,3,0,1,0,12,2008,9,4,0,1,1,1,1,9,2856,2.5,330,230000
60,4,65.0,15426,1,1,0,3,0,4,0,5,2,2,0,5,6,5,1997,1997,1,1,13,14,2,0.0,3,4,2,2,4,4,2,821,6,0,107,928,1,0,1,5,928,836,0,1764,1,0,2,1,3,1,2,7,7,0,3,1,1997.0,2,2,470,5,5,2,276,99,0,0,0,0,3,2,1,0,8,2009,9,4,0,1,1,1,0,12,2692,3.5,375,231500
20,4,70.0,10500,1,1,3,3,0,2,0,12,2,2,0,2,4,5,1971,1971,1,1,6,6,2,0.0,3,4,1,4,4,4,0,432,6,0,432,864,1,4,1,5,864,0,0,864,0,0,1,0,3,1,4,5,7,1,4,6,1978.0,1,0,0,3,3,2,0,0,0,0,0,0,3,4,1,0,4,2010,4,4,0,0,0,1,1,39,1728,1.0,0,115000
20,4,78.0,11645,1,1,3,3,0,4,0,5,2,2,0,2,7,5,2005,2005,1,1,13,14,2,0.0,2,4,2,2,4,0,2,1300,6,0,434,1734,1,0,1,5,1734,0,0,1734,1,0,2,0,3,1,2,7,7,0,3,1,2005.0,0,2,660,5,5,2,160,24,0,0,0,0,3,4,1,0,1,2006,9,4,0,0,1,1,0,1,3468,3.0,184,260000
50,4,71.0,8520,1,1,3,3,0,0,0,12,0,2,0,0,5,4,1952,1952,1,1,3,15,2,0.0,3,1,1,4,4,4,5,507,6,0,403,910,1,1,1,5,910,475,0,1385,0,0,2,0,4,1,4,6,7,0,3,5,2000.0,3,2,720,5,5,2,0,0,0,0,0,0,3,2,1,0,6,2010,9,4,0,1,1,1,0,58,2295,2.0,0,166000
20,4,78.0,10335,1,1,0,3,0,4,0,5,2,2,0,2,7,5,1999,1999,1,1,13,14,1,183.0,2,4,2,2,4,1,2,679,6,0,811,1490,1,0,1,5,1501,0,0,1501,1,0,2,0,3,1,2,6,7,0,3,1,1999.0,2,2,577,5,5,2,144,29,0,0,0,0,3,4,1,0,6,2009,9,4,0,0,1,1,0,10,2991,3.0,173,204000
90,5,70.0,9100,1,1,3,3,0,4,0,19,5,2,2,2,5,5,1963,1963,1,1,6,6,1,336.0,3,4,1,4,4,4,5,1332,6,0,396,1728,1,4,1,5,1728,0,0,1728,1,0,2,0,6,2,4,10,7,0,3,5,1963.0,3,2,504,5,5,2,0,0,0,0,0,0,3,4,1,0,11,2006,4,0,0,0,1,1,0,43,3456,3.0,0,125000
160,5,24.0,2522,1,1,3,3,0,4,0,7,2,2,3,5,6,5,2004,2006,1,1,13,14,3,50.0,2,4,2,2,4,4,6,0,6,0,970,970,1,0,1,5,970,739,0,1709,0,0,2,0,3,1,2,7,0,0,3,5,2004.0,3,2,380,5,5,2,0,40,0,0,0,0,3,4,1,0,4,2006,9,4,0,1,1,1,0,2,2679,2.0,40,130000
30,5,51.0,6120,1,1,3,3,0,0,0,3,2,2,0,2,5,7,1931,1993,1,1,14,15,2,0.0,3,4,0,4,4,4,1,209,6,0,506,715,1,4,1,0,875,0,0,875,1,0,1,0,2,1,4,5,7,0,3,5,1931.0,3,1,180,1,5,2,48,0,0,0,0,0,3,4,1,0,11,2009,9,4,0,0,1,1,0,78,1590,2.0,48,105000
60,4,68.0,9505,1,1,0,3,0,1,0,8,2,2,0,5,7,5,2001,2001,1,1,13,14,1,180.0,2,4,2,2,4,4,6,0,6,0,884,884,1,0,1,5,884,1151,0,2035,0,0,2,1,3,1,2,8,7,1,2,3,2001.0,0,2,434,5,5,2,144,48,0,0,0,0,3,4,1,0,5,2010,9,4,0,1,1,1,1,9,2919,2.5,192,222500
20,4,63.0,7500,1,1,3,3,0,4,0,20,2,2,0,2,7,5,2004,2005,1,1,13,14,1,120.0,3,4,2,2,4,4,2,680,6,0,400,1080,1,0,1,5,1080,0,0,1080,1,0,1,0,3,1,2,6,7,0,3,6,1978.0,1,0,0,3,3,2,0,0,0,0,0,0,3,4,1,0,4,2008,9,4,0,0,0,1,0,4,2160,2.0,0,141000
50,5,68.0,6240,1,1,3,3,0,4,0,3,2,2,0,0,5,4,1936,1950,1,1,8,8,2,0.0,3,4,0,2,4,4,6,0,6,0,896,896,1,2,1,0,896,448,0,1344,0,0,1,0,3,1,4,7,7,0,3,5,1936.0,3,1,240,1,5,2,200,114,0,0,0,0,3,4,1,0,4,2006,9,4,0,1,1,1,0,70,2240,1.0,314,115000
20,4,120.0,10356,1,1,3,3,0,0,0,5,2,2,0,2,5,6,1975,1975,1,1,6,6,2,0.0,3,4,1,4,4,0,1,716,6,0,253,969,1,4,1,5,969,0,0,969,0,0,1,1,3,1,4,5,7,0,3,1,1975.0,3,2,440,5,5,2,0,0,0,0,0,0,3,2,1,0,1,2007,9,4,0,0,1,1,0,32,1938,1.5,0,122000
60,4,68.0,14803,1,1,0,3,0,1,0,14,2,2,0,5,6,5,1971,1971,1,1,6,6,1,252.0,3,4,1,4,4,4,5,416,6,0,409,825,1,2,1,5,1097,896,0,1993,0,0,2,1,4,1,4,8,7,1,2,1,1971.0,2,2,495,5,5,2,0,66,0,0,0,0,3,1,1,0,6,2006,9,4,0,1,1,1,1,35,2818,2.5,66,190000
20,4,68.0,13500,1,1,3,3,0,4,0,4,2,2,0,2,6,7,1960,1975,0,1,3,11,2,0.0,3,4,1,2,4,1,1,429,0,1080,93,1602,1,2,1,5,1252,0,0,1252,1,0,1,0,1,1,4,4,7,1,2,1,1960.0,2,2,564,5,5,2,409,0,0,0,0,0,3,4,1,0,3,2008,9,4,0,0,1,1,1,48,2854,2.0,409,235000
30,5,84.0,11340,1,1,3,3,0,0,0,17,2,2,0,2,6,5,1923,1950,1,1,14,15,2,0.0,3,4,0,4,4,4,6,0,6,0,1200,1200,1,4,1,0,1200,0,0,1200,0,0,1,0,4,1,4,7,7,0,3,5,1923.0,3,1,312,1,1,2,0,0,228,0,0,0,3,4,1,0,3,2006,9,3,0,0,1,1,0,83,2400,1.0,228,125000
50,4,60.0,9600,1,1,3,3,0,0,0,7,0,2,0,0,6,5,1924,1950,1,1,14,15,2,0.0,3,4,0,4,4,4,6,0,6,0,572,572,3,1,0,1,572,524,0,1096,0,0,1,0,2,1,4,5,7,0,3,6,1978.0,1,0,0,3,3,0,0,8,128,0,0,0,3,4,1,0,4,2008,9,4,0,1,0,1,0,84,1668,1.0,136,79000
20,4,60.0,7200,1,1,3,3,0,4,0,12,2,2,0,2,5,7,1950,1950,3,1,14,15,2,0.0,3,4,1,3,2,3,4,0,4,0,0,0,1,4,1,1,1040,0,0,1040,0,0,1,0,2,1,4,5,7,0,3,5,1950.0,3,2,625,5,5,2,0,0,0,0,0,0,3,4,1,0,6,2006,9,4,0,0,1,0,0,56,1040,1.0,0,109500
60,4,92.0,12003,1,1,3,3,0,0,0,23,2,2,0,5,8,5,2009,2010,1,1,13,14,1,84.0,2,4,2,0,4,4,6,0,6,0,774,774,1,0,1,5,774,1194,0,1968,0,0,2,1,4,1,0,8,7,1,2,3,2009.0,0,3,680,5,5,2,0,75,0,0,0,0,3,4,1,0,5,2010,7,5,0,1,1,1,1,1,2742,2.5,75,269500
60,1,100.0,12552,1,1,3,3,0,0,0,21,2,2,0,5,7,5,2004,2005,1,1,13,14,2,0.0,2,4,2,2,4,4,2,222,6,0,769,991,1,0,1,5,991,956,0,1947,0,0,2,1,3,1,2,8,7,1,2,1,2004.0,2,2,678,5,5,2,0,136,0,0,0,0,3,1,1,0,5,2010,9,4,0,1,1,1,1,6,2938,2.5,136,254900
60,4,134.0,19378,1,1,0,1,0,0,0,8,2,2,0,5,7,5,2005,2006,1,1,13,14,1,456.0,2,4,2,2,4,2,2,57,6,0,1335,1392,1,0,1,5,1392,1070,0,2462,1,0,2,1,4,1,2,9,7,1,2,1,2006.0,2,2,576,5,5,2,239,132,0,168,0,0,3,4,1,0,3,2006,7,5,0,1,1,1,1,1,3854,3.5,539,320000
20,4,68.0,11120,1,1,0,3,0,1,0,24,2,2,0,2,6,6,1984,1984,1,1,10,11,2,0.0,3,4,2,2,4,4,1,660,6,0,572,1232,1,4,1,5,1232,0,0,1232,0,0,2,0,3,1,4,6,7,0,3,1,1984.0,3,2,516,5,5,2,0,0,0,0,0,0,3,4,1,0,6,2008,9,4,0,0,1,1,0,24,2464,2.0,0,162500
20,4,95.0,12182,1,1,3,3,0,0,0,16,2,2,0,2,7,5,2005,2005,1,1,13,14,1,226.0,2,4,2,2,4,2,1,1201,6,0,340,1541,1,0,1,5,1541,0,0,1541,0,0,2,0,3,1,2,7,7,1,2,1,2005.0,2,2,532,5,5,2,0,70,0,0,0,0,3,4,1,0,5,2010,7,5,0,0,1,1,1,5,3082,2.0,70,220000
45,4,55.0,5500,1,1,3,3,0,4,0,17,2,2,0,1,4,6,1956,1956,1,1,8,8,2,0.0,3,4,1,4,4,4,6,0,6,0,882,882,1,0,1,5,882,0,0,882,0,0,1,0,1,1,4,4,7,0,3,6,1978.0,1,0,0,3,3,2,0,0,0,0,0,0,3,2,1,0,4,2007,9,4,0,0,0,1,0,51,1764,1.0,0,103200
40,5,40.0,5400,1,2,3,3,0,0,0,17,2,2,0,2,6,7,1926,2004,1,1,8,8,2,0.0,3,2,0,4,4,2,3,370,6,0,779,1149,1,2,1,0,1149,467,0,1616,0,0,2,0,3,1,2,5,7,0,3,5,1926.0,3,1,216,5,5,2,0,0,183,0,0,0,3,4,1,0,10,2007,9,4,0,1,1,1,0,81,2765,2.0,183,152000
190,4,62.0,10106,1,1,3,3,0,4,0,7,2,2,1,0,5,7,1940,1999,1,1,14,15,2,0.0,3,2,0,4,4,4,0,351,5,181,112,644,1,2,1,5,808,547,0,1355,1,0,2,0,4,2,4,6,7,0,3,6,1978.0,1,0,0,3,3,2,140,0,0,0,0,0,3,4,1,0,9,2008,9,4,0,1,0,1,0,68,1999,3.0,140,127500
20,4,68.0,10708,1,1,0,3,0,4,0,4,2,2,0,2,5,5,1955,1993,3,1,14,15,2,0.0,2,4,1,4,4,4,3,379,1,768,470,1617,1,0,1,0,1867,0,0,1867,1,0,1,0,2,1,4,7,7,3,2,1,1955.0,0,1,303,5,5,2,476,0,0,0,142,0,3,1,1,0,11,2009,0,4,0,0,1,1,1,54,3484,2.0,618,190000
60,4,86.0,10562,1,1,3,3,0,4,0,16,2,2,0,5,8,5,2007,2007,1,1,13,14,3,300.0,2,4,2,0,4,4,2,1288,6,0,294,1582,1,0,1,5,1610,551,0,2161,1,0,1,1,3,1,0,8,7,1,2,1,2007.0,0,3,789,5,5,2,178,120,0,0,0,0,3,4,1,0,11,2007,7,5,0,1,1,1,1,0,3743,2.5,298,325624
60,4,62.0,8244,1,1,0,3,0,4,0,8,2,2,0,5,7,5,2004,2004,1,1,13,14,2,0.0,2,4,2,2,4,4,6,0,6,0,840,840,1,0,1,5,840,880,0,1720,0,0,2,1,3,1,2,7,7,1,2,1,2004.0,0,2,440,5,5,2,100,48,0,0,0,0,3,4,1,0,5,2007,9,4,0,1,1,1,1,3,2560,2.5,148,183500
20,4,68.0,16669,1,1,0,3,0,0,0,23,2,2,0,2,8,6,1981,1981,3,6,10,11,1,653.0,2,4,1,2,4,4,6,0,6,0,1686,1686,1,4,1,5,1707,0,0,1707,0,0,2,1,2,1,4,6,7,1,5,1,1981.0,2,2,511,5,5,2,574,64,0,0,0,0,3,4,1,0,1,2006,9,4,0,0,1,1,1,25,3393,2.5,638,228000
50,5,68.0,12358,1,1,0,3,0,4,0,17,1,2,0,0,5,6,1941,1950,1,1,8,8,2,0.0,3,4,1,4,4,4,5,360,6,0,360,720,1,4,1,5,854,0,528,1382,0,0,1,1,2,1,4,7,7,0,3,5,1991.0,3,2,660,5,5,2,237,0,0,0,0,0,3,4,1,0,5,2007,9,4,0,0,1,1,0,66,1574,1.5,237,128500
20,4,141.0,31770,1,1,0,3,0,0,0,12,2,2,0,2,6,5,1960,1960,3,1,3,11,3,112.0,3,4,1,4,1,1,1,639,6,0,441,1080,1,1,1,5,1656,0,0,1656,1,0,1,0,3,1,4,7,7,2,2,1,1960.0,0,2,528,5,5,1,210,62,0,0,0,0,3,4,1,0,5,2010,9,4,0,0,1,1,1,50,2736,2.0,272,215000
160,4,44.0,5306,1,1,0,3,0,4,0,22,2,2,4,5,7,7,1987,1987,1,1,6,6,2,0.0,2,2,2,2,1,4,2,495,5,215,354,1064,1,2,1,5,1064,703,0,1767,1,0,2,0,2,1,2,5,7,1,5,1,1987.0,2,2,504,2,5,2,441,35,0,0,0,0,3,4,1,0,6,2006,9,4,0,1,1,1,1,19,2831,3.0,476,239000
20,4,80.0,10197,1,1,0,3,0,4,0,12,2,2,0,2,6,5,1961,1961,1,1,15,16,0,491.0,3,4,1,4,4,4,0,288,5,374,700,1362,1,4,1,5,1362,0,0,1362,1,0,1,1,3,1,4,6,7,1,5,1,1961.0,3,2,504,5,5,2,0,20,0,0,0,0,3,4,1,0,6,2008,0,4,0,0,1,1,1,47,2724,2.5,20,163000
20,4,47.0,12416,1,1,0,3,0,4,0,23,2,2,0,2,6,5,1986,1986,1,1,13,11,3,132.0,3,4,1,2,0,4,0,1398,3,208,0,1606,1,4,1,5,1651,0,0,1651,1,0,2,0,3,1,4,7,3,1,5,1,1986.0,0,2,616,5,5,2,192,0,0,0,0,0,3,4,1,0,11,2008,9,4,0,0,1,1,1,22,3257,3.0,192,184000
20,4,84.0,12615,1,1,3,3,0,0,0,7,2,2,0,2,6,7,1950,2001,1,1,15,16,2,0.0,3,4,1,4,1,0,0,477,6,0,725,1202,1,4,1,5,2158,0,0,2158,1,0,2,0,4,1,2,7,7,1,2,1,1950.0,3,2,576,5,5,2,0,29,39,0,0,0,3,2,1,0,6,2007,9,4,0,0,1,1,1,57,3360,3.0,68,243000
60,4,97.0,10029,1,1,0,3,0,0,0,4,2,2,0,5,6,5,1988,1989,1,1,10,11,1,268.0,2,4,2,2,4,4,2,831,6,0,320,1151,1,4,1,5,1164,896,0,2060,0,1,2,1,4,1,4,8,7,1,5,1,1988.0,3,2,521,5,5,2,0,228,0,0,192,0,3,4,1,0,9,2007,9,4,0,1,1,1,1,19,3211,3.0,420,211000
50,4,68.0,13650,1,1,3,3,0,4,0,19,2,2,0,0,5,5,1958,1958,1,1,8,8,2,0.0,2,2,1,4,4,4,0,57,1,441,554,1052,1,0,1,5,1252,668,0,1920,1,0,2,0,4,1,2,8,7,1,2,1,1958.0,3,2,451,5,5,2,0,0,0,0,0,0,3,4,1,0,7,2006,9,4,0,1,1,1,1,48,2972,3.0,0,172500
30,5,60.0,8520,1,1,3,3,0,4,0,17,2,2,0,2,5,6,1923,2006,1,1,14,15,2,0.0,2,4,1,4,4,4,6,0,6,0,968,968,1,4,1,5,968,0,0,968,0,0,1,0,2,1,4,5,7,0,3,5,1935.0,3,2,480,1,5,0,0,0,184,0,0,0,3,4,1,0,7,2007,9,4,0,0,1,1,0,84,1936,1.0,184,100000
160,1,68.0,2117,1,1,3,3,0,4,0,21,2,2,3,5,6,5,2000,2000,1,1,8,8,1,456.0,2,4,2,2,4,4,2,436,6,0,320,756,1,0,1,5,769,756,0,1525,0,0,2,1,3,1,2,5,7,1,5,5,2000.0,3,2,440,5,5,2,0,0,0,0,0,0,3,4,1,0,6,2007,9,4,0,1,1,1,1,7,2281,2.5,0,177000
70,4,54.0,7588,1,1,3,3,0,4,0,6,2,2,0,5,7,6,1920,1950,1,1,12,13,2,0.0,3,4,0,1,4,4,3,352,6,0,441,793,1,2,1,5,901,901,0,1802,0,0,1,1,4,1,4,9,7,1,2,5,1920.0,3,1,216,1,5,2,0,0,40,0,0,0,3,4,1,0,7,2006,9,4,0,1,1,1,1,86,2595,1.5,40,200100
20,4,60.0,9060,1,1,3,3,0,4,0,7,0,2,0,2,5,6,1957,2006,3,1,14,15,1,98.0,3,4,2,3,2,3,4,0,4,0,0,0,1,0,1,5,1340,0,0,1340,0,0,1,0,3,1,4,7,7,1,2,1,1957.0,2,1,252,5,5,2,116,0,0,180,0,0,3,2,1,0,6,2007,9,4,0,0,1,0,1,50,1340,1.0,296,120000
50,5,63.0,11426,1,1,3,3,0,4,0,17,2,2,0,0,7,5,2003,2003,1,1,13,14,2,0.0,3,4,2,2,4,4,6,0,6,0,1362,1362,1,0,1,5,1362,720,0,2082,0,0,2,1,3,1,2,6,4,0,3,5,2003.0,3,2,484,5,5,0,280,238,0,0,0,0,3,4,1,0,6,2008,9,4,0,1,1,1,0,5,3444,2.5,518,200000
50,4,92.0,7438,1,1,0,3,0,4,0,3,6,1,0,0,5,8,1908,1991,1,1,0,11,2,0.0,3,4,2,1,4,4,6,0,6,0,504,504,1,2,1,5,936,316,0,1252,0,0,1,0,3,1,4,5,7,0,3,1,1986.0,3,2,576,5,5,2,104,0,0,0,0,0,3,2,1,0,6,2006,9,4,0,1,1,1,0,98,1756,1.0,104,127000
80,4,68.0,9947,1,1,0,3,0,1,0,11,2,2,0,7,7,5,1990,1991,1,1,6,6,2,0.0,3,4,2,2,4,0,2,611,6,0,577,1188,1,0,1,5,1217,0,0,1217,1,0,2,0,3,1,2,6,7,0,3,1,1990.0,3,2,497,5,5,2,168,27,0,0,0,0,3,0,1,0,6,2009,9,4,0,0,1,1,0,19,2405,3.0,195,173000
50,4,60.0,10410,1,1,3,3,0,4,0,17,2,2,0,0,5,7,1916,1987,1,1,6,6,2,0.0,3,4,1,1,4,4,6,0,6,0,660,660,1,0,1,5,808,704,144,1656,0,0,2,1,3,1,4,8,3,0,3,5,1916.0,3,1,180,1,1,0,0,0,0,140,0,0,3,2,1,0,8,2009,9,4,0,1,1,1,0,93,2172,2.5,140,135000
90,4,64.0,7018,1,1,3,0,0,4,0,20,1,2,2,6,5,5,1979,1979,1,1,10,11,3,275.0,3,4,1,2,4,0,2,1086,6,0,0,1086,1,4,1,5,1224,0,0,1224,2,0,0,2,2,2,4,6,7,2,5,5,1979.0,3,2,528,5,5,2,120,0,0,0,0,0,3,4,1,0,6,2009,9,2,0,0,1,1,1,30,2310,3.0,120,153337
120,4,41.0,4923,1,1,3,3,0,4,0,22,2,2,4,2,8,5,2001,2002,1,1,5,5,2,0.0,2,4,2,0,4,0,2,1153,6,0,440,1593,1,0,1,5,1593,0,0,1593,1,0,1,1,0,1,0,5,7,1,2,1,2001.0,0,2,682,5,5,2,0,120,0,0,224,0,3,4,1,0,8,2008,9,4,0,0,1,1,1,7,3186,2.5,344,286000
70,4,70.0,10570,1,1,3,0,0,4,1,6,2,2,0,5,8,8,1932,1994,3,1,3,3,2,0.0,2,4,1,2,1,4,5,297,6,0,556,853,1,4,1,5,1549,1178,0,2727,0,0,2,1,3,1,2,10,0,2,5,5,1932.0,3,2,440,5,5,2,0,74,0,0,0,0,3,4,1,0,12,2007,9,4,0,1,1,1,1,75,3580,2.5,74,315000
60,4,68.0,7472,1,1,0,3,0,1,0,12,2,2,0,5,7,9,1972,2004,1,1,6,6,1,138.0,3,4,1,4,4,4,0,626,6,0,99,725,1,2,1,5,725,754,0,1479,1,0,1,1,4,1,2,7,7,0,3,1,1972.0,0,2,484,5,5,2,0,32,0,0,0,0,3,4,1,0,6,2007,9,4,0,1,1,1,0,35,2204,2.5,32,184000
20,4,68.0,9017,1,1,0,3,0,4,0,5,2,2,0,2,7,5,1999,1999,1,1,13,14,2,0.0,2,4,2,2,4,0,2,560,6,0,871,1431,1,0,1,5,1431,0,0,1431,1,0,2,0,3,1,2,6,7,0,3,1,1999.0,0,2,666,5,5,2,0,35,0,0,0,0,3,4,1,0,9,2009,9,4,0,0,1,1,0,10,2862,3.0,35,192000
160,5,24.0,2522,1,1,3,3,0,4,0,7,2,2,3,5,7,5,2004,2004,1,1,13,14,3,50.0,2,4,2,2,4,4,6,0,6,0,970,970,1,0,1,5,970,739,0,1709,0,0,2,0,3,1,2,7,0,0,3,5,2004.0,3,2,380,5,5,2,0,40,0,0,0,0,3,4,1,0,5,2006,9,4,0,1,1,1,0,2,2679,2.0,40,130000
20,4,60.0,7180,1,1,0,3,0,4,0,5,2,2,0,2,5,7,1972,1972,3,1,6,6,2,0.0,3,4,1,4,4,0,0,390,6,0,474,864,1,4,1,5,864,0,0,864,0,0,1,0,3,1,4,5,7,0,3,5,1989.0,3,1,352,5,5,2,0,0,0,0,0,0,3,4,1,0,5,2008,9,4,0,0,1,1,0,36,1728,1.0,0,127000
160,4,24.0,2280,1,1,3,3,0,2,0,13,2,2,3,5,6,6,1976,1976,1,1,10,2,2,0.0,3,4,1,2,4,4,0,566,6,0,289,855,1,4,1,5,855,601,0,1456,0,0,2,1,3,1,4,7,7,1,5,1,1976.0,3,2,440,5,5,2,87,0,0,0,0,0,3,4,1,0,7,2009,9,4,0,1,1,1,1,33,2311,2.5,87,148500
20,4,79.0,9416,1,1,3,3,0,4,0,21,2,2,0,2,7,5,2007,2007,3,1,5,5,3,205.0,0,4,2,0,4,4,2,1126,6,0,600,1726,1,0,1,5,1726,0,0,1726,1,0,2,0,3,1,0,8,7,1,2,1,2007.0,0,3,786,5,5,2,171,138,0,0,266,0,3,4,1,0,9,2007,7,5,0,0,1,1,1,0,3452,3.0,575,311872
75,4,174.0,25419,1,1,3,3,0,0,0,12,0,2,0,5,8,4,1918,1990,1,1,12,13,2,0.0,2,2,2,4,4,4,2,1036,3,184,140,1360,1,2,1,5,1360,1360,392,3112,1,1,2,0,4,1,2,8,7,1,0,5,1918.0,3,2,795,5,5,2,0,16,552,0,0,512,0,0,1,0,3,2006,9,0,1,1,1,1,1,88,4080,3.5,568,235000
75,5,92.0,5520,1,1,3,3,0,0,0,17,2,2,0,3,6,6,1912,1950,1,1,14,15,2,0.0,3,4,1,4,4,4,6,0,6,0,755,755,1,0,1,5,929,929,371,2229,0,0,1,0,5,1,4,8,7,0,3,6,1978.0,1,0,0,3,3,2,0,198,30,0,0,0,3,2,1,0,7,2009,9,0,0,1,0,1,0,97,2613,1.0,228,104000
20,4,76.0,9591,1,1,3,3,0,4,0,16,2,2,0,2,8,5,2004,2005,3,1,13,14,1,262.0,2,4,2,0,4,0,2,1088,6,0,625,1713,1,0,1,5,1713,0,0,1713,1,0,2,0,3,1,0,7,7,1,2,1,2004.0,0,3,856,5,5,2,0,26,0,0,170,0,3,4,1,0,1,2009,9,4,0,0,1,1,1,5,3426,3.0,196,274900
20,5,80.0,8546,1,1,3,3,0,0,0,7,2,2,0,2,4,5,2003,2004,1,1,13,14,2,0.0,3,4,2,2,4,4,6,0,6,0,1121,1121,1,0,1,5,1121,0,0,1121,0,0,2,0,2,1,4,5,7,0,3,1,2003.0,2,2,440,5,5,2,132,64,0,0,0,0,3,4,1,0,3,2010,9,4,0,0,1,1,0,7,2242,2.0,196,140000
20,4,75.0,10125,1,1,3,3,0,4,0,11,2,2,0,2,6,6,1977,1977,1,1,10,11,2,0.0,3,4,1,4,4,4,0,641,3,279,276,1196,1,4,1,5,1279,0,0,1279,0,1,2,0,3,1,4,6,7,2,1,5,1980.0,3,2,473,5,5,2,238,83,0,0,0,0,3,2,1,0,2,2008,9,4,0,0,1,1,1,31,2475,2.5,321,171500
50,4,50.0,7000,1,1,3,3,0,0,0,17,0,2,0,0,6,6,1924,1950,1,1,8,8,2,0.0,3,2,0,1,4,4,3,617,6,0,0,617,1,2,1,5,865,445,0,1310,0,0,2,0,2,1,4,6,2,0,3,1,1924.0,3,1,398,5,5,2,0,0,126,0,0,0,3,4,1,0,5,2006,0,4,0,1,1,1,0,82,1927,2.0,126,112000
120,5,68.0,4438,1,1,3,3,0,4,0,5,2,2,4,2,6,5,2004,2004,1,1,13,14,1,205.0,2,4,2,2,4,0,2,662,6,0,186,848,1,0,1,5,848,0,0,848,1,0,1,0,1,1,2,3,7,1,2,1,2004.0,2,2,420,5,5,2,149,0,0,0,0,0,3,4,1,0,1,2008,9,4,0,0,1,1,1,4,1696,2.0,149,149000
50,5,50.0,3500,1,0,3,3,0,4,0,17,2,2,0,0,5,7,1947,1950,1,1,0,0,2,0.0,3,4,1,4,4,4,3,312,6,0,408,720,1,4,1,5,720,564,0,1284,0,0,1,1,2,1,4,5,7,0,3,5,1948.0,3,1,240,5,5,2,0,35,0,0,0,0,3,3,1,0,4,2009,9,4,0,1,1,1,0,62,2004,1.5,35,110000
20,4,99.0,11851,1,1,3,3,0,0,0,8,2,2,0,2,7,5,1990,1990,1,1,6,6,2,0.0,3,4,2,2,4,4,6,0,6,0,1424,1424,1,0,1,5,1442,0,0,1442,0,0,2,0,3,1,4,5,7,0,3,1,1990.0,2,2,500,5,5,2,0,34,0,508,0,0,3,4,1,0,5,2009,9,4,0,0,1,1,0,19,2866,2.0,542,180500
20,4,40.0,13673,1,1,0,3,0,1,0,19,5,2,0,2,5,5,1962,1962,1,1,6,6,2,0.0,3,2,1,4,4,4,6,0,6,0,1140,1140,1,4,1,5,1696,0,0,1696,0,0,1,1,3,1,4,8,3,1,5,1,1962.0,2,1,349,5,5,2,0,30,0,0,0,0,3,4,1,0,3,2007,9,4,0,0,1,1,1,45,2836,1.5,30,143900
20,4,68.0,12493,1,1,0,3,0,4,0,12,2,2,0,2,4,5,1960,1960,1,1,14,15,2,0.0,3,4,2,4,4,4,0,419,5,306,375,1100,1,4,1,5,1100,0,0,1100,1,0,1,0,3,1,4,6,7,1,4,1,1960.0,2,1,312,5,5,2,355,0,0,0,0,0,3,1,1,0,4,2008,9,4,0,0,1,1,1,48,2200,2.0,355,141000
60,4,68.0,14364,1,1,0,2,0,4,1,20,2,2,0,5,7,5,1988,1989,1,1,10,11,1,128.0,2,4,1,2,4,1,2,1065,6,0,92,1157,1,0,1,5,1180,882,0,2062,1,0,2,1,3,1,4,7,7,1,2,1,1988.0,0,2,454,5,5,2,60,55,0,0,154,0,3,4,1,0,4,2007,9,4,0,1,1,1,1,19,3219,3.5,269,277000
20,4,75.0,8250,1,1,3,3,0,4,0,12,2,2,0,2,6,7,1964,1964,3,1,6,6,3,260.0,3,4,1,2,4,4,5,787,6,0,305,1092,1,0,1,5,1092,0,0,1092,1,0,1,0,3,1,4,6,7,0,3,1,1964.0,2,2,504,5,2,2,0,0,0,0,0,0,3,2,1,0,7,2008,9,4,0,0,1,1,0,44,2184,2.0,0,145000
30,4,67.0,5604,1,1,3,3,0,4,0,7,2,2,0,2,5,6,1925,1950,1,1,12,13,2,0.0,3,4,1,4,4,4,5,468,6,0,396,864,1,4,0,0,864,0,0,864,1,0,1,0,2,1,4,5,7,0,3,6,1978.0,1,0,0,3,3,2,0,0,96,0,0,0,3,4,1,0,4,2008,9,4,0,0,0,1,0,83,1728,2.0,96,98000
20,4,83.0,10420,1,1,3,3,0,0,0,7,2,2,0,2,6,5,2009,2009,1,1,13,14,2,0.0,3,4,2,2,4,2,2,36,6,0,1176,1212,1,0,1,5,1212,0,0,1212,0,0,2,0,3,1,2,6,7,0,3,1,2009.0,2,2,460,5,5,2,100,22,0,0,0,0,3,4,1,0,3,2010,9,4,0,0,1,1,0,1,2424,2.0,122,186000
60,1,72.0,8640,1,1,3,3,0,4,0,21,2,2,0,5,7,5,2009,2009,1,1,13,14,2,0.0,3,4,2,2,4,4,2,822,6,0,78,900,1,0,1,5,932,920,0,1852,1,0,2,1,3,1,2,7,7,1,5,1,2009.0,2,2,644,5,5,2,168,108,0,0,0,0,3,4,1,0,7,2009,7,5,0,1,1,1,1,0,2752,3.5,276,252678
20,4,43.0,13568,1,1,1,3,0,1,0,5,2,2,0,2,5,5,1995,1995,1,1,13,14,2,0.0,3,4,2,2,4,4,0,716,6,0,274,990,1,0,1,5,990,0,0,990,0,1,1,0,3,1,4,5,7,0,3,1,1996.0,3,2,576,5,5,2,224,0,0,0,0,0,3,4,1,0,7,2006,9,4,0,0,1,1,0,11,1980,1.5,224,156000
60,4,68.0,10900,1,1,0,3,0,2,0,5,2,2,0,5,6,7,1977,1977,1,1,6,6,1,153.0,3,4,1,2,4,4,2,378,6,0,311,689,1,0,1,5,689,703,0,1392,0,0,1,1,3,1,4,6,7,0,3,1,1977.0,0,1,299,5,5,2,0,36,0,0,0,0,3,2,3,450,3,2010,9,4,0,1,1,1,0,33,2081,1.5,36,161750
20,4,72.0,10011,1,1,0,3,0,4,0,12,2,2,0,2,5,6,1957,1996,1,1,6,6,1,64.0,3,4,1,4,4,4,1,360,6,0,710,1070,1,4,1,5,1236,0,0,1236,0,1,1,0,2,1,2,6,2,1,1,1,1957.0,3,1,447,5,5,2,0,0,0,0,0,0,3,2,1,0,5,2006,9,4,0,0,1,1,1,49,2306,1.5,0,134450
20,4,65.0,8450,1,1,3,3,0,4,0,5,2,2,0,2,7,5,2004,2004,1,1,13,14,1,266.0,2,4,2,2,4,2,2,946,6,0,490,1436,1,0,1,5,1436,0,0,1436,1,0,2,0,3,1,2,8,7,0,3,1,2004.0,3,2,484,5,5,2,139,98,0,0,0,0,3,4,1,0,4,2008,9,4,0,0,1,1,0,4,2872,3.0,237,210000
70,5,57.0,9906,1,0,3,3,0,4,0,17,2,2,0,5,4,4,1925,1950,1,1,8,8,2,0.0,3,4,1,4,4,4,6,0,6,0,686,686,1,1,0,5,810,518,0,1328,0,0,1,0,3,1,4,8,7,0,3,5,1940.0,3,1,210,5,5,2,0,172,60,0,0,0,3,4,1,0,9,2006,9,3,0,1,1,1,0,81,2014,1.0,232,107000
50,4,68.0,15660,1,1,0,3,0,0,0,6,2,2,0,0,7,9,1939,2006,1,1,13,14,1,312.0,2,2,1,4,4,4,1,341,6,0,457,798,1,0,1,5,1137,817,0,1954,0,1,1,1,3,1,2,8,7,2,5,1,1939.0,3,2,431,5,5,2,0,119,150,0,0,0,3,4,1,0,5,2008,9,4,0,1,1,1,1,69,2752,2.0,269,311500
120,4,43.0,3010,1,1,3,3,0,4,0,0,2,2,4,2,7,5,2005,2006,1,1,13,14,1,16.0,2,4,2,2,4,0,2,16,6,0,1232,1248,1,0,1,5,1248,0,0,1248,0,0,2,0,2,1,2,5,7,0,3,1,2005.0,0,2,438,5,5,2,108,0,0,0,0,0,3,4,1,0,3,2006,7,5,0,0,1,1,0,1,2496,2.0,108,167240
20,4,73.0,8990,1,1,0,3,0,4,0,5,2,2,0,2,7,5,2006,2006,1,1,13,14,2,0.0,2,4,2,2,4,2,6,0,6,0,1498,1498,1,0,1,5,1498,0,0,1498,0,0,2,0,2,1,2,5,7,0,3,1,2006.0,2,2,675,5,5,2,351,33,0,0,0,0,3,4,1,0,4,2006,7,5,0,0,1,1,0,0,2996,2.0,384,204900
60,4,68.0,8068,1,1,0,3,0,4,0,8,2,2,0,5,6,5,2002,2002,1,1,13,14,2,0.0,2,4,2,2,4,4,6,0,6,0,1010,1010,1,0,1,5,1010,1257,0,2267,0,0,2,1,4,1,2,8,7,1,5,3,2002.0,2,2,390,5,5,2,120,46,0,0,0,0,3,4,1,0,12,2009,4,4,0,1,1,1,1,7,3277,2.5,166,200000
60,4,85.0,11475,1,1,3,3,0,4,0,14,6,2,0,5,6,6,1975,1975,1,1,13,14,2,0.0,3,4,1,2,4,4,0,550,6,0,163,713,1,4,1,5,811,741,0,1552,1,0,2,1,3,1,4,6,7,1,5,1,1975.0,2,2,434,5,5,2,209,208,0,0,0,0,3,2,1,0,2,2006,9,4,0,1,1,1,1,31,2265,3.5,417,179900
20,4,70.0,10500,1,1,3,3,0,2,0,12,2,2,0,2,4,6,1971,1971,1,1,6,6,2,0.0,3,4,1,4,4,4,0,524,3,180,160,864,1,2,1,5,864,0,0,864,0,0,1,0,2,1,4,4,7,0,3,5,1989.0,3,2,576,5,5,2,216,0,0,0,0,0,3,4,1,0,3,2009,9,0,0,0,1,1,0,38,1728,1.0,216,97000
160,5,21.0,1680,1,1,3,3,0,4,0,2,2,2,3,5,5,5,1971,1971,1,1,6,6,1,142.0,3,4,1,4,4,4,6,0,6,0,630,630,1,4,1,5,630,672,0,1302,0,0,2,1,3,1,4,6,7,0,3,5,1991.0,3,1,280,5,5,2,0,0,0,0,0,0,3,4,1,0,5,2009,0,0,0,1,1,1,0,38,1932,2.5,0,112000
60,4,82.0,9950,1,1,0,3,0,4,0,15,2,2,0,5,7,5,1995,1995,1,1,13,14,1,290.0,2,4,2,2,4,4,2,565,6,0,638,1203,1,0,1,5,1214,1306,0,2520,0,0,2,1,4,1,2,9,7,1,5,1,1995.0,2,3,721,5,5,2,224,114,0,0,0,0,3,4,1,0,6,2007,9,0,0,1,1,1,1,12,3723,2.5,338,290000
160,5,21.0,1869,1,1,3,3,0,4,0,2,2,2,3,5,6,6,1970,1970,1,1,6,6,1,127.0,3,4,1,4,4,4,5,321,6,0,162,483,1,4,1,5,483,504,0,987,0,0,1,1,2,1,4,5,7,0,3,5,1987.0,3,1,280,5,5,2,0,0,0,0,0,0,3,4,1,0,9,2008,9,4,0,1,1,1,0,38,1470,1.5,0,106000
20,4,70.0,8521,1,1,3,3,0,2,0,19,1,2,0,2,5,5,1967,1967,1,1,6,6,2,0.0,3,4,1,4,4,4,0,842,6,0,70,912,1,4,1,5,912,0,0,912,0,0,1,0,3,1,4,5,7,1,1,5,1974.0,3,1,336,5,5,2,0,0,0,0,0,0,3,2,1,0,5,2010,9,4,0,0,1,1,1,43,1824,1.0,0,125000
120,4,43.0,3182,1,1,3,3,0,4,0,0,2,2,4,2,7,5,2005,2006,1,1,13,14,1,16.0,2,4,2,2,4,0,2,16,6,0,1357,1373,1,0,1,5,1555,0,0,1555,0,0,2,0,2,1,2,7,7,1,5,1,2005.0,0,2,430,5,5,2,143,20,0,0,0,0,3,4,1,0,5,2009,9,4,0,0,1,1,1,4,2928,2.0,163,192500
20,4,73.0,8760,1,1,3,3,0,4,0,12,2,2,0,2,6,6,1959,1959,3,1,8,8,1,220.0,3,4,1,4,4,4,6,0,6,0,1194,1194,1,4,1,5,1194,0,0,1194,1,0,1,0,3,1,4,6,7,0,3,1,1959.0,2,1,312,5,5,2,0,0,120,0,0,0,3,4,1,0,4,2010,9,4,0,0,1,1,0,51,2388,2.0,120,148000
160,5,21.0,1680,1,1,3,3,0,4,0,2,2,2,3,5,6,5,1972,1972,1,1,6,6,1,297.0,3,4,1,4,4,4,6,0,6,0,483,483,1,4,1,5,483,504,0,987,0,0,1,1,2,1,4,5,7,1,4,1,1972.0,3,1,288,5,5,2,0,0,0,0,0,0,3,4,1,0,6,2006,9,4,0,1,1,1,1,34,1470,1.5,0,94500
20,4,75.0,10650,1,1,3,3,0,0,0,5,2,2,0,2,5,6,1976,1976,1,1,6,6,2,0.0,3,4,1,4,1,0,3,182,0,712,0,894,1,4,1,5,894,0,0,894,1,0,1,0,3,1,4,5,7,0,3,1,1976.0,3,1,308,5,5,2,365,0,0,0,0,0,3,2,1,0,2,2010,9,4,0,0,1,1,0,34,1788,2.0,365,128200
60,4,68.0,7851,1,1,3,3,0,4,0,8,2,2,0,5,6,5,2002,2002,1,1,13,14,2,0.0,2,4,2,2,4,4,2,625,6,0,235,860,1,0,1,5,860,1100,0,1960,1,0,2,1,4,1,2,8,7,2,5,3,2002.0,0,2,440,5,5,2,288,48,0,0,0,0,3,4,1,0,5,2010,9,4,0,1,1,1,1,8,2820,3.5,336,216500
160,5,21.0,1680,1,1,3,3,0,4,0,2,2,2,4,5,6,3,1971,1971,1,1,6,6,1,604.0,3,4,1,4,4,4,0,358,6,0,125,483,1,4,1,5,483,504,0,987,0,0,1,1,2,1,4,5,7,0,3,5,1971.0,3,1,264,5,5,2,0,0,0,0,0,0,3,4,1,0,8,2008,9,4,0,1,1,1,0,37,1470,1.5,0,89500
20,4,65.0,8773,1,1,3,3,0,2,0,5,2,2,0,2,7,5,2004,2004,1,1,13,14,1,98.0,2,4,2,2,4,0,2,24,6,0,1390,1414,1,0,1,5,1414,0,0,1414,0,0,2,0,3,1,2,6,7,0,3,1,2004.0,2,2,494,5,5,2,132,105,0,0,0,0,3,4,1,0,5,2010,9,4,0,0,1,1,0,6,2828,2.0,237,185500
60,4,68.0,9453,1,1,0,3,0,1,0,20,7,2,0,5,7,7,1993,2003,1,1,6,6,2,0.0,2,4,2,2,4,4,1,402,6,0,594,996,1,0,1,5,1014,730,0,1744,0,0,2,1,3,1,2,7,7,0,3,1,1993.0,2,2,457,5,5,2,370,70,0,238,0,0,3,4,1,0,2,2010,9,4,0,1,1,1,0,17,2740,2.5,678,194500
20,4,93.0,12030,1,1,3,3,0,4,0,16,2,2,0,2,8,5,2007,2007,3,1,13,14,1,254.0,0,4,2,0,4,4,6,0,6,0,1694,1694,1,0,1,5,1694,0,0,1694,0,0,2,0,3,1,2,7,7,0,3,1,2007.0,0,3,818,5,5,2,168,228,0,0,0,0,3,4,1,0,12,2007,7,5,0,0,1,1,0,0,3388,2.0,396,318000
50,4,52.0,8741,1,1,3,3,0,4,0,7,2,2,0,0,6,4,1945,1950,1,1,13,14,2,0.0,3,4,1,4,0,4,3,94,6,0,641,735,1,4,1,0,798,689,0,1487,0,0,1,1,3,1,4,7,7,1,2,5,1949.0,3,1,220,5,5,2,0,140,0,0,0,0,3,2,1,0,4,2010,9,4,0,1,1,1,1,65,2222,1.5,140,113000
20,1,75.0,9000,1,1,3,3,0,4,0,21,2,2,0,2,8,5,2008,2008,1,1,13,14,3,36.0,2,4,2,2,4,0,2,1078,6,0,488,1566,1,0,1,5,1566,0,0,1566,1,0,2,0,3,1,2,7,7,0,3,1,2008.0,2,2,750,5,5,2,144,168,0,0,0,0,3,4,1,0,4,2010,9,4,0,0,1,1,0,2,3132,3.0,312,262500
30,5,40.0,3880,1,1,3,3,0,4,0,17,2,2,0,2,5,9,1945,1997,1,1,13,14,2,0.0,3,2,1,4,4,4,0,329,6,0,357,686,1,2,1,5,866,0,0,866,0,0,1,0,2,1,2,4,7,0,3,6,1978.0,1,0,0,3,3,2,58,42,0,0,0,0,3,4,1,0,8,2007,9,4,0,0,0,1,0,62,1552,1.0,100,110500
50,5,63.0,5000,1,1,3,3,0,0,0,17,2,2,0,0,5,4,1900,1950,1,1,14,15,2,0.0,3,4,0,4,4,4,6,0,6,0,540,540,1,2,0,0,889,551,0,1440,0,0,1,0,3,1,4,6,7,0,3,1,1940.0,3,1,352,1,5,2,0,0,77,0,0,0,3,4,1,0,4,2006,9,4,0,1,1,1,0,106,1980,1.0,77,79000
160,4,75.0,10762,1,1,3,3,0,0,0,20,2,2,4,5,6,6,1980,1980,1,1,10,11,2,0.0,3,4,1,2,4,4,6,0,6,0,626,626,1,4,1,5,626,591,0,1217,0,0,1,1,3,1,4,6,7,1,5,1,1980.0,2,1,288,5,5,2,0,28,0,0,0,0,3,4,1,0,4,2009,9,4,0,1,1,1,1,29,1843,1.5,28,120000
60,4,68.0,8880,1,1,0,3,0,4,0,20,2,2,0,5,7,5,1994,2002,1,1,13,14,2,0.0,2,4,2,2,4,4,2,695,6,0,253,948,1,0,1,5,1222,888,0,2110,1,0,2,1,3,1,2,8,7,2,1,1,1994.0,2,2,463,5,5,2,0,130,0,0,0,0,3,4,1,0,5,2010,9,4,0,1,1,1,1,16,3058,3.5,130,205000
20,4,80.0,10400,1,1,3,3,0,4,0,14,2,2,0,2,7,5,1988,1988,1,1,14,15,1,102.0,3,4,1,2,4,0,2,929,6,0,916,1845,1,2,1,5,1872,0,0,1872,0,1,2,0,3,1,4,6,7,1,5,1,1988.0,0,2,604,5,5,2,197,39,0,0,0,0,3,4,1,0,6,2006,9,4,0,0,1,1,1,18,3717,2.5,236,241500
190,5,69.0,9142,1,0,3,3,0,4,0,17,2,2,1,5,6,8,1910,1950,1,1,0,0,2,0.0,3,1,4,1,4,4,6,0,6,0,1020,1020,1,2,0,2,908,1020,0,1928,0,0,2,0,4,2,1,9,7,0,3,5,1910.0,3,1,440,4,4,2,0,60,112,0,0,0,3,4,1,0,4,2006,9,4,0,1,1,1,0,96,2948,2.0,172,137000
20,4,75.0,11310,1,1,3,3,0,4,0,12,2,2,0,2,6,5,1954,1954,3,1,14,3,2,0.0,3,4,1,4,4,4,6,0,6,0,1367,1367,1,0,1,5,1375,0,0,1375,0,0,1,0,2,1,4,5,7,1,5,1,1954.0,3,2,451,5,5,2,0,30,0,0,0,0,3,4,1,0,6,2006,9,4,0,0,1,1,1,52,2742,1.0,30,140000
60,4,72.0,11317,1,1,3,3,0,4,0,5,2,2,0,5,7,5,2003,2003,1,1,13,14,1,101.0,2,4,2,2,4,4,6,0,6,0,840,840,1,0,1,5,840,828,0,1668,0,0,2,1,3,1,2,8,7,0,3,1,2003.0,2,2,500,5,5,2,144,68,0,0,0,0,3,4,1,0,9,2007,9,4,0,1,1,1,0,4,2508,2.5,212,180000
50,4,68.0,159000,1,1,1,2,0,1,2,4,2,2,0,0,6,7,1958,2006,1,1,14,6,0,472.0,2,4,1,2,4,1,5,697,6,0,747,1444,1,2,1,5,1444,700,0,2144,0,1,2,0,4,1,2,7,7,2,5,1,1958.0,0,2,389,5,5,2,0,98,0,0,0,0,3,4,3,500,6,2007,9,4,0,1,1,1,1,49,3588,2.5,98,277000
30,4,55.0,5350,1,1,0,3,0,4,0,3,2,2,0,2,3,2,1940,1966,1,1,14,11,2,0.0,3,3,1,4,4,4,6,0,6,0,728,728,1,0,1,5,1306,0,0,1306,0,0,1,0,3,1,1,6,4,0,3,6,1978.0,1,0,0,3,3,2,263,0,0,0,0,0,3,1,3,450,5,2010,9,4,0,0,0,1,0,70,2034,1.0,263,76500
120,5,44.0,4750,1,1,0,1,0,4,1,6,2,2,4,2,8,5,2006,2007,3,1,13,14,3,481.0,2,4,2,2,4,1,2,1573,6,0,0,1573,1,0,1,5,1625,0,0,1625,1,1,2,0,2,1,2,5,7,1,2,1,2006.0,0,2,538,5,5,2,123,0,0,0,153,0,3,4,1,0,12,2007,9,3,0,0,1,1,1,1,3198,3.5,276,235000
60,4,65.0,8366,1,1,0,3,0,4,0,20,2,2,0,5,6,5,2004,2004,1,1,13,14,2,0.0,2,4,2,2,4,4,6,0,6,0,798,798,1,0,1,5,798,842,0,1640,0,0,2,1,3,1,2,6,7,0,3,1,2004.0,2,2,520,5,5,2,138,45,0,0,0,0,3,4,1,0,12,2008,9,4,0,1,1,1,0,4,2438,2.5,183,173000
80,4,85.0,9350,1,1,3,3,0,4,0,12,2,2,0,7,6,7,1964,1991,3,1,6,6,1,108.0,3,4,1,2,4,1,3,270,0,580,452,1302,1,0,1,5,1302,0,0,1302,0,1,2,0,3,1,2,7,2,0,3,1,1964.0,2,1,309,5,5,2,333,0,0,0,0,0,3,2,1,0,10,2007,1,4,0,0,1,1,0,43,2604,2.5,333,158000
20,4,70.0,8400,1,1,3,3,0,4,0,12,2,2,0,2,5,6,1957,1957,1,1,8,8,2,0.0,3,2,1,4,4,4,5,922,6,0,392,1314,1,4,1,5,1314,0,0,1314,1,0,1,0,3,1,4,5,7,0,3,1,1957.0,2,1,294,5,5,2,250,0,0,0,0,0,3,4,1,0,6,2010,9,4,0,0,1,1,0,53,2628,2.0,250,145000
60,4,66.0,8738,1,1,0,3,0,4,0,8,2,2,0,5,7,5,1999,1999,1,1,13,14,1,302.0,2,4,2,2,4,4,6,0,6,0,975,975,1,0,1,5,1005,1286,0,2291,0,0,2,1,4,1,2,8,7,1,5,3,1999.0,0,2,429,5,5,2,192,0,0,0,0,0,3,4,1,0,2,2006,9,4,0,1,1,1,1,7,3266,2.5,192,230000
60,1,64.0,8791,1,1,0,3,0,4,0,21,2,2,0,5,6,5,2003,2003,1,1,13,14,2,0.0,2,4,2,2,4,4,5,503,6,0,361,864,1,0,1,5,864,864,0,1728,0,0,2,1,3,1,2,7,7,0,3,1,2003.0,2,2,673,5,5,2,216,56,0,0,0,0,3,4,1,0,5,2008,9,4,0,1,1,1,0,5,2592,2.5,272,207500
20,4,68.0,8814,1,1,3,3,0,4,0,5,2,2,0,2,7,5,2006,2006,1,1,13,14,3,180.0,2,4,2,2,4,4,2,1334,6,0,270,1604,1,0,1,5,1604,0,0,1604,1,0,2,1,3,1,2,8,7,1,2,1,2006.0,2,2,660,5,5,2,123,110,0,0,0,0,3,4,1,0,3,2009,9,0,0,0,1,1,1,3,3208,3.5,233,220000
60,4,80.0,12435,1,1,3,3,0,4,0,5,2,2,0,5,7,5,2001,2001,1,1,13,14,1,172.0,2,4,2,2,4,4,2,361,6,0,602,963,1,0,1,5,963,829,0,1792,0,0,2,1,3,1,2,7,7,1,5,1,2001.0,2,2,564,5,5,2,0,96,0,245,0,0,3,4,1,0,5,2008,9,4,0,1,1,1,1,7,2755,2.5,341,231500
20,5,70.0,12702,1,1,3,3,0,4,0,17,2,2,0,2,5,5,1956,1956,1,1,3,3,2,0.0,3,4,2,3,2,3,4,0,4,0,0,0,1,2,1,0,882,0,0,882,0,0,1,0,2,1,4,4,7,0,3,5,1956.0,3,1,308,5,5,2,0,45,0,0,0,0,3,4,1,0,12,2008,9,4,0,0,1,0,0,52,882,1.0,45,97000
80,4,120.0,19296,1,1,3,3,0,0,0,12,0,2,0,7,6,5,1962,1962,1,1,14,15,1,399.0,3,4,1,4,4,1,5,672,0,690,0,1362,1,4,1,5,1382,0,0,1382,1,0,1,0,3,1,4,6,7,1,5,1,1991.0,3,2,884,5,5,2,0,0,252,0,0,0,3,1,1,0,5,2009,9,4,0,0,1,1,1,47,2744,2.0,252,176000
60,4,69.0,9588,1,1,0,3,0,4,0,5,2,2,0,5,8,5,2007,2007,1,1,5,5,3,270.0,2,4,2,0,4,4,6,0,6,0,1482,1482,1,0,1,5,1482,1092,0,2574,0,0,2,1,3,1,0,10,7,1,2,3,2007.0,0,3,868,5,5,2,0,148,0,0,0,0,3,4,1,0,11,2007,7,5,0,1,1,1,1,0,4056,2.5,148,276000
80,4,88.0,8471,1,1,0,3,0,0,0,19,2,2,0,7,6,7,1977,1995,1,1,6,11,1,46.0,3,4,1,2,1,0,0,506,6,0,0,506,1,4,1,5,1212,0,0,1212,1,0,1,0,3,1,4,6,7,1,5,1,1978.0,3,2,492,5,5,2,292,12,0,0,0,0,3,1,1,0,7,2006,9,4,0,0,1,1,1,29,1718,2.0,304,151000
50,5,50.0,5500,1,1,3,3,0,0,0,17,2,2,0,0,5,7,1929,2001,1,1,14,15,2,0.0,3,4,0,4,4,4,3,234,0,692,0,926,1,4,1,5,926,0,390,1316,1,0,1,0,3,1,4,6,7,0,3,5,1974.0,3,2,484,5,5,2,0,0,0,0,0,0,3,4,1,0,4,2010,9,4,0,0,1,1,0,81,1852,2.0,0,130000
30,5,30.0,5232,1,0,2,0,0,4,0,17,0,2,0,2,5,5,1925,2004,1,1,14,15,2,0.0,3,4,0,1,4,4,6,0,6,0,680,680,1,2,0,2,764,0,0,764,0,0,1,0,2,1,4,4,7,0,3,5,1965.0,3,2,504,5,5,0,0,0,0,0,0,0,3,4,1,0,6,2008,9,4,0,0,1,1,0,83,1444,1.0,0,73000
20,4,78.0,12090,1,1,0,3,0,4,0,14,2,2,0,2,6,6,1981,1981,1,1,8,8,1,210.0,3,2,1,2,4,4,2,588,3,228,606,1422,1,4,1,5,1422,0,0,1422,0,0,2,0,3,1,2,7,7,1,5,1,1981.0,0,2,576,5,5,2,276,0,0,0,0,0,3,0,1,0,6,2008,9,4,0,0,1,1,1,27,2844,2.0,276,175500
60,4,70.0,11207,1,1,0,1,0,2,0,8,2,2,0,5,6,5,1997,1997,1,1,13,14,2,0.0,3,4,2,2,4,0,2,714,6,0,88,802,1,2,1,5,802,709,0,1511,1,0,2,1,3,1,4,8,7,1,5,1,1997.0,0,2,413,5,5,2,95,75,0,0,0,0,3,4,1,0,6,2006,9,4,0,1,1,1,1,9,2313,3.5,170,185000
75,4,60.0,8400,1,1,3,0,0,4,1,18,2,2,0,3,5,8,1939,1997,1,1,14,15,2,0.0,3,4,2,4,4,4,3,378,6,0,342,720,1,0,1,5,1052,720,420,2192,0,0,2,1,4,1,2,8,7,1,2,5,1939.0,3,1,240,5,5,2,262,24,0,0,0,0,3,4,1,0,7,2008,9,4,0,1,1,1,1,69,2492,2.5,286,179500
30,5,71.0,6900,1,1,3,3,0,4,0,9,2,2,0,2,5,6,1940,1955,1,1,13,14,2,0.0,3,4,1,4,4,4,0,403,5,125,212,740,1,0,1,5,778,0,0,778,0,0,1,0,2,1,4,4,7,1,2,5,1966.0,0,1,924,0,0,2,0,25,0,0,0,0,3,4,1,0,2,2008,9,4,0,0,1,1,1,68,1518,1.0,25,120500
20,4,68.0,7917,1,1,0,3,0,0,0,7,2,2,0,2,6,7,1976,1976,3,1,6,6,1,174.0,3,2,1,4,1,4,1,751,6,0,392,1143,1,4,1,5,1113,0,0,1113,1,0,1,1,3,1,4,6,7,1,1,1,1987.0,2,1,504,5,2,2,370,30,0,0,0,0,3,0,1,0,5,2007,9,4,0,0,1,1,1,31,2256,2.5,400,148000
60,1,84.0,10728,1,1,3,3,0,4,0,21,2,2,0,5,8,5,2006,2006,1,1,13,14,2,0.0,2,4,2,2,4,2,6,0,6,0,1095,1095,1,2,1,5,1095,844,0,1939,0,0,2,1,3,1,2,8,7,1,2,1,2006.0,2,3,1053,5,5,2,192,51,0,0,0,0,3,4,1,0,8,2006,7,5,0,1,1,1,1,0,3034,2.5,243,266000
20,4,73.0,39104,1,1,0,2,0,1,2,4,2,2,0,2,7,7,1954,2005,0,2,10,11,2,0.0,3,4,1,2,4,1,3,226,2,1063,96,1385,1,0,1,5,1363,0,0,1363,1,0,1,0,2,1,4,5,4,2,5,1,1954.0,3,2,439,5,5,2,81,0,0,0,0,0,3,4,1,0,4,2008,9,4,0,0,1,1,1,54,2748,2.0,81,241500
60,4,92.0,11764,1,1,0,3,0,1,0,15,2,2,0,5,8,7,1999,2007,1,1,13,14,1,348.0,2,4,2,2,4,4,2,524,6,0,628,1152,1,0,1,5,1164,1106,0,2270,0,0,2,1,4,1,2,9,7,1,2,1,1999.0,0,3,671,5,5,2,132,57,0,0,0,0,3,4,1,0,4,2010,9,4,0,1,1,1,1,11,3422,2.5,189,290000
20,4,80.0,9600,1,1,3,3,0,4,0,12,1,2,0,2,6,6,1958,1988,3,1,14,15,0,183.0,3,4,1,4,4,4,5,620,3,620,0,1240,1,2,1,5,1632,0,0,1632,1,0,2,0,3,1,4,6,2,1,2,1,1958.0,2,1,338,5,5,2,289,0,0,0,0,0,3,2,1,0,4,2009,9,4,0,0,1,1,1,51,2872,3.0,289,139000
20,4,76.0,8314,1,1,3,3,0,0,0,11,2,2,0,2,5,7,1982,1982,1,1,6,7,2,0.0,3,4,1,4,4,1,0,546,6,0,270,816,1,4,1,5,816,0,0,816,0,0,1,0,2,1,4,5,7,0,3,1,1982.0,3,1,264,5,5,2,168,0,0,0,0,0,3,4,1,0,6,2007,9,4,0,0,1,1,0,25,1632,1.0,168,124500
50,4,55.0,7264,1,1,3,3,0,4,0,3,2,2,0,0,7,7,1925,2007,1,1,14,15,2,0.0,2,2,0,4,4,4,6,0,6,0,952,952,2,2,0,5,952,596,0,1548,0,0,2,1,3,1,0,5,7,0,3,5,1978.0,3,2,672,5,5,2,74,0,0,0,144,0,3,4,1,0,10,2009,9,4,0,1,1,1,0,84,2500,2.5,218,205000
20,4,129.0,9196,1,1,0,3,0,4,0,11,2,2,0,2,7,5,2003,2003,1,1,13,14,2,0.0,2,4,2,0,4,4,6,0,6,0,1560,1560,1,0,1,5,1560,0,0,1560,0,0,2,0,3,1,2,7,7,0,3,1,2003.0,0,2,573,5,5,2,100,150,0,0,0,0,3,4,1,0,4,2010,9,4,0,0,1,1,0,7,3120,2.0,250,201000
20,4,140.0,19138,1,1,3,3,0,0,0,8,2,2,0,2,4,5,1951,1951,1,1,13,14,2,0.0,3,4,1,4,4,4,3,120,6,0,744,864,1,0,1,5,864,0,0,864,0,0,1,0,2,1,4,4,7,0,3,5,1951.0,3,2,400,5,5,2,0,0,0,0,0,0,3,4,1,0,6,2010,9,4,0,0,1,1,0,59,1728,1.0,0,141000
60,4,83.0,10005,1,1,3,3,0,4,0,4,2,2,0,5,7,5,1977,1977,3,1,10,11,1,299.0,3,4,1,2,4,4,1,392,6,0,768,1160,1,0,1,5,1156,866,0,2022,0,0,2,1,4,1,4,8,7,1,5,1,1977.0,0,2,505,5,5,2,288,117,0,0,0,0,3,4,1,0,3,2008,9,4,0,1,1,1,1,31,3182,2.5,405,192000
60,4,82.0,11287,1,1,3,3,0,4,0,20,2,2,0,5,7,6,1989,1989,1,1,10,11,1,340.0,2,4,1,2,4,0,2,421,6,0,386,807,1,2,1,5,1175,807,0,1982,0,0,2,1,3,1,2,7,7,1,5,1,1989.0,0,2,575,5,5,2,0,84,0,196,0,0,3,4,1,0,1,2007,9,4,0,1,1,1,1,18,2789,2.5,280,228500
20,1,60.0,7200,1,2,3,3,0,4,0,21,2,2,0,2,6,5,2006,2006,1,1,13,14,3,68.0,2,4,2,2,4,4,2,905,6,0,357,1262,1,2,1,5,1262,0,0,1262,0,0,2,0,2,1,2,5,7,0,3,1,2006.0,0,2,572,5,5,2,0,120,0,0,0,0,3,4,1,0,5,2006,7,5,0,0,1,1,0,0,2524,2.0,120,185000
120,4,34.0,5063,1,1,3,3,0,4,0,16,2,2,3,2,7,5,2007,2008,1,1,13,14,3,166.0,2,4,2,2,4,4,2,904,6,0,410,1314,1,0,1,5,1314,0,0,1314,1,0,2,0,2,1,2,6,7,1,2,1,2008.0,2,2,626,5,5,2,172,62,0,0,0,0,3,4,1,0,4,2009,5,4,0,0,1,1,1,2,2628,3.0,234,207500
20,4,74.0,9612,1,1,3,3,0,4,0,21,1,2,0,2,8,5,2008,2009,1,1,13,14,3,72.0,2,4,2,2,4,4,6,0,6,0,1468,1468,1,0,1,5,1468,0,0,1468,0,0,2,0,3,1,2,6,7,1,2,1,2008.0,0,3,898,5,5,2,210,150,0,0,0,0,3,4,1,0,12,2009,7,5,0,0,1,1,1,1,2936,2.0,360,244600
120,4,50.0,8012,1,1,3,3,0,4,0,20,2,2,4,2,6,5,1992,1992,1,1,10,7,2,0.0,2,4,2,2,4,4,2,430,6,0,1145,1575,1,2,1,5,1575,0,0,1575,1,0,2,0,2,1,2,5,7,0,3,1,1992.0,2,2,529,5,5,2,0,0,52,0,0,0,3,4,1,0,7,2007,9,4,0,0,1,1,0,15,3150,3.0,52,179200
160,1,35.0,4251,1,2,0,3,0,4,0,21,2,2,4,5,7,5,2006,2007,1,1,8,8,2,0.0,2,4,2,2,4,4,6,0,6,0,625,625,1,0,1,5,625,625,0,1250,0,0,2,1,2,1,2,5,7,0,3,5,2006.0,2,2,528,5,5,2,0,54,0,0,0,0,3,4,1,0,6,2007,7,5,0,1,1,1,0,1,1875,2.5,54,164700
50,4,77.0,9786,1,1,0,0,0,4,0,12,2,2,0,0,6,7,1962,1981,1,1,14,15,2,0.0,3,4,1,4,4,4,5,600,6,0,312,912,1,4,1,5,1085,649,0,1734,0,0,1,1,3,1,2,7,7,1,2,1,1962.0,2,2,440,5,5,2,0,0,0,0,128,0,3,0,1,0,6,2006,9,4,0,1,1,1,1,44,2646,1.5,128,159000
20,4,68.0,8125,1,1,0,3,0,0,0,12,2,2,0,2,4,4,1971,1971,1,1,6,6,2,0.0,3,4,1,4,4,4,1,614,6,0,244,858,1,4,1,5,858,0,0,858,0,0,1,0,3,1,4,5,7,0,3,6,1978.0,1,0,0,3,3,2,0,0,0,0,0,0,3,4,1,0,6,2006,9,4,0,0,0,1,0,35,1716,1.0,0,88000
20,4,68.0,9819,1,1,0,3,0,4,0,19,2,2,0,2,5,5,1967,1967,1,1,8,8,1,31.0,3,2,1,4,4,4,1,450,6,0,432,882,1,4,1,5,900,0,0,900,0,0,1,0,3,1,4,5,7,0,3,5,1970.0,3,1,280,5,5,2,0,0,0,0,0,0,3,2,1,0,2,2010,9,4,0,0,1,1,0,43,1782,1.0,0,122000
70,4,60.0,8730,1,1,3,3,0,4,0,3,6,2,0,5,6,7,1915,2003,1,1,14,15,2,0.0,3,4,0,4,4,4,6,0,6,0,698,698,1,0,1,0,698,698,0,1396,0,0,1,0,3,1,4,7,7,0,3,5,2003.0,3,1,384,5,5,2,0,0,0,0,259,0,3,4,1,0,7,2007,9,4,0,1,1,1,0,92,2094,1.0,259,153575
60,4,120.0,15611,1,1,3,3,0,4,0,5,2,2,0,5,8,5,2006,2006,1,1,13,14,2,0.0,2,4,2,2,4,0,6,0,6,0,1079,1079,1,0,1,5,1079,840,0,1919,0,0,2,1,3,1,2,8,7,1,2,1,2006.0,2,2,685,2,5,2,0,51,0,0,0,0,3,4,1,0,7,2006,7,5,0,1,1,1,1,0,2998,2.5,51,233230
190,4,55.0,5687,1,0,3,0,0,4,0,18,2,2,1,5,5,6,1912,2000,1,1,13,14,2,0.0,3,1,2,4,0,4,5,210,6,0,570,780,1,0,0,5,936,780,0,1716,1,0,2,0,6,1,1,9,7,0,3,6,1978.0,1,0,0,3,3,0,0,184,0,0,0,0,3,4,1,0,3,2008,9,4,0,1,0,1,0,96,2496,3.0,184,135900
50,4,60.0,11409,1,1,3,3,0,4,0,7,2,2,0,0,5,4,1949,2008,1,1,14,15,2,0.0,3,4,1,4,4,4,3,292,6,0,476,768,1,2,1,5,1148,568,0,1716,0,0,1,1,3,1,4,8,3,1,2,1,1949.0,3,1,281,5,5,2,0,0,0,0,160,0,3,4,1,0,1,2009,9,4,0,1,1,1,1,60,2484,1.5,160,131000
60,4,68.0,16659,1,1,0,3,0,0,0,14,3,2,0,5,7,7,1977,1994,1,1,10,11,1,34.0,3,4,1,4,4,4,0,795,6,0,0,795,1,1,1,5,1468,795,0,2263,1,0,2,1,3,1,2,9,7,1,5,1,1977.0,0,2,539,5,5,2,0,250,0,0,0,0,3,4,1,0,3,2006,9,4,0,1,1,1,1,29,3058,3.5,250,235000
20,4,80.0,9600,1,1,3,3,0,4,0,12,2,2,0,2,6,5,1953,1953,3,1,6,6,3,238.0,3,4,1,4,4,4,2,1285,6,0,131,1416,1,4,1,5,1644,0,0,1644,1,0,1,0,3,1,4,7,7,2,2,1,1953.0,0,2,418,5,5,2,110,0,0,0,0,0,3,4,1,0,10,2009,9,4,0,0,1,1,1,56,3060,2.0,110,167000
80,4,37.0,7937,1,1,0,3,0,1,0,11,2,2,0,7,6,6,1984,1984,1,1,6,6,2,0.0,3,4,1,4,4,0,2,819,6,0,184,1003,1,4,1,5,1003,0,0,1003,1,0,1,0,3,1,4,6,7,0,3,5,1984.0,3,2,588,5,5,2,120,0,0,0,0,0,3,0,1,0,3,2006,9,4,0,0,1,1,0,22,2006,2.0,120,142500
50,5,75.0,13710,1,1,3,3,0,4,0,9,2,2,0,0,5,5,1950,1950,1,1,14,15,2,0.0,3,4,1,4,4,4,1,420,6,0,490,910,1,4,1,0,910,648,0,1558,0,0,1,1,4,1,4,6,7,0,3,1,1950.0,3,1,282,5,5,2,289,0,0,0,0,0,3,2,1,0,6,2007,9,4,0,1,1,1,0,57,2468,1.5,289,152000
60,1,66.0,7399,1,2,0,3,0,4,0,21,2,2,0,5,7,5,1997,1998,3,1,13,14,1,1600.0,2,4,2,2,4,4,1,649,6,0,326,975,1,0,1,5,975,975,0,1950,0,0,2,1,3,1,2,7,7,1,5,5,1997.0,2,2,576,5,5,2,0,10,0,0,198,0,3,4,1,0,6,2007,9,4,0,1,1,1,1,10,2925,2.5,208,239000
60,4,90.0,11700,1,1,3,3,0,4,0,14,2,2,0,5,6,6,1968,1968,4,1,6,1,1,365.0,2,4,1,4,4,4,0,384,5,175,143,702,1,2,1,5,1041,702,0,1743,0,1,1,2,3,1,4,7,7,1,2,1,1968.0,3,2,539,5,5,2,224,0,0,0,0,0,3,4,1,0,6,2007,9,4,0,1,1,1,1,39,2445,2.5,224,175000
20,4,80.0,14000,1,1,3,3,0,4,0,6,2,2,0,2,6,8,1950,2004,1,1,6,6,2,0.0,3,2,1,4,4,4,6,0,6,0,1092,1092,1,0,1,5,1152,0,0,1152,0,1,1,0,3,1,2,6,7,1,2,1,1950.0,3,1,300,5,5,2,0,36,0,0,0,0,3,0,1,0,8,2009,9,3,0,0,1,1,1,59,2244,1.5,36,158500
190,4,90.0,15750,1,1,3,3,0,0,0,6,2,2,1,2,5,5,1953,1953,3,1,8,8,1,56.0,3,4,1,4,4,2,1,841,6,0,324,1165,1,4,1,5,1336,0,0,1336,1,0,1,0,2,1,4,5,7,2,2,1,1953.0,3,1,375,5,5,2,0,0,0,0,0,0,3,4,1,0,6,2006,9,4,0,0,1,1,1,53,2501,2.0,0,157000
60,4,66.0,16226,1,1,2,3,0,4,0,5,2,2,0,5,8,5,1998,1999,1,1,13,14,2,0.0,2,4,2,2,4,4,2,281,6,0,747,1028,1,0,1,5,1210,1242,0,2452,0,0,2,1,4,1,2,9,7,1,5,3,1998.0,0,2,683,5,5,2,208,50,0,0,0,0,3,4,1,0,5,2007,9,4,0,1,1,1,1,9,3480,2.5,258,267000
20,4,118.0,13704,1,1,0,3,0,0,0,5,2,2,0,2,7,5,2001,2002,1,1,13,14,1,150.0,2,4,2,2,4,4,6,0,6,0,1541,1541,1,0,1,5,1541,0,0,1541,0,0,2,0,3,1,2,6,7,1,5,1,2001.0,2,3,843,5,5,2,468,81,0,0,0,0,3,4,1,0,1,2006,9,4,0,0,1,1,1,5,3082,2.0,549,205000
20,4,70.0,9800,1,1,3,3,0,0,0,5,2,2,0,2,5,7,1972,1972,1,1,13,14,2,0.0,3,4,2,4,4,4,0,894,6,0,0,894,1,4,1,5,894,0,0,894,1,0,1,0,3,1,4,5,7,0,3,1,1975.0,3,2,552,5,5,2,256,0,0,0,0,0,3,1,1,0,7,2006,9,0,0,0,1,1,0,34,1788,2.0,256,149900
75,5,87.0,18386,1,1,3,3,0,4,0,17,2,2,0,3,7,9,1880,2002,1,1,5,5,2,0.0,3,4,0,4,4,4,6,0,6,0,1470,1470,1,0,1,5,1675,1818,0,3493,0,0,3,0,3,1,2,10,7,1,0,1,2003.0,3,3,870,5,5,2,302,0,0,0,0,0,3,4,1,0,5,2008,9,4,0,1,1,1,1,128,4963,3.0,302,295000
20,4,80.0,10386,1,1,3,3,0,4,0,5,2,2,0,2,8,5,2004,2005,1,1,5,5,3,246.0,2,4,2,2,4,4,2,1464,6,0,536,2000,1,0,1,5,2000,0,0,2000,1,0,2,0,3,1,2,8,7,0,3,1,2004.0,0,3,888,5,5,2,168,0,0,0,0,0,3,4,1,0,7,2007,9,4,0,0,1,1,0,3,4000,3.0,168,305900
60,4,116.0,13474,1,1,3,3,0,4,0,20,1,2,0,5,7,5,1990,1991,1,1,6,11,1,246.0,2,4,1,2,4,4,0,700,6,0,0,700,1,2,1,5,1122,1121,0,2243,1,0,2,1,4,1,2,8,7,1,5,1,1990.0,2,3,746,5,5,2,127,44,224,0,0,0,3,4,1,0,6,2007,9,4,0,1,1,1,1,17,2943,3.5,395,225000
50,5,68.0,7920,1,0,0,3,0,4,0,9,0,2,0,0,6,7,1920,1950,1,1,8,8,2,0.0,3,1,1,4,4,4,6,0,6,0,319,319,1,4,1,0,1035,371,0,1406,0,0,1,0,3,1,1,6,7,0,3,6,1978.0,1,0,0,3,3,0,0,144,0,0,0,0,3,2,1,0,3,2008,9,4,0,1,0,1,0,88,1725,1.0,144,89500
30,4,68.0,12342,1,1,0,3,0,4,0,7,2,2,0,2,4,5,1940,1950,1,1,13,14,2,0.0,3,4,1,4,4,4,1,262,6,0,599,861,1,0,1,5,861,0,0,861,0,0,1,0,1,1,4,4,7,0,3,5,1961.0,3,2,539,5,5,2,158,0,0,0,0,0,3,4,1,0,3,2009,9,4,0,0,1,1,0,69,1722,1.0,158,82500
60,4,68.0,7685,1,1,0,3,0,4,0,8,2,2,0,5,6,5,1993,1994,1,1,6,6,1,112.0,3,4,2,2,4,4,0,518,6,0,179,697,1,2,1,5,697,804,0,1501,0,0,2,1,3,1,2,6,7,1,5,1,1993.0,0,2,420,5,5,2,190,63,0,0,0,0,3,4,1,0,5,2006,9,4,0,1,1,1,1,13,2198,2.5,253,165600
20,4,50.0,8000,1,1,3,3,0,4,0,12,2,2,0,2,6,6,1948,2002,1,1,13,14,2,0.0,3,2,1,4,4,4,0,680,6,0,292,972,1,0,1,5,972,0,0,972,1,0,1,0,2,1,4,5,7,1,2,5,1948.0,3,1,240,5,5,2,0,0,0,0,0,0,3,4,1,0,5,2009,9,4,0,0,1,1,1,61,1944,2.0,0,132000
190,5,65.0,7800,1,1,3,3,0,4,0,17,0,2,1,0,5,7,1939,1950,1,1,8,8,2,0.0,3,4,1,2,4,2,5,507,6,0,286,793,1,4,1,5,793,325,0,1118,1,0,1,0,3,1,4,5,7,1,2,5,1939.0,3,2,410,5,5,2,0,0,0,0,271,0,3,2,1,0,5,2006,9,4,0,1,1,1,1,67,1911,2.0,271,119900
70,5,60.0,9600,1,0,3,3,0,4,0,17,2,2,0,5,7,7,1925,1990,1,1,14,15,2,0.0,3,4,0,4,1,4,3,16,6,0,712,728,1,0,1,5,832,809,0,1641,0,1,1,1,3,1,0,6,7,1,2,5,1925.0,3,2,546,1,5,2,0,0,234,0,0,0,3,4,1,0,8,2006,9,4,0,1,1,1,1,81,2369,2.0,234,178000
60,4,71.0,7795,1,1,0,3,0,4,0,8,2,2,0,5,7,5,2004,2005,1,1,13,14,2,0.0,2,4,2,2,4,4,2,425,6,0,291,716,1,0,1,5,716,716,0,1432,1,0,2,1,3,1,2,6,7,1,2,1,2004.0,0,2,432,5,5,2,100,51,0,0,0,0,3,4,1,0,7,2009,9,4,0,1,1,1,1,5,2148,3.5,151,188500
60,4,94.0,13005,1,1,0,3,0,0,0,14,2,2,0,5,7,7,1980,1980,1,1,5,5,1,278.0,2,4,1,2,4,4,2,692,6,0,153,845,1,4,1,5,1153,1200,0,2353,1,0,2,1,4,1,0,10,7,1,5,1,1983.0,2,2,484,5,5,2,288,195,0,0,0,0,3,0,1,0,8,2009,9,4,0,1,1,1,1,29,3198,3.5,483,260000
60,1,75.0,9000,1,1,3,3,0,4,0,21,2,2,0,5,8,5,2006,2006,1,1,13,14,2,0.0,2,4,2,2,4,0,6,0,6,0,1088,1088,1,0,1,5,1088,871,0,1959,0,0,2,1,3,1,2,8,7,1,2,1,2006.0,2,3,1025,5,5,2,208,46,0,0,0,0,3,4,1,0,12,2007,9,4,0,1,1,1,1,1,3047,2.5,254,270000
60,4,90.0,9900,1,1,3,2,0,4,1,15,2,2,0,5,7,5,1993,1993,1,1,6,6,1,256.0,2,4,2,2,4,1,2,987,6,0,360,1347,1,0,1,5,1372,1274,0,2646,1,0,2,1,4,1,2,9,7,1,5,1,1993.0,2,3,656,5,5,2,340,60,144,0,0,0,3,4,1,0,4,2009,9,4,0,1,1,1,1,16,3993,3.5,544,260000
80,4,68.0,14115,1,1,3,3,0,4,0,14,2,2,0,7,7,5,1980,1980,1,1,10,11,1,225.0,3,4,1,2,4,0,2,1036,6,0,336,1372,1,4,1,5,1472,0,0,1472,1,0,2,0,3,1,4,6,7,2,5,1,1980.0,3,2,588,5,5,2,233,48,0,0,0,0,3,4,1,0,6,2009,9,4,0,0,1,1,1,29,2844,3.0,281,187500
60,4,86.0,10380,1,1,0,3,0,4,0,20,2,2,0,5,7,5,1986,1987,1,1,10,11,1,172.0,2,4,1,4,4,1,3,28,0,1474,0,1502,1,0,1,5,1553,1177,0,2730,1,0,2,1,4,1,2,8,7,1,5,1,1987.0,0,2,576,5,5,2,201,96,0,0,0,0,3,2,1,0,8,2007,9,4,0,1,1,1,1,21,4232,3.5,297,301000
20,5,49.0,5820,1,1,3,3,0,4,0,17,2,2,0,2,3,8,1955,2005,1,1,13,14,2,0.0,3,2,1,4,4,4,0,256,6,0,906,1162,1,0,1,5,1163,0,0,1163,1,0,1,0,3,1,4,6,7,0,3,1,1955.0,3,1,220,1,5,2,142,98,0,0,0,0,3,4,1,0,7,2006,9,4,0,0,1,1,0,51,2325,2.0,240,126175
80,4,96.0,11275,1,1,3,3,0,0,0,12,4,2,0,7,7,7,1967,2007,4,6,14,15,1,300.0,2,2,1,2,4,4,6,0,6,0,710,710,1,0,1,5,1898,1080,0,2978,0,0,2,1,5,1,2,11,7,1,2,3,1961.0,0,2,564,5,5,2,240,0,0,0,0,0,3,4,1,0,6,2010,9,4,0,1,1,1,1,43,3688,2.5,240,242000
45,5,50.0,5000,1,1,3,3,0,4,0,9,5,2,0,1,5,6,1941,1950,1,1,8,8,2,0.0,3,4,1,4,4,0,1,116,6,0,604,720,1,3,0,1,803,0,0,803,0,0,1,0,2,1,4,5,7,0,3,5,1941.0,3,2,360,5,5,2,0,0,244,0,0,0,3,4,1,0,12,2007,9,4,0,0,1,1,0,66,1523,1.0,244,87000
120,4,32.0,10846,1,1,0,3,0,1,0,24,2,2,4,2,8,5,1993,1993,1,1,3,3,2,0.0,2,4,2,2,4,1,2,1619,6,0,100,1719,1,0,1,5,1719,0,0,1719,2,0,1,1,1,1,2,6,7,2,2,1,1993.0,0,2,473,5,5,2,122,30,0,0,0,0,3,4,1,0,5,2008,2,4,0,0,1,1,1,15,3438,3.5,152,324000
20,4,80.0,11600,1,1,3,3,0,4,0,12,2,2,0,2,6,5,1960,1960,3,1,14,15,1,175.0,3,4,1,4,4,4,5,565,6,0,818,1383,1,4,1,5,1383,0,0,1383,0,0,1,1,3,1,4,7,7,0,3,1,1960.0,2,1,292,5,5,2,0,45,0,0,0,0,3,4,1,0,4,2006,9,4,0,0,1,1,0,46,2766,1.5,45,145250
75,4,68.0,11888,1,2,0,0,0,4,0,3,4,2,0,4,6,6,1916,1994,1,1,14,16,2,0.0,3,4,0,4,4,4,6,0,6,0,844,844,1,2,0,0,1445,689,0,2134,0,0,2,0,5,1,2,10,7,0,3,5,1930.0,3,2,441,5,5,2,0,60,268,0,0,0,3,4,1,0,7,2009,9,4,0,1,1,1,0,93,2978,2.0,328,214500
70,5,60.0,6402,1,1,3,3,0,0,0,9,2,2,0,5,5,5,1920,1950,1,1,14,16,2,0.0,3,4,2,4,4,2,6,0,6,0,596,596,1,4,0,5,596,596,0,1192,0,0,1,0,3,1,4,6,7,0,3,5,1920.0,3,1,189,1,1,0,0,0,137,0,0,0,3,1,1,0,7,2009,9,4,0,1,1,1,0,89,1788,1.0,137,78000
90,4,68.0,10624,1,1,0,3,0,4,0,12,2,2,2,2,5,4,1964,1964,1,1,6,6,1,84.0,3,4,1,4,4,4,2,40,5,264,1424,1728,1,4,1,5,1728,0,0,1728,0,1,2,0,6,2,4,10,7,0,3,5,2002.0,3,1,352,5,5,2,155,0,0,0,0,0,3,4,1,0,11,2007,9,4,0,0,1,1,0,43,3456,2.5,155,119000
20,4,70.0,8176,1,1,3,3,0,4,0,12,2,2,0,2,5,6,1958,1992,1,1,14,15,2,0.0,3,4,1,4,4,4,5,846,6,0,210,1056,1,1,1,5,1056,0,0,1056,1,0,1,0,3,1,4,6,7,0,3,1,1958.0,2,1,308,5,5,2,0,0,0,0,0,0,3,4,1,0,8,2007,9,4,0,0,1,1,0,49,2112,2.0,0,139000
20,4,85.0,10655,1,1,0,3,0,4,0,16,2,2,0,2,8,5,2003,2004,1,1,13,14,1,296.0,2,4,2,2,4,4,2,1124,4,479,1603,3206,1,0,1,5,1629,0,0,1629,1,0,2,0,3,1,2,7,7,1,2,1,2003.0,2,3,880,5,5,2,0,0,0,0,0,0,3,4,1,0,10,2009,9,4,0,0,1,1,1,6,4835,3.0,0,284000
120,5,59.0,8198,1,1,3,3,0,3,0,16,2,2,4,2,7,5,2004,2004,1,1,13,14,3,146.0,2,4,2,2,4,0,2,720,6,0,638,1358,1,0,1,5,1358,0,0,1358,1,0,2,0,2,1,2,6,7,1,2,1,2004.0,2,2,484,5,5,2,192,30,0,0,0,0,3,4,1,0,7,2008,9,4,0,0,1,1,1,4,2716,3.0,222,207000
60,4,59.0,9042,1,1,0,3,0,4,0,8,2,2,0,5,6,5,1998,1998,1,1,13,14,2,0.0,3,4,2,2,4,1,2,828,6,0,115,943,1,2,1,5,943,695,0,1638,1,0,2,1,3,1,4,7,7,2,5,1,1998.0,0,2,472,5,5,2,100,38,0,0,0,0,3,4,1,0,7,2008,9,4,0,1,1,1,1,10,2581,3.5,138,192000
190,4,68.0,164660,0,1,0,1,0,0,2,23,2,2,1,0,5,6,1965,1965,1,1,10,11,2,0.0,3,4,1,4,4,1,0,1249,1,147,103,1499,1,0,1,5,1619,167,0,1786,2,0,2,0,3,1,4,7,7,2,2,1,1965.0,0,2,529,5,5,2,670,0,0,0,0,0,3,4,3,700,8,2008,9,4,0,1,1,1,1,43,3285,4.0,670,228950
20,4,70.0,9135,1,1,3,3,0,4,0,5,2,2,0,2,7,5,2002,2003,1,1,13,14,1,113.0,2,4,2,2,4,0,2,810,6,0,726,1536,1,0,1,5,1536,0,0,1536,1,0,2,0,3,1,2,7,7,0,3,1,2002.0,2,2,532,5,5,2,192,74,0,0,0,0,3,4,1,0,12,2008,9,4,0,0,1,1,0,6,3072,3.0,266,214000
20,4,91.0,14145,1,1,3,3,0,0,0,14,2,2,0,2,7,7,1984,1998,1,1,14,15,2,0.0,2,4,1,2,4,2,0,213,6,0,995,1208,1,0,1,5,1621,0,0,1621,1,0,2,0,3,1,2,8,7,0,3,1,1984.0,2,2,440,5,5,2,108,45,0,0,0,0,3,4,3,400,5,2006,9,4,0,0,1,1,0,22,2829,3.0,153,202500
20,4,66.0,12400,1,1,0,3,0,4,0,12,1,2,0,2,6,7,1958,1998,3,1,14,15,1,176.0,3,4,1,4,0,4,5,585,6,0,630,1215,1,4,1,0,1215,0,0,1215,0,0,1,0,3,1,4,6,7,0,3,1,1958.0,3,1,297,5,5,2,0,0,0,0,234,0,3,4,1,0,6,2009,9,4,0,0,1,1,0,51,2430,1.0,234,155000
60,4,85.0,14191,1,1,3,3,0,4,0,23,2,2,0,5,8,5,2002,2002,1,1,13,14,2,0.0,2,4,2,2,4,4,6,0,6,0,967,967,1,0,1,5,993,915,0,1908,0,0,2,1,4,1,2,9,7,0,3,1,2002.0,0,2,431,5,5,2,135,0,0,0,0,0,3,4,1,0,4,2010,9,4,0,1,1,1,0,8,2875,2.5,135,202900
20,3,60.0,8400,1,1,3,3,0,4,0,20,1,2,0,2,4,4,1950,1950,1,1,14,0,2,0.0,1,1,1,4,0,4,6,0,6,0,721,721,1,2,1,5,841,0,0,841,0,0,1,0,2,1,4,4,7,0,3,4,1950.0,3,1,294,5,5,0,250,0,24,0,0,0,3,4,1,0,9,2009,9,4,0,0,1,1,0,59,1562,1.0,274,82000
90,4,68.0,8544,1,1,3,3,0,4,0,12,2,2,2,2,3,4,1949,1950,1,1,12,13,1,340.0,3,4,3,3,2,3,4,0,4,0,0,0,5,1,0,0,1040,0,0,1040,0,0,2,0,2,2,4,6,7,0,3,5,1949.0,3,2,400,5,5,2,0,0,0,0,0,0,3,4,1,0,5,2006,9,4,0,0,1,0,0,57,1040,2.0,0,87500
120,4,63.0,8849,1,1,0,3,0,4,0,16,2,2,4,2,9,5,2005,2005,3,1,8,8,1,616.0,0,4,2,0,4,4,2,28,6,0,1656,1684,1,0,1,5,1684,0,0,1684,0,0,2,0,2,1,0,6,7,1,0,1,2005.0,2,2,564,5,5,2,495,72,0,0,0,0,3,4,1,0,7,2008,9,4,0,0,1,1,1,3,3368,2.0,567,266000
160,5,36.0,2592,1,1,3,3,0,4,0,10,2,2,4,5,5,3,1976,1976,1,1,5,5,2,0.0,3,4,1,2,4,4,5,129,1,232,175,536,1,4,1,5,536,576,0,1112,0,0,1,1,3,1,4,4,7,0,3,1,1976.0,3,1,336,5,5,2,182,0,0,0,0,0,3,4,1,0,4,2010,9,4,0,1,1,1,0,34,1648,1.5,182,85000
50,4,65.0,6435,1,1,3,3,0,4,0,3,6,2,0,0,6,5,1939,1950,1,1,8,8,2,0.0,3,4,0,4,4,4,6,0,6,0,972,972,1,2,1,5,972,605,0,1577,0,0,1,0,3,1,1,6,7,1,2,5,1939.0,3,1,312,5,5,2,0,0,0,0,0,0,3,4,1,0,10,2006,9,4,0,1,1,1,1,67,2549,1.0,0,140200
20,4,68.0,12772,1,1,0,3,0,1,0,12,2,2,0,2,6,8,1960,1998,3,1,8,8,2,0.0,3,2,1,4,4,2,1,498,6,0,460,958,1,4,1,5,958,0,0,958,0,0,1,0,2,1,4,5,7,0,3,1,1960.0,2,1,301,5,5,2,0,0,0,0,0,0,3,4,0,15500,4,2007,9,4,0,0,1,1,0,47,1916,1.0,0,151500
20,4,68.0,17600,1,1,0,3,0,4,0,12,2,2,0,2,6,5,1960,1960,1,1,14,15,1,30.0,3,4,1,4,4,4,1,1270,6,0,208,1478,1,0,1,0,1478,0,0,1478,1,0,2,0,3,1,4,6,7,2,2,1,1960.0,3,2,498,5,5,2,0,40,0,0,0,0,3,4,1,0,12,2009,9,4,0,0,1,1,1,49,2956,3.0,40,157500
160,4,36.0,2448,1,1,3,3,0,4,0,16,2,2,3,5,7,5,2003,2004,1,1,13,16,3,106.0,2,4,2,2,4,4,2,573,6,0,191,764,1,0,1,5,764,862,0,1626,1,0,2,1,2,1,2,6,7,0,3,3,2003.0,2,2,474,5,5,2,0,27,0,0,0,0,3,4,1,0,10,2008,9,4,0,1,1,1,0,5,2390,3.5,27,154000
120,4,68.0,7820,1,1,0,3,0,4,0,16,2,2,4,2,9,5,2007,2007,3,1,8,8,1,362.0,0,4,2,0,4,4,6,0,6,0,1869,1869,1,0,1,5,1869,0,0,1869,0,0,2,0,2,1,0,6,7,1,2,1,2007.0,2,2,617,5,5,2,210,54,0,0,0,0,3,4,1,0,12,2007,7,5,0,0,1,1,1,0,3738,2.0,264,318061
120,4,68.0,5271,1,1,0,2,0,4,1,4,2,2,0,2,7,5,1986,1986,1,1,14,15,2,0.0,3,4,2,2,4,1,2,1082,6,0,371,1453,1,2,1,5,1453,0,0,1453,1,0,1,1,2,1,2,6,7,1,5,1,1986.0,2,2,445,5,5,2,0,80,0,0,184,0,3,4,1,0,12,2006,9,0,0,0,1,1,1,20,2906,2.5,264,190000
50,4,60.0,9084,1,1,3,3,0,4,0,7,0,2,0,0,5,6,1941,1950,1,1,13,14,2,0.0,3,4,1,4,0,2,3,236,5,380,0,616,1,4,0,5,616,495,0,1111,0,1,1,0,3,1,4,5,7,0,3,5,1941.0,3,1,200,5,1,2,48,0,0,0,0,0,3,4,1,0,3,2008,5,4,0,1,1,1,0,67,1727,1.5,48,95000
30,5,60.0,8520,1,1,3,3,0,4,0,17,2,2,0,2,6,8,1928,2003,1,1,13,14,2,0.0,3,2,0,4,4,4,6,0,6,0,624,624,1,2,1,5,720,0,0,720,0,0,1,0,2,1,4,5,7,0,3,5,2005.0,3,2,484,5,5,2,106,0,0,0,0,0,3,4,1,0,5,2010,9,4,0,0,1,1,0,82,1344,1.0,106,105900
50,4,60.0,8400,1,1,3,0,0,4,0,18,2,2,0,0,6,5,1940,2000,1,1,14,8,2,0.0,3,4,1,4,4,4,3,388,6,0,552,940,1,0,1,5,1192,403,0,1595,0,0,1,0,2,1,4,6,7,2,2,1,1940.0,3,1,240,5,5,2,0,0,108,0,0,0,3,4,1,0,6,2006,9,4,0,1,1,1,1,66,2535,1.0,108,140000
20,4,105.0,11249,1,1,1,3,0,4,0,5,2,2,0,2,6,5,1995,1995,1,1,13,14,2,0.0,2,2,2,2,1,4,0,334,1,544,322,1200,1,0,1,5,1200,0,0,1200,1,0,2,0,3,1,2,6,7,0,3,1,1995.0,2,2,521,5,5,2,0,26,0,0,0,0,3,4,1,0,8,2007,9,4,0,0,1,1,0,12,2400,3.0,26,177500
20,4,68.0,9248,1,1,0,3,0,4,0,8,2,2,0,2,6,6,1992,1992,1,1,6,6,1,106.0,3,4,2,2,4,4,2,560,6,0,598,1158,1,2,1,5,1167,0,0,1167,1,0,2,0,3,1,2,6,7,0,3,1,1992.0,2,2,400,5,5,2,120,26,0,0,0,0,3,4,1,0,7,2009,9,4,0,0,1,1,0,17,2325,3.0,146,173000
120,5,44.0,4224,1,1,3,3,0,4,0,10,2,2,4,2,5,5,1976,1976,1,1,5,5,2,0.0,3,4,2,2,4,4,0,874,6,0,268,1142,1,4,1,5,1142,0,0,1142,1,0,1,1,3,1,4,6,7,1,4,1,1976.0,0,2,528,5,5,2,536,90,0,0,0,0,3,2,1,0,8,2007,9,4,0,0,1,1,1,31,2284,2.5,626,134000
80,4,92.0,6930,1,1,0,3,0,4,0,4,2,2,0,7,5,4,1958,1958,3,1,14,7,1,120.0,3,4,1,4,4,0,1,300,5,294,468,1062,1,0,1,1,1352,0,0,1352,0,1,1,0,3,1,2,6,3,0,3,3,1958.0,3,1,288,5,5,2,168,0,294,0,0,0,3,4,1,0,7,2006,9,0,0,0,1,1,0,48,2414,1.5,462,130000
60,4,78.0,12011,1,1,0,3,0,1,0,15,2,2,0,5,8,5,1998,1998,1,1,13,14,1,530.0,2,4,2,2,4,0,2,956,6,0,130,1086,1,0,1,5,1086,838,0,1924,1,0,2,1,3,1,2,7,7,1,5,1,1998.0,2,2,592,5,5,2,208,75,0,0,374,0,3,4,1,0,6,2006,9,4,0,1,1,1,1,8,3010,3.5,657,280000
85,4,68.0,7540,1,1,0,3,0,1,0,11,2,2,0,6,6,6,1978,1978,1,1,13,14,2,0.0,3,4,1,2,4,0,2,773,6,0,115,888,1,0,1,5,912,0,0,912,1,0,1,0,2,1,4,5,7,1,5,1,1978.0,2,2,470,5,5,2,0,0,0,0,192,0,3,2,1,0,6,2007,9,4,0,0,1,1,1,29,1800,2.0,192,156000
50,4,68.0,9144,1,2,3,3,0,4,0,3,2,2,0,0,5,5,1940,1982,1,1,8,8,2,0.0,3,4,1,4,4,4,5,399,6,0,484,883,1,2,1,5,988,517,0,1505,1,0,1,0,3,1,4,8,7,0,3,5,1940.0,3,1,240,5,5,0,0,0,0,0,0,0,3,4,1,0,7,2008,9,4,0,1,1,1,0,68,2388,2.0,0,145000
85,4,64.0,7301,1,1,3,3,0,0,0,7,2,2,0,6,7,5,2003,2003,1,1,6,6,1,500.0,2,4,3,3,2,3,4,0,4,0,0,0,1,0,1,5,495,1427,0,1922,0,0,3,0,4,1,2,7,7,1,0,3,2003.0,2,2,672,5,5,2,0,0,177,0,0,0,3,4,1,0,7,2009,3,4,0,1,1,0,1,6,1922,3.0,177,198500
160,5,21.0,1680,1,1,3,3,0,4,0,2,2,2,3,5,6,8,1972,2007,1,1,6,6,1,510.0,3,4,1,4,4,4,0,162,6,0,321,483,1,2,1,5,483,504,0,987,0,0,1,1,2,1,2,5,7,0,3,5,1972.0,3,1,264,5,5,2,250,0,0,0,0,0,3,4,1,0,5,2009,9,4,0,1,1,1,0,37,1470,1.5,250,118000
60,4,68.0,18800,1,1,0,3,0,2,0,14,2,2,0,5,6,5,1976,1976,1,1,6,6,1,120.0,3,4,2,2,4,2,2,712,6,0,84,796,1,4,1,5,790,784,0,1574,1,0,2,1,3,1,4,6,7,1,5,1,1976.0,0,2,566,5,5,2,306,111,0,0,0,0,3,4,1,0,7,2006,9,4,0,1,1,1,1,30,2370,3.5,417,190000
70,5,59.0,10690,1,1,3,3,0,4,0,9,2,2,0,5,5,7,1920,1997,3,1,13,14,2,0.0,3,2,1,4,0,4,5,456,6,0,216,672,1,2,1,0,672,672,0,1344,0,0,1,0,3,1,4,6,7,0,3,5,1964.0,3,1,468,5,1,2,0,128,218,0,0,0,3,4,1,0,7,2009,9,4,0,1,1,1,0,89,2016,1.0,346,147000
20,4,68.0,9500,1,1,0,3,0,4,0,12,2,2,0,2,6,5,1963,1963,1,1,10,11,1,247.0,3,4,1,2,4,4,1,609,6,0,785,1394,1,2,1,5,1394,0,0,1394,1,0,1,1,3,1,4,6,7,2,2,1,1963.0,2,2,514,5,5,2,0,76,0,0,185,0,3,4,1,0,7,2009,9,4,0,0,1,1,1,46,2788,2.5,261,159000
80,4,101.0,9150,1,1,0,3,0,0,0,12,2,2,0,7,6,5,1962,1962,1,5,10,11,1,305.0,3,4,1,2,4,1,2,371,6,0,728,1099,1,2,1,5,1431,0,0,1431,0,1,1,0,3,1,4,6,7,1,2,2,1962.0,2,1,296,5,5,2,64,110,0,0,0,0,3,4,1,0,12,2008,9,4,0,0,1,1,1,46,2530,1.5,174,165000
20,4,78.0,7800,1,1,3,3,0,4,0,12,2,2,0,2,5,6,1954,1954,1,1,6,6,1,200.0,3,4,2,4,4,4,3,540,6,0,728,1268,1,2,1,5,1268,0,0,1268,0,0,1,0,2,1,4,7,7,1,2,1,1954.0,0,1,244,5,5,2,0,98,0,0,0,0,3,4,1,0,3,2010,9,4,0,0,1,1,1,56,2536,1.0,98,132000
20,4,68.0,9830,1,1,0,3,0,0,0,12,2,2,0,2,5,7,1959,2006,1,1,14,15,2,0.0,3,2,1,4,4,4,0,72,5,258,733,1063,1,0,1,5,1287,0,0,1287,1,0,1,0,3,1,2,7,7,1,2,5,1997.0,0,2,576,5,5,2,364,17,0,0,182,0,3,4,1,0,3,2010,9,4,0,0,1,1,1,51,2350,2.0,563,162000
60,4,68.0,8121,1,1,0,3,0,4,0,8,2,2,0,5,6,5,2000,2000,1,1,13,14,2,0.0,3,4,2,2,4,4,6,0,6,0,953,953,1,0,1,5,953,711,0,1664,0,0,2,1,3,1,4,7,7,1,5,1,2000.0,2,2,460,5,5,2,100,40,0,0,0,0,3,4,1,0,1,2006,9,4,0,1,1,1,1,6,2617,2.5,140,172400
50,4,80.0,17120,1,1,3,3,0,4,0,4,1,2,0,0,4,4,1959,1959,1,1,15,11,2,0.0,3,4,1,3,2,3,4,0,4,0,0,0,1,4,1,5,1120,468,0,1588,0,0,2,0,4,1,4,7,3,1,2,5,1991.0,0,2,680,5,5,0,0,59,0,0,0,0,3,4,1,0,7,2008,9,4,0,1,1,0,1,49,1588,2.0,59,134432
120,4,50.0,7175,1,1,3,3,0,4,0,20,2,2,4,2,6,5,1984,1984,1,1,10,11,2,0.0,3,4,1,2,4,4,0,623,3,121,0,744,1,4,1,5,752,0,0,752,1,0,1,0,2,1,4,4,7,0,3,1,1984.0,3,1,264,5,5,2,353,0,0,0,90,0,3,2,1,0,2,2010,9,4,0,0,1,1,0,26,1496,2.0,443,125000
20,4,79.0,10634,1,1,3,3,0,4,0,12,2,2,0,2,5,6,1953,1953,1,1,8,8,2,0.0,3,4,2,4,4,4,1,428,3,180,0,608,1,4,1,5,1319,0,0,1319,1,0,1,0,3,1,4,5,3,0,3,1,1953.0,3,1,270,5,5,2,66,0,0,0,0,0,3,1,1,0,11,2009,9,4,0,0,1,1,0,56,1927,2.0,66,123000
60,4,65.0,8200,1,1,3,3,0,4,0,5,2,2,0,5,7,5,2003,2004,1,1,13,14,2,0.0,2,4,2,2,4,4,6,0,6,0,847,847,1,0,1,5,847,1081,0,1928,0,0,2,1,4,1,2,8,7,1,2,3,2003.0,0,2,434,5,5,2,100,48,0,0,0,0,3,4,1,0,7,2007,9,4,0,1,1,1,1,4,2775,2.5,148,219500
30,4,68.0,10020,1,1,0,2,0,4,2,7,2,2,0,2,1,1,1922,1950,1,1,14,15,2,0.0,1,1,0,1,3,1,1,350,6,0,333,683,1,2,0,0,904,0,0,904,1,0,0,1,1,1,1,4,0,0,3,6,1978.0,1,0,0,3,3,2,0,0,0,0,0,0,3,4,1,0,3,2009,9,4,0,0,0,1,0,87,1587,1.5,0,61000
85,4,57.0,8846,1,1,0,3,0,1,0,5,2,2,0,6,5,5,1996,1996,1,1,13,14,2,0.0,2,4,2,2,4,0,2,298,6,0,572,870,1,0,1,5,914,0,0,914,0,0,1,0,2,1,4,5,7,0,3,5,1998.0,3,2,576,5,5,2,0,0,0,0,0,0,3,4,1,0,7,2006,9,4,0,0,1,1,0,10,1784,1.0,0,148000
60,1,102.0,11143,1,1,0,3,0,0,0,21,2,2,0,5,8,5,2004,2005,1,1,5,5,2,0.0,2,4,2,2,4,4,6,0,6,0,1580,1580,1,0,1,5,1580,886,0,2466,0,0,3,0,4,1,2,8,7,1,2,1,2004.0,2,2,610,5,5,2,159,214,0,0,0,0,3,4,1,0,12,2007,9,4,0,1,1,1,1,3,4046,3.0,373,340000
60,4,60.0,8123,1,1,0,3,0,4,0,8,6,2,0,5,6,5,2000,2000,1,1,13,14,1,16.0,3,4,2,2,4,4,6,0,6,0,982,982,1,0,1,5,1007,793,0,1800,0,0,2,1,3,1,4,7,7,1,5,1,2000.0,0,2,463,5,5,2,100,63,0,0,0,0,3,4,1,0,6,2009,9,4,0,1,1,1,1,9,2782,2.5,163,179000
50,4,50.0,5000,1,2,3,3,0,4,0,18,2,2,0,0,5,6,1924,1950,1,1,3,15,2,0.0,3,4,0,4,4,4,3,218,6,0,808,1026,1,4,1,5,1026,665,0,1691,0,0,2,0,3,1,2,6,7,1,2,5,1924.0,3,1,308,5,5,2,0,0,242,0,0,0,3,4,1,0,5,2010,9,4,0,1,1,1,1,86,2717,2.0,242,127000
20,1,60.0,7200,1,2,3,3,0,4,0,21,2,2,0,2,7,5,2006,2006,1,1,13,14,2,0.0,2,4,2,2,1,4,6,0,6,0,1293,1293,1,0,1,5,1301,0,0,1301,1,0,2,0,2,1,2,5,7,1,2,1,2006.0,2,2,572,5,5,2,216,121,0,0,0,0,3,4,1,0,8,2006,7,5,0,0,1,1,1,0,2594,3.0,337,187750
60,4,79.0,9245,1,1,0,3,0,4,0,5,2,2,0,5,7,5,2006,2006,1,1,13,14,2,0.0,2,4,2,2,4,0,6,0,6,0,939,939,1,0,1,5,939,858,0,1797,0,0,2,1,3,1,2,8,7,0,3,1,2006.0,2,2,639,5,5,2,144,53,0,0,0,0,3,4,1,0,4,2007,9,4,0,1,1,1,0,1,2736,2.5,197,213500
45,3,60.0,9000,1,1,3,3,0,0,0,20,2,2,0,1,6,3,1928,1950,1,1,14,15,2,0.0,3,4,0,1,0,4,6,0,6,0,784,784,1,4,0,0,784,0,0,784,0,0,1,0,2,1,4,5,7,0,3,5,1950.0,3,2,360,1,1,0,0,0,91,0,0,0,3,4,1,0,10,2009,9,4,0,0,1,1,0,81,1568,1.0,91,76000
60,4,68.0,53107,1,1,1,2,0,0,1,4,1,2,0,5,6,5,1992,1992,1,1,6,6,2,0.0,2,4,2,2,4,0,2,985,6,0,595,1580,1,0,1,5,1079,874,0,1953,1,0,2,1,3,1,2,9,7,2,1,1,1992.0,0,2,501,5,5,2,216,231,0,0,0,0,3,4,1,0,6,2007,9,4,0,1,1,1,1,15,3533,3.5,447,240000
120,4,43.0,3182,1,1,3,3,0,4,0,0,2,2,4,2,8,5,2004,2005,1,1,13,14,1,16.0,2,4,2,2,4,4,2,24,6,0,1232,1256,1,0,1,5,1269,0,0,1269,0,0,2,0,2,1,2,6,7,1,5,1,2004.0,0,2,430,5,5,2,146,20,0,0,144,0,3,4,1,0,4,2010,9,4,0,0,1,1,1,6,2525,2.0,310,192000
50,4,58.0,8410,1,1,3,3,0,2,0,7,1,2,0,0,5,3,1910,1996,2,1,14,14,2,0.0,3,1,2,4,4,4,6,0,6,0,658,658,1,4,1,5,658,526,0,1184,0,0,1,0,5,1,4,8,7,0,3,6,1978.0,1,0,0,3,3,0,0,151,0,0,0,0,3,4,1,0,5,2006,9,1,0,1,0,1,0,96,1842,1.0,151,81000
80,4,72.0,7200,1,1,3,3,0,4,0,7,2,2,0,7,6,6,1976,1976,3,1,8,8,1,255.0,3,4,1,4,4,0,0,631,6,0,410,1041,1,0,1,5,1125,0,0,1125,1,0,1,0,3,1,4,6,7,1,1,5,1977.0,3,1,352,5,5,2,296,0,0,0,0,0,3,1,1,0,10,2009,9,0,0,0,1,1,1,33,2166,2.0,296,125000
20,4,93.0,9382,1,1,0,3,0,1,0,5,2,2,0,2,7,5,1999,2000,1,1,13,14,1,125.0,2,4,2,2,4,4,6,0,6,0,1468,1468,1,0,1,5,1479,0,0,1479,0,0,2,0,3,1,2,6,7,0,3,1,1999.0,2,2,577,5,5,2,120,25,0,0,0,0,3,4,1,0,7,2008,9,4,0,0,1,1,0,9,2947,2.0,145,191000
50,4,50.0,8405,1,0,3,3,0,4,0,7,2,2,0,0,5,8,1900,1950,1,1,8,8,2,0.0,3,4,0,4,1,4,5,241,1,391,229,861,1,0,1,5,961,406,0,1367,1,0,1,0,4,1,4,7,7,0,3,5,1978.0,3,1,384,5,5,2,0,130,112,0,0,0,3,2,1,0,4,2008,9,4,0,1,1,1,0,108,2228,2.0,242,119000
60,4,71.0,12209,1,1,0,3,0,1,0,11,2,2,0,5,6,5,2001,2002,1,1,13,14,2,0.0,3,4,2,0,4,4,0,690,6,0,114,804,1,0,1,5,804,1157,0,1961,1,0,2,1,3,1,2,7,7,1,5,3,2001.0,0,2,560,5,5,2,125,192,0,0,0,0,3,4,1,0,6,2009,9,4,0,1,1,1,1,8,2765,3.5,317,215000
20,4,68.0,8339,1,1,0,3,0,4,0,12,2,2,0,2,5,7,1959,1959,1,1,8,8,2,0.0,3,4,3,3,2,3,4,0,4,0,0,0,1,4,1,5,882,0,0,882,0,0,1,0,3,1,4,5,7,0,3,1,1959.0,2,1,294,5,5,2,0,0,0,0,0,0,3,2,3,1200,7,2007,9,4,0,0,1,0,0,48,882,1.0,0,106500
30,4,68.0,7446,1,1,3,3,0,0,0,3,1,2,0,2,4,5,1941,1950,1,1,15,16,2,0.0,3,4,1,4,4,4,5,266,6,0,522,788,1,4,1,0,788,0,0,788,0,0,1,0,2,1,4,4,7,2,5,6,1978.0,1,0,0,3,3,2,0,0,0,0,0,0,3,1,1,0,4,2006,9,0,0,0,0,1,1,65,1576,1.0,0,100000
50,4,60.0,10134,1,1,3,3,0,4,0,17,2,2,0,0,5,6,1940,1950,1,1,8,8,2,0.0,3,4,1,4,4,4,6,0,6,0,735,735,1,2,1,0,735,299,0,1034,0,0,1,0,2,1,4,5,7,0,3,5,1940.0,3,1,240,5,5,2,0,39,0,0,0,0,3,4,1,0,7,2007,9,4,0,1,1,1,0,67,1769,1.0,39,109000
20,4,68.0,9571,1,1,3,3,0,4,0,7,2,2,0,2,5,6,1956,1956,1,1,14,15,2,0.0,3,4,1,4,4,0,1,739,6,0,405,1144,1,4,1,5,1144,0,0,1144,1,0,1,0,3,1,4,6,7,0,3,1,1956.0,3,1,596,5,5,2,44,0,0,0,0,0,3,4,1,0,6,2010,9,4,0,0,1,1,0,54,2288,2.0,44,129000
20,4,60.0,7200,1,1,3,2,0,4,0,5,2,2,0,2,5,5,1972,1972,3,1,8,8,2,0.0,3,4,1,4,4,0,5,777,6,0,117,894,1,4,1,5,894,0,0,894,0,0,1,0,2,1,4,6,7,0,3,5,1985.0,2,2,600,5,5,2,215,0,0,0,0,0,3,4,1,0,9,2009,9,4,0,0,1,1,0,37,1788,1.0,215,123000
60,4,69.0,7590,1,1,3,3,0,4,0,12,4,2,0,5,5,5,1962,1962,1,1,13,14,1,288.0,3,4,1,4,4,4,0,540,6,0,324,864,1,4,1,5,876,936,0,1812,0,0,2,0,4,1,4,8,7,1,5,1,1962.0,2,1,264,5,5,2,0,168,0,0,0,0,3,4,1,0,7,2007,9,4,0,1,1,1,1,45,2676,2.0,168,169500
30,5,60.0,8967,1,1,3,3,0,0,0,9,2,2,0,2,5,2,1920,1950,1,1,8,8,2,0.0,3,1,0,1,3,4,6,0,6,0,961,961,1,2,1,3,1077,0,0,1077,0,0,1,0,2,1,4,6,1,0,3,5,1920.0,3,1,338,4,4,0,0,0,0,0,0,0,3,4,1,0,11,2007,9,0,0,0,1,1,0,87,2038,1.0,0,67000
60,1,65.0,8125,1,1,3,3,0,4,0,21,2,2,0,5,7,5,2006,2007,1,1,5,5,3,100.0,2,4,2,2,4,4,2,812,6,0,280,1092,1,0,1,5,1112,438,0,1550,1,0,2,0,2,1,2,7,7,0,3,1,2007.0,0,2,438,5,5,2,0,168,0,0,0,0,3,4,1,0,10,2009,9,4,0,1,1,1,0,3,2642,3.0,168,241000
120,4,38.0,14963,1,1,1,3,0,4,0,24,2,2,4,2,8,5,1996,1996,1,1,3,3,2,0.0,2,4,2,2,4,4,2,786,6,0,474,1260,1,0,1,5,1288,0,0,1288,1,0,1,1,1,1,0,4,7,2,2,1,1996.0,0,2,500,5,5,2,120,30,0,0,224,0,3,4,1,0,12,2008,9,4,0,0,1,1,1,12,2548,2.5,374,245500
20,4,65.0,8767,1,1,0,3,0,4,0,5,2,2,0,2,7,5,2005,2005,1,1,13,14,2,0.0,2,4,2,2,4,0,2,24,6,0,1286,1310,1,0,1,5,1310,0,0,1310,0,0,2,0,3,1,2,6,7,1,2,1,2005.0,0,2,400,5,5,2,0,0,0,0,0,0,3,4,1,0,7,2006,7,5,0,0,1,1,1,1,2620,2.0,0,164990
30,4,60.0,10200,1,1,3,3,0,4,0,19,2,2,0,2,5,8,1940,1997,1,1,14,15,2,0.0,3,4,2,4,4,4,6,0,6,0,672,672,1,0,1,5,672,0,0,672,0,0,1,0,2,1,4,4,7,0,3,5,1940.0,3,1,240,5,5,0,168,0,0,0,0,0,3,0,1,0,8,2008,9,4,0,0,1,1,0,68,1344,1.0,168,108000
60,4,93.0,12090,1,1,3,3,0,0,0,15,2,2,0,5,8,5,1998,1998,3,1,13,14,1,650.0,2,4,2,2,4,4,6,0,6,0,1141,1141,1,2,1,5,1165,1098,0,2263,0,0,2,1,4,1,2,10,7,1,5,3,1998.0,0,2,420,5,5,2,144,123,0,0,0,0,3,4,1,0,7,2006,9,0,0,1,1,1,1,8,3404,2.5,267,258000
60,4,68.0,10364,1,1,0,3,0,4,0,8,2,2,0,5,6,5,1995,1996,1,1,8,8,2,0.0,3,4,2,2,4,4,6,0,6,0,806,806,1,2,1,5,806,766,0,1572,0,0,2,1,3,1,4,7,7,1,5,3,1995.0,0,2,373,5,5,2,0,40,0,0,0,0,3,4,1,0,5,2007,9,4,0,1,1,1,1,12,2378,2.5,40,168000
20,4,68.0,9991,1,1,0,3,0,0,0,19,1,2,0,2,4,4,1976,1993,1,1,10,11,2,0.0,3,4,1,4,4,4,1,1116,6,0,165,1281,1,0,1,5,1620,0,0,1620,1,0,2,0,3,1,4,8,2,1,5,1,1993.0,3,2,490,5,5,2,120,78,0,0,0,0,3,1,1,0,6,2009,9,4,0,0,1,1,1,33,2901,3.0,198,150000
50,4,51.0,10480,1,1,3,3,0,4,0,18,2,2,0,0,6,5,1936,1950,1,1,8,8,2,0.0,3,4,0,4,4,4,6,0,6,0,1064,1064,1,0,1,0,1166,0,473,1639,0,0,1,0,3,1,4,6,1,0,3,5,1936.0,3,1,240,5,5,2,0,0,0,0,0,0,3,4,1,0,3,2008,9,4,0,0,1,1,0,72,2230,1.0,0,115000
70,4,63.0,15576,1,1,3,3,0,4,0,6,2,2,0,5,6,7,1915,1976,1,1,14,11,2,0.0,3,4,0,2,4,4,6,0,6,0,840,840,1,0,1,5,840,840,0,1680,0,0,2,0,4,1,4,8,7,0,3,1,1960.0,3,1,308,5,5,2,0,0,160,0,0,0,3,4,1,0,3,2008,9,4,0,1,1,1,0,93,2520,2.0,160,177000
60,4,109.0,14154,1,1,3,3,0,0,0,16,2,2,0,5,7,5,2006,2006,1,1,13,14,1,350.0,2,4,2,0,1,4,6,0,6,0,1063,1063,1,0,1,5,1071,1101,0,2172,0,0,2,1,3,1,2,9,7,1,2,1,2006.0,2,3,947,5,5,2,192,62,0,0,0,0,3,4,1,0,8,2007,7,5,0,1,1,1,1,1,3235,2.5,254,280000
60,1,85.0,10800,1,1,3,3,0,4,0,21,2,2,0,5,8,5,2007,2008,1,1,13,14,3,100.0,2,4,2,0,4,4,2,789,6,0,245,1034,1,0,1,5,1050,1028,0,2078,1,0,2,1,3,1,0,8,7,1,2,1,2008.0,0,3,836,5,5,2,0,102,0,0,0,0,3,4,1,0,4,2008,7,5,0,1,1,1,1,1,3112,3.5,102,339750
20,4,68.0,9571,1,1,3,3,0,4,0,7,2,2,0,2,5,3,1958,1958,1,1,2,2,2,0.0,3,1,1,4,0,4,6,0,6,0,1276,1276,1,4,1,0,1276,0,0,1276,0,0,1,0,3,1,4,5,4,0,3,1,1958.0,3,1,350,5,5,2,0,0,0,0,0,0,3,4,1,0,6,2009,0,0,0,0,1,1,0,51,2552,1.0,0,60000
190,4,100.0,34650,1,1,3,0,0,4,0,8,2,2,1,2,5,5,1955,1955,3,1,14,15,2,0.0,3,4,1,4,4,2,5,1056,6,0,0,1056,1,4,0,5,1056,0,0,1056,1,0,1,0,3,1,4,5,7,0,3,1,1955.0,0,2,572,5,5,2,264,0,0,0,0,0,3,4,1,0,1,2006,9,4,0,0,1,1,0,51,2112,2.0,264,145000
20,1,68.0,4403,1,1,1,3,0,4,0,21,2,2,0,2,7,5,2009,2009,1,1,8,8,3,432.0,0,4,2,0,4,0,2,578,6,0,892,1470,1,0,1,5,1478,0,0,1478,1,0,2,1,2,1,2,7,7,1,2,1,2009.0,0,2,484,5,5,2,0,144,0,0,0,0,3,4,1,0,6,2010,7,5,0,0,1,1,1,1,2948,3.5,144,222000
30,5,56.0,8960,1,0,3,3,0,4,0,17,0,2,0,2,5,6,1927,1950,1,1,15,16,2,0.0,3,4,1,4,4,4,6,0,6,0,1008,1008,1,2,1,0,1028,0,0,1028,0,0,1,0,2,1,4,5,7,1,2,5,1927.0,3,2,360,5,5,2,0,0,130,0,0,0,3,4,1,0,3,2010,9,4,0,0,1,1,1,83,2036,1.0,130,115000
60,4,59.0,11228,1,1,1,3,0,1,0,20,2,2,0,5,7,5,1993,1993,1,1,13,14,2,0.0,2,4,2,2,4,4,1,50,2,531,499,1080,1,0,1,5,1080,1017,0,2097,0,1,2,1,3,1,2,9,7,1,5,1,1993.0,3,3,678,5,5,2,196,187,0,0,0,0,3,4,1,0,12,2008,9,4,0,1,1,1,1,15,3177,3.0,383,228000
20,4,73.0,8899,1,1,0,3,0,4,0,8,2,2,0,2,7,5,2007,2007,1,1,13,14,2,0.0,2,4,2,2,4,0,2,24,6,0,1316,1340,1,0,1,5,1340,0,0,1340,0,0,2,0,3,1,2,6,7,0,3,1,2007.0,0,2,396,5,5,2,100,30,0,0,0,0,3,4,1,0,8,2007,7,5,0,0,1,1,0,0,2680,2.0,130,181134
60,4,74.0,7844,1,1,3,3,0,4,0,19,2,2,0,5,6,7,1978,1978,3,1,6,6,1,203.0,3,4,1,4,4,4,0,209,6,0,463,672,1,4,1,5,672,728,0,1400,0,0,1,1,3,1,4,6,7,1,5,1,1978.0,0,2,440,5,5,2,0,0,0,0,0,0,3,4,1,0,3,2006,9,4,0,1,1,1,1,28,2072,1.5,0,149500
70,4,86.0,22420,1,1,0,3,0,4,0,6,1,2,0,5,6,6,1918,1950,3,1,14,13,2,0.0,3,4,0,2,4,4,1,1128,6,0,242,1370,2,4,0,0,1370,1254,0,2624,1,0,2,1,4,1,4,10,7,1,2,5,1918.0,3,3,864,5,5,0,0,0,0,0,0,0,3,4,1,0,11,2007,9,4,0,1,1,1,1,89,3994,3.5,0,239000
50,4,60.0,8160,1,1,3,3,0,4,0,7,2,2,0,0,5,6,1940,1950,1,1,8,8,2,0.0,3,4,0,4,4,4,0,312,6,0,444,756,1,1,0,1,756,378,0,1134,1,0,1,1,3,1,4,7,7,0,3,5,1940.0,3,1,240,5,5,1,0,0,0,0,0,0,3,4,1,0,4,2007,9,1,0,1,1,1,0,67,1890,2.5,0,126000
20,4,65.0,8450,1,1,3,3,0,4,0,12,2,2,0,2,5,6,1968,1968,1,1,13,14,2,0.0,3,4,1,4,4,4,1,775,6,0,281,1056,1,0,1,5,1056,0,0,1056,1,0,1,0,3,1,4,6,7,1,1,1,1968.0,3,1,304,5,5,2,0,85,184,0,0,0,3,4,1,0,7,2010,9,4,0,0,1,1,1,42,2112,2.0,269,142000
90,5,78.0,7060,1,1,3,3,0,4,0,11,2,2,2,6,7,5,1997,1998,1,1,13,14,1,200.0,3,2,2,2,1,1,2,1309,6,0,35,1344,1,0,1,5,1344,0,0,1344,2,0,2,0,2,2,4,8,7,0,3,1,1997.0,0,4,784,5,5,2,0,0,0,0,0,0,3,4,1,0,11,2008,9,2,0,0,1,1,0,11,2688,4.0,0,206300
20,4,68.0,16635,1,1,0,3,0,2,0,14,2,2,0,2,6,7,1977,2000,1,1,5,5,3,126.0,2,4,1,2,4,4,0,1246,6,0,356,1602,1,2,1,5,1602,0,0,1602,0,1,2,0,3,1,2,8,7,1,5,1,1977.0,0,2,529,5,5,2,240,0,0,0,0,0,3,4,1,0,6,2009,9,4,0,0,1,1,1,32,3204,2.5,240,215000
20,4,100.0,21750,1,1,3,1,0,4,1,11,0,2,0,2,5,5,1954,1954,3,1,6,6,2,0.0,3,4,1,4,4,4,6,0,6,0,988,988,1,0,1,0,988,0,0,988,0,0,1,0,2,1,4,4,7,0,3,1,1954.0,2,2,520,5,5,0,0,0,0,0,0,0,3,4,1,0,2,2008,9,4,0,0,1,1,0,54,1976,1.0,0,113000
60,4,80.0,9200,1,1,3,3,0,4,0,15,2,2,0,5,8,5,1998,1998,1,1,13,14,1,473.0,2,4,2,2,4,4,2,986,6,0,484,1470,1,2,1,5,1470,1160,0,2630,1,0,2,1,4,1,2,8,7,1,5,1,1998.0,0,3,696,5,5,2,0,66,0,0,0,0,3,4,1,0,6,2008,9,4,0,1,1,1,1,10,4100,3.5,66,315000
20,4,72.0,9000,1,1,3,3,0,4,0,12,2,2,0,2,6,5,1956,1956,1,1,14,15,1,74.0,3,4,1,2,4,4,3,616,6,0,580,1196,1,2,1,0,1196,0,0,1196,1,0,1,0,2,1,4,6,7,1,2,1,1956.0,2,1,297,5,5,2,0,44,0,0,0,0,3,4,1,0,5,2008,9,4,0,0,1,1,1,52,2392,2.0,44,139000
60,5,60.0,3378,1,0,3,1,0,4,0,17,2,2,0,5,7,8,1946,1992,1,1,6,6,2,0.0,3,2,1,4,4,4,6,0,6,0,651,651,1,2,1,5,707,682,0,1389,0,0,1,1,3,1,4,6,7,2,2,5,1947.0,3,1,240,5,5,1,0,0,126,0,0,0,3,4,1,0,9,2009,9,4,0,1,1,1,1,63,2040,1.5,126,135000
80,4,68.0,12800,1,1,3,2,0,4,1,20,2,2,0,7,7,5,1989,1989,1,1,14,15,1,145.0,2,4,2,2,4,1,2,1518,6,0,0,1518,1,2,1,5,1644,0,0,1644,1,1,2,0,2,1,2,5,7,1,5,1,1989.0,0,2,569,5,5,2,80,0,0,0,396,0,3,4,1,0,8,2009,9,4,0,0,1,1,1,20,3162,3.5,476,275000
20,4,77.0,8593,1,1,0,3,0,4,0,12,2,2,0,2,4,6,1957,1957,3,1,8,8,2,0.0,3,4,1,4,4,4,5,288,6,0,619,907,1,0,1,5,907,0,0,907,0,0,1,0,3,1,4,5,7,0,3,5,1964.0,3,1,352,5,5,2,0,0,0,0,0,0,3,4,1,0,7,2008,9,4,0,0,1,1,0,51,1814,1.0,0,109008
20,4,64.0,6762,1,1,3,3,0,4,0,5,2,2,0,2,7,5,2007,2007,1,1,13,14,1,108.0,2,4,2,2,4,4,2,664,6,0,544,1208,1,0,1,5,1208,0,0,1208,1,0,2,0,2,1,2,6,7,0,3,1,2007.0,2,2,628,5,5,2,105,54,0,0,0,0,3,4,1,0,9,2007,7,5,0,0,1,1,0,0,2416,3.0,159,195400
20,4,130.0,11457,1,1,0,3,0,0,0,23,2,2,0,2,6,5,1988,1988,1,1,6,6,2,0.0,3,4,1,2,4,2,2,1005,6,0,387,1392,1,4,1,5,1412,0,0,1412,1,0,2,0,3,1,2,6,7,1,5,1,1988.0,3,2,576,5,5,2,0,0,169,0,0,0,3,4,1,0,3,2009,9,4,0,0,1,1,1,21,2804,3.0,169,175000
160,5,21.0,1680,1,1,3,3,0,4,0,2,2,2,3,5,6,5,1971,1971,1,1,6,6,1,232.0,3,4,1,4,4,4,0,387,6,0,96,483,1,4,1,5,483,504,0,987,0,0,1,1,2,1,4,4,7,0,3,5,1971.0,3,1,264,5,5,2,0,0,0,0,0,0,3,4,1,0,7,2008,0,0,0,1,1,1,0,37,1470,1.5,0,85400
50,5,60.0,5586,1,1,0,0,0,4,0,17,1,2,0,0,6,7,1920,1998,1,1,8,8,2,0.0,3,4,0,4,4,4,6,0,6,0,901,901,1,2,1,5,1088,110,0,1198,0,0,1,0,4,1,4,7,7,0,3,6,1978.0,1,0,0,3,3,0,0,98,0,0,0,0,3,2,1,0,9,2008,3,0,0,1,0,1,0,88,2099,1.0,98,79900
160,5,24.0,1920,1,1,3,3,0,4,0,2,2,2,4,5,5,5,1971,1971,1,1,6,6,1,376.0,3,4,1,4,4,4,0,471,6,0,294,765,1,0,1,5,765,600,0,1365,1,0,1,1,2,1,4,6,2,0,3,5,1971.0,3,2,440,5,5,2,240,36,0,0,0,0,3,4,1,0,8,2007,9,4,0,1,1,1,0,36,2130,2.5,276,122500
60,4,100.0,10839,1,1,0,3,0,0,0,8,2,2,0,5,6,5,1997,1998,1,1,13,14,2,0.0,3,4,2,2,4,4,6,0,6,0,926,926,1,0,1,5,926,678,0,1604,0,0,2,1,3,1,4,7,7,1,5,1,1997.0,0,2,470,5,5,2,0,36,0,0,0,0,3,4,1,0,7,2008,9,4,0,1,1,1,1,11,2530,2.5,36,181000
180,5,21.0,1890,1,1,3,3,0,4,0,10,2,2,3,6,4,7,1972,1972,1,1,5,5,2,0.0,3,2,1,2,4,0,0,495,6,0,135,630,1,2,1,5,630,0,0,630,1,0,1,0,1,1,4,3,7,0,3,6,1978.0,1,0,0,3,3,2,88,0,0,0,0,0,3,4,1,0,6,2008,9,4,0,0,0,1,0,36,1260,2.0,88,81000
60,4,43.0,10667,1,1,1,3,0,1,0,5,4,2,0,5,7,6,1996,1996,1,1,13,14,2,0.0,2,4,2,2,4,0,2,385,0,344,70,799,1,0,1,5,827,834,0,1661,1,0,2,1,3,1,2,6,7,1,5,1,1996.0,2,2,550,5,5,2,158,61,0,0,0,0,3,4,1,0,4,2009,5,4,0,1,1,1,1,13,2460,3.5,219,212000
50,5,40.0,4400,1,1,3,3,0,4,0,17,2,2,0,0,6,8,1920,1950,1,1,12,13,2,0.0,3,4,0,1,4,4,6,0,6,0,648,648,1,4,1,0,734,384,0,1118,0,0,1,0,2,1,4,6,7,0,3,5,1990.0,3,2,440,5,5,2,0,0,0,0,0,0,3,4,1,0,10,2006,9,4,0,1,1,1,0,86,1766,1.0,0,116000
45,5,50.0,6000,1,1,3,3,0,4,0,3,2,2,0,1,6,7,1926,2004,1,1,14,15,2,0.0,2,4,2,4,4,4,6,0,6,0,884,884,1,2,1,5,904,0,0,904,0,0,1,0,2,1,4,4,7,0,3,5,1926.0,3,1,180,5,5,2,0,0,105,0,0,0,3,4,1,0,1,2009,9,4,0,0,1,1,0,83,1788,1.0,105,119000
30,4,40.0,4280,1,1,3,3,0,4,0,6,2,2,0,2,5,6,1913,2002,1,1,15,13,2,0.0,3,4,2,4,4,4,3,365,6,0,75,440,1,4,0,5,694,0,0,694,0,0,1,0,2,1,2,4,7,1,2,5,1990.0,3,1,352,2,5,1,0,0,34,0,0,0,3,2,1,0,3,2007,9,4,0,0,1,1,1,94,1134,1.0,34,90350
50,4,67.0,12354,1,0,3,3,0,0,0,7,2,2,0,0,6,8,1920,2000,1,1,14,15,2,0.0,3,4,0,4,0,2,6,0,6,0,684,684,1,2,1,5,684,512,0,1196,0,0,1,0,3,1,2,7,7,0,3,5,2005.0,3,2,528,5,5,2,0,46,0,0,0,0,3,0,3,800,8,2009,4,4,0,1,1,1,0,89,1880,1.0,46,110000
90,4,92.0,12108,1,1,3,3,0,4,0,7,2,2,2,2,4,4,1955,1955,1,1,13,14,1,270.0,3,4,1,4,4,4,0,133,6,0,1307,1440,1,4,0,1,1440,0,0,1440,0,0,2,0,4,2,1,8,7,0,3,6,1978.0,1,0,0,3,3,2,0,0,0,0,0,0,3,4,1,0,9,2008,9,4,0,0,0,1,0,53,2880,2.0,0,118000
50,5,52.0,6240,1,1,3,3,0,4,0,3,2,2,0,0,5,7,1930,1992,1,1,8,8,2,0.0,3,4,2,4,4,4,6,0,6,0,1078,1078,1,4,1,5,1128,445,0,1573,0,0,2,0,3,1,4,8,7,1,2,5,1930.0,3,2,360,5,5,1,0,0,0,0,0,0,3,4,1,0,6,2008,9,4,0,1,1,1,1,78,2651,2.0,0,162900
120,4,53.0,3922,1,1,3,3,0,4,0,0,2,2,4,2,7,5,2006,2007,1,1,15,16,1,72.0,2,4,2,0,4,0,6,0,6,0,1258,1258,1,0,1,5,1258,0,0,1258,0,0,2,0,2,1,2,6,7,1,2,1,2007.0,0,3,648,5,5,2,144,16,0,0,0,0,3,4,1,0,6,2007,7,5,0,0,1,1,1,1,2516,2.0,160,172500
60,4,70.0,8750,1,1,3,3,0,4,0,5,2,2,0,5,7,5,1994,1995,1,1,13,14,2,0.0,2,2,2,2,4,4,2,642,6,0,273,915,1,0,1,5,933,975,0,1908,1,0,2,1,4,1,2,8,7,1,5,1,1994.0,3,2,493,5,5,2,144,133,0,0,0,0,3,4,1,0,7,2008,9,4,0,1,1,1,1,14,2823,3.5,277,210000
20,4,73.0,9855,1,1,3,3,0,0,0,7,2,2,0,2,6,5,1956,1956,3,1,14,15,2,0.0,3,4,1,4,4,4,6,0,6,0,1436,1436,1,1,1,5,1689,0,0,1689,0,0,1,0,3,1,4,7,7,1,2,1,1956.0,3,2,480,5,5,2,0,0,0,0,0,0,3,2,1,0,11,2009,0,4,0,0,1,1,1,53,3125,1.0,0,127500
20,4,137.0,16492,1,1,0,3,0,0,0,12,3,2,0,2,6,6,1966,2002,1,1,3,11,2,0.0,2,4,1,4,4,4,0,247,5,713,557,1517,1,0,1,5,1888,0,0,1888,0,0,2,1,2,1,2,6,4,1,2,1,1966.0,0,2,578,5,5,2,0,0,0,0,0,0,3,4,1,0,6,2010,9,4,0,0,1,1,1,44,3405,2.5,0,190000
60,4,68.0,11214,1,1,0,3,0,0,0,8,2,2,0,5,7,5,1998,1999,1,1,13,14,2,0.0,2,4,2,2,4,4,6,0,6,0,930,930,1,2,1,5,956,930,0,1886,0,0,2,1,4,1,2,10,7,1,5,1,1998.0,0,2,431,5,5,2,89,0,0,0,0,0,3,4,1,0,7,2006,9,4,0,1,1,1,1,8,2816,2.5,89,199900
50,5,50.0,8600,1,1,3,0,0,4,0,9,2,2,0,0,6,6,1937,1950,1,1,8,8,2,0.0,3,4,0,4,4,4,6,0,6,0,780,780,1,4,1,5,780,596,0,1376,0,0,2,0,3,1,4,7,7,1,2,5,1937.0,3,1,198,5,5,0,0,0,0,0,0,0,3,4,1,0,6,2006,9,4,0,1,1,1,1,69,2156,2.0,0,119500
50,5,50.0,6000,1,1,3,3,0,4,0,17,2,2,0,0,3,7,1948,2002,1,1,8,8,2,0.0,3,2,1,4,4,4,0,331,6,0,318,649,1,0,1,5,679,504,0,1183,0,0,1,1,2,1,4,6,7,0,3,5,1981.0,3,1,308,5,5,2,0,176,0,0,0,0,3,4,1,0,6,2007,9,4,0,1,1,1,0,59,1832,1.5,176,120000
30,5,70.0,5684,1,1,3,3,0,4,0,17,2,2,0,2,6,8,1930,2005,3,1,14,15,2,0.0,3,4,0,4,4,4,6,0,6,0,813,813,1,0,1,0,813,0,0,813,0,0,1,0,2,1,2,5,7,0,3,5,1932.0,3,1,270,1,1,0,0,113,0,0,0,0,3,4,1,0,6,2006,9,4,0,0,1,1,0,76,1626,1.0,113,110000
20,4,62.0,70761,1,1,0,2,0,4,1,4,2,2,0,2,7,5,1975,1975,1,7,10,11,2,0.0,3,4,1,2,4,1,0,655,6,0,878,1533,1,4,1,5,1533,0,0,1533,1,0,2,0,2,1,2,5,7,2,5,1,1975.0,3,2,576,5,5,2,200,54,0,0,0,0,3,4,1,0,12,2006,9,4,0,0,1,1,1,31,3066,3.0,254,280000
60,4,68.0,9303,1,1,0,3,0,0,0,23,2,2,0,5,6,5,1996,1997,3,1,13,14,1,42.0,2,4,2,0,4,4,0,742,6,0,130,872,1,0,1,5,888,868,0,1756,1,0,2,1,3,1,4,7,7,0,3,1,1996.0,0,2,422,5,5,2,144,122,0,0,0,0,3,4,1,0,7,2007,9,4,0,1,1,1,0,11,2628,3.5,266,204000
60,1,75.0,9000,1,1,3,3,0,4,0,21,2,2,0,5,8,5,2008,2008,1,1,13,14,2,0.0,2,4,2,2,4,4,6,0,6,0,768,768,1,0,1,5,786,804,0,1590,0,0,2,1,3,1,2,6,7,0,3,1,2008.0,2,2,676,5,5,2,0,30,0,0,0,0,3,4,1,0,6,2009,9,4,0,1,1,1,0,1,2358,2.5,30,210000
90,4,63.0,9297,1,1,3,3,0,4,0,11,2,2,2,2,5,5,1976,1976,1,1,10,11,2,0.0,3,4,1,4,4,4,0,1606,6,0,122,1728,1,4,1,5,1728,0,0,1728,2,0,2,0,4,2,4,8,7,0,3,5,1976.0,3,2,560,5,5,2,0,0,0,0,0,0,3,4,1,0,7,2006,9,3,0,0,1,1,0,30,3456,4.0,0,188000
20,4,80.0,9600,1,1,3,3,0,4,0,14,2,2,0,2,7,6,1973,1973,3,1,6,6,1,320.0,3,4,1,4,4,4,0,916,6,0,326,1242,1,1,1,5,1242,0,0,1242,0,0,1,1,3,1,4,6,7,1,5,1,1973.0,3,2,528,5,5,2,0,0,0,0,0,0,3,4,1,0,9,2007,9,4,0,0,1,1,1,34,2484,1.5,0,175500
70,5,34.0,4571,1,0,3,3,0,4,0,17,2,2,0,5,5,5,1916,1950,1,1,0,0,2,0.0,3,4,0,4,4,4,6,0,6,0,624,624,1,1,0,5,624,720,0,1344,0,0,1,0,4,1,4,7,7,0,3,5,1916.0,3,3,513,1,1,2,0,0,96,0,0,0,3,4,1,0,5,2008,0,0,0,1,1,1,0,92,1968,1.0,96,98000
20,4,68.0,53227,1,1,0,2,0,1,1,4,2,2,0,2,4,6,1954,1994,0,5,10,11,2,0.0,3,4,1,2,4,1,1,1116,6,0,248,1364,1,0,1,5,1663,0,0,1663,1,0,1,0,2,1,2,6,2,2,2,1,1954.0,0,2,529,5,5,2,224,137,0,0,0,0,3,4,1,0,3,2008,9,4,0,0,1,1,1,54,3027,2.0,361,256000
70,5,68.0,5100,1,0,3,3,0,4,0,17,2,2,0,5,8,7,1925,1996,3,1,12,16,2,0.0,3,2,2,4,4,4,6,0,6,0,588,588,1,1,1,5,833,833,0,1666,0,0,1,0,3,1,2,7,7,1,2,5,1925.0,3,1,228,5,5,2,192,63,0,0,0,0,3,2,1,0,6,2008,9,4,0,1,1,1,1,83,2254,1.0,255,161000
50,4,68.0,7015,1,1,0,0,0,0,0,3,2,2,0,0,5,4,1950,1950,1,1,8,8,0,161.0,3,4,1,4,4,4,3,185,6,0,524,709,1,4,1,5,979,224,0,1203,1,0,1,0,3,1,2,5,7,1,5,5,1950.0,3,1,352,5,5,2,0,0,248,0,0,0,3,4,1,0,7,2009,9,4,0,1,1,1,1,59,1912,2.0,248,110000
60,1,75.0,8004,1,1,0,3,0,4,0,21,6,2,0,5,8,5,2009,2009,1,1,13,14,3,110.0,2,4,2,2,4,4,2,544,6,0,288,832,1,0,1,5,832,1103,0,1935,1,0,2,1,3,1,4,8,7,0,3,3,2009.0,0,2,552,5,5,2,0,150,0,0,0,0,3,4,1,0,12,2009,7,5,0,1,1,1,0,0,2767,3.5,150,263435
70,4,60.0,7200,1,1,3,3,0,4,0,18,1,2,0,5,7,9,1936,2007,1,1,14,15,2,0.0,2,2,2,2,1,4,0,350,1,210,0,560,1,0,1,5,575,560,0,1135,1,0,1,0,3,1,2,6,7,0,3,5,1971.0,2,2,576,5,5,2,256,0,0,0,0,0,3,2,1,0,4,2009,9,4,0,1,1,1,0,73,1695,2.0,256,155000
20,4,60.0,8281,1,1,0,3,0,4,0,19,2,2,0,2,5,5,1965,1965,1,1,8,8,2,0.0,3,4,1,4,4,4,5,553,1,311,0,864,1,2,1,5,864,0,0,864,0,0,1,0,3,1,4,5,7,1,4,5,1965.0,3,1,360,5,5,2,0,0,236,0,0,0,3,1,1,0,12,2009,9,4,0,0,1,1,1,44,1728,1.0,236,62383
70,4,74.0,11988,1,1,0,1,0,4,1,6,2,2,0,5,6,7,1934,1995,3,1,12,13,2,0.0,3,4,1,4,4,4,3,326,6,0,389,715,1,1,1,0,849,811,0,1660,0,0,1,1,3,1,4,6,7,1,2,5,1939.0,3,1,240,5,5,2,0,0,0,0,0,0,3,4,1,0,8,2008,9,4,0,1,1,1,1,74,2375,1.5,0,188700
20,4,60.0,8430,1,1,3,1,0,4,1,5,2,2,0,2,5,5,1978,1978,1,1,6,6,1,136.0,3,4,1,2,4,4,5,616,6,0,424,1040,1,4,1,5,1040,0,0,1040,0,0,2,0,3,1,4,5,7,0,3,6,1978.0,1,0,0,3,3,2,0,0,0,0,0,0,3,4,1,0,8,2009,9,4,0,0,0,1,0,31,2080,2.0,0,124000
120,5,68.0,3072,1,1,3,3,0,4,0,0,2,2,4,2,7,5,2004,2004,3,1,13,14,1,18.0,2,4,2,2,4,4,6,0,6,0,1375,1375,1,0,1,5,1414,0,0,1414,0,0,2,0,2,1,2,6,7,1,5,1,2004.0,0,2,398,5,5,2,144,20,0,0,0,0,3,4,1,0,5,2006,9,4,0,0,1,1,1,2,2789,2.0,164,178740
20,4,85.0,10628,1,1,3,3,0,4,0,12,2,2,0,2,7,5,1970,1970,0,5,10,11,2,0.0,3,2,1,4,1,1,2,778,6,0,499,1277,1,4,1,5,1277,0,0,1277,1,0,1,0,2,1,4,5,7,1,4,1,1970.0,3,2,526,5,5,2,0,0,0,0,176,0,3,1,1,0,4,2007,9,4,0,0,1,1,1,37,2554,2.0,176,167000
70,4,79.0,9480,1,1,3,3,0,4,0,12,0,2,0,5,5,7,1942,1995,1,1,8,8,3,224.0,3,4,1,4,4,4,3,386,6,0,342,728,1,0,1,5,888,756,0,1644,0,0,1,1,3,1,2,7,7,2,2,1,1942.0,3,1,312,5,5,2,168,0,0,0,0,0,3,4,1,0,6,2007,9,4,0,1,1,1,1,65,2372,1.5,168,146500
20,4,98.0,11428,1,1,0,3,0,4,0,16,2,2,0,2,8,5,2006,2006,1,1,13,14,3,248.0,2,4,2,2,4,4,6,0,6,0,1626,1626,1,0,1,5,1634,0,0,1634,0,0,2,0,3,1,2,7,7,1,2,1,2006.0,2,3,866,5,5,2,0,44,0,0,0,0,3,4,1,0,5,2007,9,4,0,0,1,1,1,1,3260,2.0,44,250000
60,4,76.0,9291,1,1,0,3,0,0,0,20,7,2,0,5,6,5,1993,1993,1,1,6,6,1,120.0,2,4,2,2,4,4,2,426,6,0,406,832,1,0,1,5,832,878,0,1710,0,0,2,1,3,1,2,7,7,0,3,1,1993.0,2,2,506,5,5,2,144,70,0,0,0,0,3,4,1,0,6,2008,9,4,0,1,1,1,0,15,2542,2.5,214,187000
120,4,68.0,6820,1,1,0,3,0,0,0,22,2,2,4,2,8,5,1985,1985,1,1,6,6,2,0.0,2,4,2,2,4,0,2,368,1,1120,0,1488,1,4,1,5,1502,0,0,1502,1,0,1,1,1,1,2,4,7,0,3,1,1985.0,2,2,528,5,5,2,0,54,0,0,140,0,3,4,1,0,6,2010,9,4,0,0,1,1,0,25,2990,2.5,194,212000
60,4,92.0,11952,1,1,3,3,0,4,0,14,3,2,0,5,7,6,1977,1977,4,6,15,11,2,0.0,3,4,1,2,4,4,6,0,6,0,808,808,1,4,1,5,1161,808,0,1969,0,0,2,1,3,1,4,8,7,1,2,1,1977.0,2,2,534,5,5,2,0,0,0,0,276,0,3,4,1,0,11,2007,9,4,0,1,1,1,1,30,2777,2.5,276,190000
180,5,35.0,3675,1,1,3,3,0,4,0,7,2,2,4,7,6,5,2005,2005,1,1,13,14,1,80.0,3,4,2,2,4,1,2,459,6,0,88,547,1,0,1,5,1072,0,0,1072,1,0,1,0,2,1,4,5,7,0,3,2,2005.0,2,2,525,5,5,2,0,28,0,0,0,0,3,4,1,0,6,2008,9,4,0,0,1,1,0,3,1619,2.0,28,148000
120,4,41.0,5330,1,1,3,3,0,4,0,22,2,2,4,2,8,5,2000,2000,1,1,5,5,2,0.0,2,4,2,2,4,0,2,1196,6,0,298,1494,1,0,1,5,1652,0,0,1652,1,0,2,0,2,1,0,6,7,0,3,1,2000.0,2,2,499,5,5,2,96,48,0,0,0,0,3,4,1,0,8,2007,9,4,0,0,1,1,0,7,3146,3.0,144,251000
20,4,80.0,8480,1,1,3,3,0,0,0,19,2,2,0,2,5,6,1963,1963,3,1,6,6,2,0.0,3,4,1,4,4,4,2,630,6,0,340,970,1,4,1,5,970,0,0,970,1,0,1,0,2,1,4,5,7,0,3,5,1996.0,3,2,624,5,5,2,0,24,0,0,192,0,3,4,1,0,7,2007,9,4,0,0,1,1,0,44,1940,2.0,216,132500
20,4,75.0,13125,1,1,3,3,0,4,1,5,2,2,0,2,6,5,1997,1998,1,1,13,14,1,215.0,3,4,2,2,4,1,2,994,6,0,484,1478,1,0,1,5,1493,0,0,1493,1,0,2,0,3,1,2,7,7,1,5,1,1997.0,0,2,508,5,5,2,140,39,0,0,0,0,3,4,1,0,4,2008,9,4,0,0,1,1,1,11,2971,3.0,179,208900
20,4,79.0,10637,1,1,3,3,0,4,0,5,2,2,0,2,8,5,2007,2008,3,1,13,14,3,336.0,2,4,2,0,4,1,2,1288,6,0,417,1705,1,0,1,5,1718,0,0,1718,1,0,2,0,3,1,2,7,7,1,2,1,2007.0,2,3,826,5,5,2,208,44,0,0,0,0,3,4,1,0,9,2009,9,4,0,0,1,1,1,2,3423,3.0,252,297000
30,5,50.0,5925,1,1,3,0,0,4,0,17,2,2,0,2,4,7,1937,2000,3,1,12,13,0,435.0,3,4,0,1,4,4,5,168,6,0,739,907,1,4,1,5,1131,0,0,1131,0,0,1,0,2,1,4,7,7,0,3,5,1995.0,3,2,672,5,5,2,0,72,0,0,0,0,3,2,1,0,3,2007,9,2,0,0,1,1,0,70,2038,1.0,72,89471
20,4,98.0,16033,1,1,0,3,0,2,0,16,2,2,0,2,9,5,2004,2005,3,1,13,14,1,378.0,2,4,2,0,4,1,2,1261,6,0,572,1833,1,0,1,5,1850,0,0,1850,1,0,2,0,3,1,2,8,7,1,2,1,2004.0,0,3,772,5,5,2,519,112,0,0,0,0,3,4,1,0,3,2006,9,4,0,0,1,1,1,2,3683,3.0,631,326000
70,5,50.0,2500,1,2,3,3,0,0,0,17,2,2,0,5,7,8,1915,2005,1,1,12,13,2,0.0,2,4,2,4,4,4,0,299,6,0,611,910,1,0,1,5,916,910,0,1826,1,0,1,1,4,1,0,7,3,1,2,1,1915.0,3,1,164,1,1,2,0,0,0,0,0,0,3,4,1,0,6,2009,9,4,0,1,1,1,1,94,2736,2.5,0,155000
120,5,32.0,4500,1,1,3,3,0,2,0,11,2,2,3,2,6,5,1998,1998,3,1,13,14,1,116.0,3,4,2,0,4,4,2,897,6,0,319,1216,1,0,1,5,1216,0,0,1216,1,0,2,0,2,1,4,5,7,0,3,1,1998.0,3,2,402,5,5,2,0,125,0,0,0,0,3,4,1,0,5,2006,9,4,0,0,1,1,0,8,2432,3.0,125,164000
20,4,68.0,7758,1,1,0,3,0,0,0,19,2,2,0,2,5,7,1962,2001,1,1,6,11,2,0.0,3,2,1,4,4,4,0,588,6,0,411,999,1,2,1,5,999,0,0,999,1,0,1,0,3,1,2,6,7,0,3,5,1963.0,3,1,264,5,5,2,0,132,0,0,0,0,3,4,1,0,3,2007,9,4,0,0,1,1,0,45,1998,2.0,132,132500
20,4,80.0,9600,1,1,3,3,0,4,0,12,2,2,0,2,5,7,1950,2007,1,1,8,8,2,0.0,2,4,1,4,4,4,0,607,6,0,506,1113,1,2,1,5,1113,0,0,1113,0,0,1,0,3,1,2,5,7,1,2,1,1950.0,3,1,264,5,5,2,0,80,120,0,0,0,3,4,1,0,7,2009,9,4,0,0,1,1,1,59,2226,1.0,200,147000
20,4,79.0,10289,1,1,3,3,0,4,0,12,2,2,0,2,5,7,1965,1965,3,1,8,8,1,168.0,3,4,1,4,4,4,0,836,6,0,237,1073,1,4,1,5,1073,0,0,1073,1,0,1,1,3,1,4,6,7,0,3,1,1965.0,2,2,515,5,5,2,0,0,0,0,0,0,3,4,1,0,6,2007,9,4,0,0,1,1,0,42,2146,2.5,0,156000
20,4,70.0,12243,1,1,0,3,0,4,0,14,2,2,0,2,5,6,1971,1971,1,1,10,11,2,0.0,3,4,1,2,4,0,0,998,6,0,486,1484,1,2,1,5,1484,0,0,1484,0,0,2,0,3,1,4,7,7,1,5,1,1971.0,3,2,487,5,5,2,224,0,0,0,180,0,3,4,1,0,2,2007,9,4,0,0,1,1,1,36,2968,2.0,404,175000
190,4,60.0,10800,1,1,3,3,0,0,0,17,2,2,1,0,5,4,1900,1970,1,1,14,15,2,0.0,3,1,1,4,0,4,1,664,6,0,290,954,1,4,0,0,1766,648,0,2414,0,0,2,0,3,2,4,10,4,1,2,1,1970.0,3,2,520,5,1,0,142,0,0,0,0,0,3,4,1,0,5,2006,3,4,0,1,1,1,1,106,3368,2.0,142,160000
180,5,21.0,1526,1,1,3,3,0,4,0,10,2,2,3,6,4,8,1970,2002,1,1,5,5,2,0.0,3,2,1,2,4,0,2,515,6,0,115,630,1,4,1,5,630,0,0,630,1,0,1,0,1,1,2,3,7,0,3,1,1970.0,3,1,286,5,5,2,0,0,0,0,0,0,3,4,1,0,5,2009,9,4,0,0,1,1,0,39,1260,2.0,0,86000
160,5,68.0,2665,1,1,3,3,0,4,0,10,2,2,4,5,5,6,1976,1976,1,1,5,5,2,0.0,3,4,2,2,4,2,6,0,6,0,264,264,1,4,1,5,616,688,0,1304,0,0,1,1,3,1,4,4,7,1,2,3,1976.0,0,1,336,5,5,2,141,24,0,0,0,0,3,4,1,0,6,2008,9,4,0,1,1,1,1,32,1568,1.5,165,115000
50,4,79.0,9490,1,1,3,3,0,4,0,12,0,2,0,0,6,7,1941,1950,1,1,14,15,2,0.0,3,4,1,4,4,4,1,403,5,165,238,806,1,4,1,0,958,620,0,1578,1,0,1,0,3,1,1,5,7,2,5,1,1941.0,3,1,240,5,5,2,0,0,32,0,0,0,3,2,1,0,8,2006,9,4,0,1,1,1,1,65,2384,2.0,32,133000
60,4,105.0,15578,1,1,0,3,0,0,0,8,2,2,0,5,6,5,2006,2006,1,1,13,14,2,0.0,2,4,2,2,4,4,6,0,6,0,728,728,1,2,1,5,728,728,0,1456,0,0,2,1,3,1,4,8,7,0,3,1,2006.0,2,2,429,5,5,2,0,0,0,0,0,0,3,4,1,0,5,2006,7,5,0,1,1,1,0,0,2184,2.5,0,172785
20,4,70.0,7931,1,1,3,3,0,4,0,12,2,2,0,2,5,6,1960,1960,1,1,3,15,2,0.0,3,4,1,4,4,4,1,374,3,532,363,1269,1,4,1,0,1269,0,0,1269,0,0,1,1,3,1,4,6,7,1,1,5,1964.0,3,1,308,5,5,2,0,0,0,0,0,0,3,4,1,0,6,2008,9,4,0,0,1,1,1,48,2538,1.5,0,155000
30,5,50.0,5784,1,1,3,3,0,4,0,17,0,2,0,2,5,8,1938,1996,1,1,8,8,2,0.0,3,4,0,1,4,4,6,0,6,0,190,190,1,2,1,0,886,0,0,886,0,0,1,0,2,1,4,4,7,0,3,1,1938.0,3,1,273,5,5,2,144,20,80,0,0,0,3,4,1,0,12,2009,9,4,0,0,1,1,0,71,1076,1.0,244,91300
30,0,60.0,7879,1,1,3,3,0,4,0,9,2,2,0,2,4,5,1920,1950,1,1,14,15,2,0.0,3,4,1,4,4,4,5,495,6,0,225,720,1,4,0,0,720,0,0,720,0,0,1,0,2,1,4,4,7,0,3,6,1978.0,1,0,0,3,3,0,0,523,115,0,0,0,3,1,1,0,11,2009,9,0,0,0,0,1,0,89,1440,1.0,638,34900
50,4,60.0,9120,1,2,3,3,0,4,0,3,2,2,0,0,7,6,1925,1950,1,1,14,15,2,0.0,3,2,2,4,4,4,5,329,6,0,697,1026,1,0,1,5,1133,687,0,1820,1,0,2,0,4,1,4,8,7,0,3,5,1925.0,3,1,240,5,5,0,0,100,0,0,0,0,3,0,1,0,6,2008,9,4,0,1,1,1,0,83,2846,3.0,100,184000
20,4,65.0,7800,1,1,3,3,0,4,0,19,2,2,0,2,5,7,1967,2004,3,1,6,6,1,89.0,3,4,2,4,4,4,0,450,6,0,414,864,1,0,1,5,899,0,0,899,0,0,1,0,3,1,2,5,7,0,3,1,1967.0,0,1,288,5,5,2,64,0,0,0,0,0,3,2,1,0,6,2009,9,4,0,0,1,1,0,42,1763,1.0,64,130000
20,4,70.0,7535,1,1,0,3,0,4,0,12,2,2,0,2,5,7,1958,1985,1,1,8,8,2,0.0,3,4,1,4,4,4,1,111,3,279,522,912,1,1,1,5,912,0,0,912,0,1,1,0,2,1,4,5,7,0,3,1,1958.0,0,1,297,5,5,2,12,285,0,0,0,0,3,3,3,480,6,2007,9,4,0,0,1,1,0,49,1824,1.5,297,120000
160,5,21.0,1890,1,1,3,3,0,4,0,2,2,2,3,5,6,5,1973,1973,1,1,6,6,1,285.0,3,4,1,4,4,4,1,356,6,0,316,672,1,4,1,5,672,546,0,1218,0,0,1,1,3,1,4,7,7,0,3,5,1973.0,3,1,264,5,5,2,144,28,0,0,0,0,3,4,1,0,5,2007,9,4,0,1,1,1,0,34,1890,1.5,172,113000
60,1,75.0,9803,1,1,3,3,0,4,0,21,2,2,0,5,7,5,2005,2005,1,1,13,14,2,0.0,2,4,2,2,4,4,2,400,6,0,466,866,1,2,1,5,866,902,0,1768,0,0,2,1,3,1,2,7,7,0,3,1,2005.0,2,2,603,5,5,2,0,108,0,0,0,0,3,4,1,0,2,2008,9,4,0,1,1,1,0,3,2634,2.5,108,226700
20,4,70.0,9170,1,1,3,3,0,0,0,7,1,2,0,2,5,7,1965,1965,3,1,8,8,2,0.0,3,4,1,4,4,4,0,698,2,96,420,1214,1,0,1,5,1214,0,0,1214,1,0,1,0,2,1,4,6,7,0,3,5,1965.0,3,2,461,1,1,2,0,0,184,0,0,0,3,0,3,400,4,2007,9,4,0,0,1,1,0,42,2428,2.0,184,140000
20,4,100.0,15602,1,1,0,3,0,4,0,6,2,2,0,2,7,8,1959,1997,1,1,3,15,2,0.0,3,4,1,4,4,4,0,1247,6,0,254,1501,1,4,1,5,1801,0,0,1801,1,0,2,0,1,1,4,6,7,2,5,1,1959.0,0,2,484,5,5,2,0,54,0,0,161,0,3,1,1,0,3,2010,9,4,0,0,1,1,1,51,3302,3.0,215,289000
160,4,24.0,2308,1,1,3,3,0,4,0,13,2,2,4,5,6,5,1974,1974,1,1,10,2,2,0.0,3,4,1,4,4,4,0,257,5,495,103,855,1,4,1,5,855,467,0,1322,0,1,2,1,3,1,4,6,7,1,1,1,1974.0,3,2,440,5,5,2,260,0,0,0,0,0,3,4,1,0,6,2009,9,4,0,1,1,1,1,35,2177,3.0,260,147000
90,5,60.0,7596,1,0,3,3,0,4,0,17,0,2,2,5,5,5,1952,1952,3,1,14,15,1,360.0,3,4,1,4,4,4,6,0,6,0,960,960,1,2,1,5,960,1000,0,1960,0,0,2,0,4,2,4,10,7,0,3,5,1952.0,3,2,400,5,5,0,0,0,0,0,0,0,3,4,1,0,7,2009,0,4,0,1,1,1,0,57,2920,2.0,0,124500
60,4,80.0,9554,1,1,0,3,0,4,0,20,2,2,0,5,8,5,1993,1994,1,1,13,14,1,125.0,2,4,2,2,4,4,2,380,6,0,397,777,1,0,1,5,1065,846,0,1911,0,0,2,1,3,1,2,8,7,1,5,1,1993.0,2,2,471,5,5,2,182,81,0,0,0,0,3,4,1,0,9,2006,9,4,0,1,1,1,1,13,2688,2.5,263,215000
20,1,75.0,7862,1,1,0,3,0,4,0,21,2,2,0,2,6,5,2009,2009,1,1,13,14,2,0.0,2,4,2,2,4,4,2,27,6,0,1191,1218,1,0,1,5,1218,0,0,1218,0,0,2,0,2,1,2,4,7,0,3,1,2009.0,0,2,676,5,5,2,0,102,0,0,0,0,3,4,1,0,9,2009,7,5,0,0,1,1,0,0,2436,2.0,102,208300
70,5,60.0,9600,1,1,3,3,0,4,0,17,2,2,0,5,7,9,1928,2005,2,1,8,8,2,0.0,3,0,0,4,4,4,5,141,6,0,548,689,1,0,1,5,689,689,0,1378,0,0,2,0,3,1,2,7,7,1,2,5,1928.0,3,2,360,5,5,0,0,0,116,0,0,0,3,4,1,0,10,2008,9,4,0,1,1,1,1,80,2067,2.0,116,161000
20,4,80.0,9600,1,1,3,3,0,0,0,12,2,2,0,2,5,6,1959,1959,1,1,8,8,1,132.0,3,4,1,4,4,4,0,991,6,0,50,1041,1,0,1,5,1041,0,0,1041,1,0,1,0,3,1,4,6,7,0,3,1,1959.0,2,1,270,5,5,2,224,88,0,0,0,0,3,2,1,0,7,2009,9,4,0,0,1,1,0,50,2082,2.0,312,124500
20,4,75.0,14559,1,1,3,3,0,4,0,12,2,2,0,2,5,7,1951,2000,3,1,14,15,0,70.0,2,4,1,4,4,4,1,650,5,180,178,1008,1,0,1,5,1363,0,0,1363,1,0,1,0,2,1,4,6,2,2,5,4,1951.0,3,1,288,5,5,2,324,42,0,0,168,0,3,4,3,2000,6,2009,9,4,0,0,1,1,1,58,2371,2.0,534,164900
120,4,40.0,6792,1,1,0,3,0,4,0,16,2,2,4,2,7,5,2005,2006,1,1,13,14,3,94.0,2,4,2,2,4,4,6,0,6,0,1368,1368,1,0,1,5,1368,0,0,1368,0,0,2,0,2,1,2,6,7,1,2,1,2005.0,2,2,474,5,5,2,132,35,0,0,0,0,3,4,1,0,3,2006,7,5,0,0,1,1,1,1,2736,2.0,167,202665
20,4,70.0,9100,1,1,3,3,0,0,0,12,1,2,0,2,5,5,1958,1958,1,1,13,14,2,0.0,3,4,1,4,4,4,1,521,3,174,169,864,1,4,1,5,864,0,0,864,1,0,1,0,3,1,4,5,7,0,3,5,1964.0,3,2,624,5,5,2,0,0,0,0,0,0,3,4,1,0,7,2006,9,4,0,0,1,1,0,48,1728,2.0,0,129900
20,4,71.0,9187,1,1,3,0,0,0,0,11,2,2,0,2,6,5,1983,1983,1,1,13,14,2,0.0,3,2,2,4,4,4,0,336,6,0,748,1084,1,4,1,5,1080,0,0,1080,0,0,1,1,3,1,4,5,7,0,3,1,1983.0,3,2,484,5,5,2,120,0,158,0,0,0,3,4,1,0,6,2007,9,4,0,0,1,1,0,24,2164,1.5,278,134000
45,4,55.0,10594,1,1,3,3,0,4,0,6,2,2,0,1,5,5,1926,1950,1,1,14,15,2,0.0,3,4,0,4,4,4,6,0,6,0,768,768,3,1,0,5,789,0,0,789,0,0,1,0,2,1,4,5,7,0,3,5,1926.0,3,1,200,4,4,2,0,0,112,0,0,0,3,2,1,0,6,2007,9,4,0,0,1,1,0,81,1557,1.0,112,96500
80,4,68.0,10448,1,1,0,3,0,0,0,14,2,2,0,7,6,6,1972,1972,1,1,6,6,1,333.0,3,4,1,4,4,4,6,0,6,0,689,689,1,4,1,5,1378,741,0,2119,0,0,2,1,3,1,4,7,7,1,5,1,1972.0,2,2,583,5,5,2,0,104,0,0,0,0,3,0,1,0,8,2009,0,0,0,1,1,1,1,37,2808,2.5,104,158000
60,4,79.0,10208,1,1,0,3,0,4,0,15,2,2,0,5,7,5,1996,1997,1,1,13,14,1,921.0,2,4,2,2,4,4,6,0,6,0,1264,1264,1,0,1,5,1277,1067,0,2344,0,0,2,1,3,1,2,7,7,1,5,1,1996.0,2,3,889,5,5,2,220,0,0,0,0,0,3,4,1,0,7,2009,9,4,0,1,1,1,1,13,3608,2.5,220,265000
60,4,68.0,9531,1,1,0,3,0,1,0,5,2,2,0,5,6,5,1998,1998,1,1,13,14,2,0.0,3,4,2,2,4,2,2,706,6,0,88,794,1,0,1,5,882,914,0,1796,1,0,2,1,3,1,4,7,7,0,3,1,1998.0,2,2,546,5,5,2,0,36,0,0,0,0,3,2,1,0,5,2007,9,4,0,1,1,1,0,9,2590,3.5,36,211000
70,4,53.0,10918,1,1,3,3,0,4,0,6,2,2,0,5,7,9,1926,2004,2,1,8,8,2,0.0,2,4,0,2,4,4,6,0,6,0,1276,1276,1,0,1,5,1276,804,0,2080,0,0,1,1,3,1,2,9,7,2,2,5,1926.0,3,1,282,5,5,2,0,0,0,0,145,0,3,2,1,0,6,2009,9,4,0,1,1,1,1,83,3356,1.5,145,234000
190,4,60.0,10800,1,0,3,3,0,4,0,17,2,2,1,5,4,7,1900,2000,1,1,8,8,2,0.0,3,4,0,3,2,3,4,0,4,0,0,0,1,4,0,0,694,600,0,1294,0,0,2,0,3,2,4,7,7,0,3,6,1978.0,1,0,0,3,3,0,220,114,210,0,0,0,3,4,1,0,8,2008,9,4,0,1,0,0,0,108,1294,2.0,544,106250
20,4,90.0,11988,1,1,0,3,0,0,0,12,1,2,0,2,6,6,1957,1957,1,1,13,14,2,0.0,3,4,1,4,4,4,5,777,6,0,467,1244,1,0,1,0,1244,0,0,1244,0,0,1,1,3,1,4,6,7,2,2,1,1957.0,3,1,336,5,5,2,0,40,0,0,0,0,3,4,1,0,5,2007,9,4,0,0,1,1,1,50,2488,1.5,40,150000
50,5,50.0,5000,1,1,3,3,0,0,0,3,1,2,0,0,6,7,1947,1950,1,1,5,5,2,0.0,3,2,1,4,4,4,0,399,6,0,605,1004,1,0,1,5,1004,660,0,1664,0,0,2,0,3,1,4,7,7,2,2,5,1950.0,3,2,420,5,5,2,0,24,36,0,0,0,3,4,1,0,10,2006,9,4,0,1,1,1,1,59,2668,2.0,60,159000
60,4,130.0,40094,1,1,0,0,0,4,0,7,4,4,0,5,10,5,2007,2008,3,1,5,5,3,762.0,0,4,2,0,4,1,2,2260,6,0,878,3138,1,0,1,5,3138,1538,0,4676,1,0,3,1,3,1,0,11,7,1,2,3,2007.0,0,3,884,5,5,2,208,406,0,0,0,0,3,4,1,0,10,2007,7,5,0,1,1,1,1,0,7814,4.5,614,184750
60,4,95.0,11787,1,1,0,3,0,4,0,15,2,2,0,5,7,5,1996,1997,1,1,13,14,1,594.0,2,4,2,2,4,4,2,719,6,0,660,1379,1,0,1,5,1383,1015,0,2398,1,0,2,1,3,1,2,8,7,1,5,1,1996.0,0,3,834,5,5,2,239,60,0,0,0,0,3,4,1,0,8,2007,9,4,0,1,1,1,1,11,3777,3.5,299,315750
20,1,62.0,7500,1,2,3,3,0,4,0,21,2,2,0,2,7,5,2005,2005,1,1,13,14,2,0.0,2,4,2,2,4,4,6,0,6,0,1257,1257,1,0,1,5,1266,0,0,1266,0,0,2,0,3,1,2,6,7,1,5,1,2005.0,3,2,453,5,5,2,38,144,0,0,0,0,3,4,1,0,4,2006,9,4,0,0,1,1,1,1,2523,2.0,182,176000
20,4,70.0,13300,1,1,3,3,0,4,0,12,2,2,0,2,5,7,1956,2000,3,1,14,15,2,0.0,3,4,1,2,4,4,5,377,6,0,551,928,1,4,1,5,928,0,0,928,0,0,1,0,2,1,4,4,7,0,3,1,1956.0,3,1,252,5,5,2,261,0,156,0,0,0,3,4,1,0,6,2007,9,4,0,0,1,1,0,51,1856,1.0,417,132000
30,4,58.0,9098,1,1,0,3,0,4,0,7,2,2,0,2,4,7,1920,2002,1,1,14,15,2,0.0,3,4,0,4,4,2,0,348,6,0,180,528,1,0,1,5,605,0,0,605,1,0,1,0,2,1,4,5,7,0,3,6,1978.0,1,0,0,3,3,0,0,0,144,0,0,0,3,4,1,0,7,2007,9,4,0,0,0,1,0,87,1133,2.0,144,86000
20,4,68.0,32668,1,1,0,3,0,1,0,6,2,2,0,2,6,3,1957,1975,3,1,14,12,2,0.0,2,4,2,4,4,4,5,1219,6,0,816,2035,1,4,1,5,2515,0,0,2515,1,0,3,0,4,2,4,9,0,2,5,1,1975.0,2,2,484,5,5,2,0,0,200,0,0,0,3,4,1,0,3,2007,9,2,0,0,1,1,1,50,4550,4.0,200,200624
80,4,85.0,10200,1,1,3,3,0,4,0,23,2,2,0,7,6,5,1988,1989,1,1,6,6,1,219.0,2,4,1,2,4,0,2,783,6,0,678,1461,1,0,1,5,1509,0,0,1509,1,0,2,0,3,1,2,5,7,1,1,1,1988.0,2,2,600,5,5,2,224,0,0,0,0,0,3,4,1,0,8,2008,9,0,0,0,1,1,1,20,2970,3.0,224,175000
70,5,60.0,6155,1,1,0,3,0,3,0,3,8,1,0,5,6,8,1920,1999,1,1,14,15,2,0.0,3,4,0,1,0,2,6,0,6,0,611,611,1,0,1,5,751,611,0,1362,0,0,2,0,3,1,4,6,7,0,3,5,1920.0,0,2,502,5,1,2,0,0,84,0,0,0,3,4,1,0,6,2008,9,4,0,1,1,1,0,88,1973,2.0,84,128000
20,4,60.0,7200,1,1,3,3,0,4,0,12,2,2,0,2,5,7,1955,2007,1,1,13,14,2,0.0,3,4,3,3,2,3,4,0,4,0,0,0,1,0,1,5,827,0,0,827,0,0,1,0,2,1,4,5,4,1,4,5,1967.0,3,1,392,5,5,2,0,0,0,0,0,0,3,4,1,0,4,2010,9,4,0,0,1,0,1,55,827,1.0,0,107500
20,4,50.0,5000,1,1,3,2,0,4,1,3,2,2,0,2,1,3,1946,1950,1,1,13,14,2,0.0,1,1,3,3,2,3,4,0,4,0,0,0,1,1,0,1,334,0,0,334,0,0,1,0,1,1,1,2,7,0,3,6,1978.0,1,0,0,3,3,0,0,0,0,0,0,0,3,4,1,0,1,2007,9,4,0,0,0,0,0,61,334,1.0,0,39300
60,4,74.0,9056,1,1,0,3,0,4,0,8,2,2,0,5,8,5,2004,2004,1,1,13,14,2,0.0,2,4,2,0,1,0,6,0,6,0,707,707,1,0,1,5,707,707,0,1414,0,0,2,1,3,1,2,6,7,1,2,1,2004.0,0,2,403,5,5,2,100,35,0,0,0,0,3,4,1,0,10,2006,9,4,0,1,1,1,1,2,2121,2.5,135,178000
190,4,70.0,7000,1,1,3,3,0,4,0,7,2,2,1,5,5,7,1910,1991,1,1,8,8,2,0.0,3,4,1,2,4,1,2,969,6,0,148,1117,1,4,1,5,820,527,0,1347,1,0,1,0,3,1,4,5,7,0,3,6,1978.0,1,0,0,3,3,0,85,0,148,0,0,0,3,4,1,0,1,2008,9,4,0,1,0,1,0,98,2464,2.0,233,107500
60,4,57.0,8924,1,1,0,3,0,1,0,5,2,2,0,5,7,5,1998,1999,1,1,13,14,2,0.0,3,4,2,2,4,0,6,0,6,0,880,880,1,0,1,5,880,844,0,1724,0,0,2,1,3,1,2,8,7,0,3,1,1998.0,0,2,527,5,5,2,120,155,0,0,0,0,3,4,1,0,7,2008,9,4,0,1,1,1,0,10,2604,2.5,275,188000
20,4,68.0,12735,1,1,0,3,0,2,0,12,2,2,0,2,4,5,1972,1972,3,1,8,8,2,0.0,3,4,1,4,4,4,1,600,6,0,264,864,1,4,1,5,864,0,0,864,0,0,1,0,3,1,4,5,7,0,3,5,1980.0,3,2,576,5,5,2,216,0,0,0,0,0,3,3,1,0,4,2008,0,4,0,0,1,1,0,36,1728,1.0,216,111250
20,4,68.0,11553,1,1,0,3,0,4,0,19,2,2,0,2,5,5,1968,1968,3,1,10,11,1,188.0,3,4,1,4,4,4,1,673,6,0,378,1051,1,4,1,5,1159,0,0,1159,0,0,1,1,3,1,4,7,7,1,1,1,1968.0,3,1,336,5,5,2,466,0,0,0,0,0,3,4,1,0,7,2006,9,4,0,0,1,1,1,38,2210,1.5,466,158000
20,4,68.0,11423,1,1,3,3,0,4,0,5,2,2,0,2,8,5,2001,2002,1,1,13,14,1,479.0,2,4,2,2,4,0,2,1358,6,0,223,1581,1,0,1,5,1601,0,0,1601,1,0,2,0,3,1,2,6,7,1,5,1,2001.0,2,2,670,5,5,2,180,0,0,0,0,0,3,2,3,2000,5,2010,9,4,0,0,1,1,1,9,3182,3.0,180,272000
20,4,85.0,14601,1,1,3,3,0,4,0,23,2,2,0,2,9,5,2006,2006,3,1,13,14,1,584.0,0,4,2,0,4,0,2,1260,6,0,578,1838,1,0,1,5,1838,0,0,1838,1,0,2,0,2,1,0,8,7,1,2,1,2006.0,0,3,765,5,5,2,270,68,0,0,0,0,3,4,1,0,3,2009,9,4,0,0,1,1,1,3,3676,3.0,338,315000
60,4,68.0,11000,1,1,3,3,0,2,0,15,2,2,0,5,8,5,2000,2000,1,1,13,14,1,72.0,2,4,2,2,4,4,6,0,6,0,969,969,1,0,1,5,997,1288,0,2285,0,0,2,1,4,1,2,8,7,1,5,3,2000.0,0,3,648,5,5,2,0,56,0,0,0,0,3,4,1,0,6,2007,9,4,0,1,1,1,1,7,3254,2.5,56,248000
20,4,78.0,10140,1,1,3,3,0,4,0,14,6,2,0,2,7,5,1998,1999,3,1,13,14,2,0.0,2,4,2,0,4,4,3,144,2,1127,379,1650,1,0,1,5,1680,0,0,1680,1,0,2,0,3,1,2,7,0,1,5,1,1998.0,0,2,583,5,5,2,78,73,0,0,0,0,3,4,1,0,6,2009,9,4,0,0,1,1,1,11,3330,3.0,151,213250
120,3,34.0,4058,1,1,3,3,0,4,0,12,2,2,4,6,7,5,1998,1998,1,1,8,8,1,182.0,3,4,2,2,4,0,2,584,3,139,0,723,1,0,1,5,767,0,0,767,1,0,1,0,1,1,4,4,7,0,3,1,1998.0,0,1,367,5,5,2,120,40,0,0,0,0,3,4,1,0,6,2007,9,4,0,0,1,1,0,9,1490,2.0,160,133000
60,4,58.0,17104,1,1,0,3,0,4,0,8,2,2,0,5,7,5,2006,2006,1,1,13,14,2,0.0,2,4,2,2,1,0,2,554,6,0,100,654,1,0,1,5,664,832,0,1496,1,0,2,1,3,1,2,7,7,1,2,1,2006.0,2,2,426,5,5,2,100,24,0,0,0,0,3,4,1,0,9,2006,7,5,0,1,1,1,1,0,2150,3.5,124,179665
50,4,68.0,13837,1,1,0,3,0,0,0,14,2,2,0,0,7,5,1988,1988,1,1,6,6,1,178.0,2,2,2,2,1,4,2,1002,3,202,0,1204,1,2,1,5,1377,806,0,2183,0,0,2,1,4,1,2,9,7,0,3,1,1988.0,3,3,786,5,5,2,0,0,0,0,0,0,3,4,1,0,2,2006,9,4,0,1,1,1,0,18,3387,2.5,0,229000
50,4,70.0,8737,1,1,0,0,0,4,0,3,2,2,0,0,6,7,1923,1950,1,1,3,15,2,0.0,3,4,0,2,4,4,5,300,6,0,765,1065,1,0,1,0,915,720,0,1635,0,0,1,1,3,1,4,6,7,1,2,5,1950.0,3,2,440,5,5,2,0,38,0,144,0,0,3,4,1,0,5,2007,9,4,0,1,1,1,1,84,2700,1.5,182,210000
85,4,54.0,7244,1,1,3,3,0,4,0,11,2,2,0,6,5,7,1970,1970,1,1,13,14,2,0.0,3,2,1,2,4,0,0,619,6,0,149,768,1,0,1,5,768,0,0,768,1,0,1,0,2,1,4,5,7,0,3,5,1987.0,3,2,624,5,5,2,104,0,0,0,0,0,3,4,1,0,4,2007,9,4,0,0,1,1,0,37,1536,2.0,104,129500
20,5,49.0,8235,1,1,0,1,0,4,0,17,1,7,0,2,5,7,1955,1995,1,1,8,8,2,0.0,3,2,1,4,4,4,3,180,5,645,0,825,1,4,1,5,825,0,0,825,1,0,1,0,2,1,4,4,7,0,3,5,1963.0,2,2,720,5,5,2,140,50,0,0,0,0,3,2,1,0,6,2008,9,4,0,0,1,1,0,53,1650,2.0,190,125000
60,1,75.0,9375,1,1,3,3,0,4,0,21,2,2,0,5,7,5,2003,2004,1,1,13,14,2,0.0,2,4,2,2,4,4,6,0,6,0,912,912,1,0,1,5,912,1182,0,2094,0,0,2,1,4,1,2,8,7,1,2,3,2003.0,0,2,615,5,5,2,182,182,0,0,0,0,3,4,1,0,11,2009,9,4,0,1,1,1,1,6,3006,2.5,364,263000
120,4,53.0,4043,1,1,3,3,0,4,0,13,2,2,4,2,6,6,1977,1977,1,1,10,11,2,0.0,3,4,1,2,4,4,0,559,6,0,510,1069,1,4,1,5,1069,0,0,1069,0,0,2,0,2,1,4,4,7,0,3,1,1977.0,2,2,440,5,5,2,0,55,0,0,200,0,3,4,1,0,10,2008,0,0,0,0,1,1,0,31,2138,2.0,255,140000
20,5,50.0,6000,1,1,3,3,0,4,0,17,2,2,0,2,5,6,1957,1957,3,1,3,3,2,0.0,3,4,1,4,4,4,5,308,6,0,620,928,1,2,1,0,928,0,0,928,0,0,1,0,3,1,4,5,7,0,3,1,1957.0,0,1,288,5,5,2,0,0,0,0,0,0,3,4,1,0,6,2008,9,4,0,0,1,1,0,51,1856,1.0,0,112500
20,4,87.0,11146,1,1,0,3,0,4,0,16,2,2,0,2,8,5,2006,2006,1,1,13,14,3,250.0,2,4,2,0,4,0,6,0,6,0,1709,1709,1,0,1,5,1717,0,0,1717,0,0,2,0,3,1,2,7,7,1,2,1,2006.0,2,3,908,5,5,2,169,39,0,0,0,0,3,4,1,0,7,2009,9,4,0,0,1,1,1,3,3426,2.0,208,255500
20,4,67.0,8777,1,1,3,3,0,4,0,7,1,2,0,2,4,5,1949,2003,1,1,13,14,2,0.0,3,4,1,3,2,3,4,0,4,0,0,0,1,0,1,5,1126,0,0,1126,0,0,2,0,2,1,2,5,7,0,3,5,2002.0,0,2,520,5,5,0,0,96,0,0,0,0,3,2,1,0,5,2009,9,4,0,0,1,0,0,60,1126,2.0,96,108000
60,4,85.0,10625,1,1,3,3,0,4,0,16,2,2,0,5,7,5,2003,2004,1,1,13,14,1,292.0,2,4,2,2,4,4,2,866,6,0,132,998,1,0,1,5,1006,1040,0,2046,1,0,2,1,3,1,2,8,7,1,2,3,2003.0,2,3,871,5,5,2,320,62,0,0,0,0,3,4,1,0,8,2008,9,4,0,1,1,1,1,5,3044,3.5,382,284000
45,5,58.0,6380,1,1,3,3,0,4,0,3,2,2,0,1,5,6,1922,1950,1,1,8,8,2,0.0,3,4,0,4,0,4,6,0,6,0,993,993,1,4,1,0,1048,0,0,1048,0,0,1,0,2,1,4,5,7,1,2,5,1922.0,3,1,280,5,5,2,0,0,116,0,0,0,3,4,1,0,8,2006,9,4,0,0,1,1,1,84,2041,1.0,116,113000
20,4,69.0,14850,1,1,0,3,0,4,0,12,2,2,0,2,5,5,1957,1957,1,1,14,15,2,0.0,3,4,1,4,4,4,5,895,6,0,197,1092,1,4,1,0,1092,0,0,1092,1,0,1,0,2,1,4,6,7,1,5,1,1957.0,0,1,299,5,5,2,268,0,0,0,122,0,3,3,1,0,5,2006,9,4,0,0,1,1,1,49,2184,2.0,390,141000
50,0,60.0,11040,1,1,3,2,0,4,1,9,2,2,0,0,4,6,1920,1950,1,1,8,8,2,0.0,3,4,1,4,4,4,5,637,6,0,0,637,1,2,1,5,897,439,0,1336,0,0,1,1,3,1,4,7,7,0,3,4,1994.0,3,1,570,5,5,2,0,47,120,0,0,0,3,4,1,0,9,2006,0,4,0,1,1,1,0,86,1973,1.5,167,108000
60,4,57.0,21872,1,1,1,1,0,2,0,8,2,2,0,5,7,5,1996,1997,1,1,6,6,2,0.0,3,4,2,2,4,1,2,604,6,0,125,729,1,0,1,5,729,717,0,1446,0,1,2,1,3,1,4,6,7,1,5,1,1996.0,3,2,406,5,5,2,264,22,0,0,0,0,3,4,1,0,8,2008,9,4,0,1,1,1,1,12,2175,3.0,286,175000
120,4,68.0,3196,1,1,3,3,0,4,0,0,2,2,4,2,7,5,2003,2004,1,1,13,14,1,18.0,2,4,2,2,4,1,6,0,6,0,1374,1374,1,0,1,5,1557,0,0,1557,0,0,2,0,2,1,2,7,7,1,5,1,2003.0,0,2,420,5,5,2,143,20,0,0,0,0,3,4,1,0,10,2006,9,4,0,0,1,1,1,3,2931,2.0,163,234000
20,4,68.0,11341,1,1,0,3,0,4,0,19,2,2,0,2,5,6,1957,1996,3,1,14,15,1,180.0,3,4,1,2,4,4,0,1302,6,0,90,1392,1,4,1,5,1392,0,0,1392,1,0,1,1,3,1,4,5,4,1,2,5,1957.0,3,2,528,5,5,2,0,0,0,0,95,0,3,4,1,0,5,2010,9,4,0,0,1,1,1,53,2784,2.5,95,121500
20,4,77.0,10010,1,1,3,3,0,4,1,11,2,2,0,2,5,5,1974,1975,1,1,6,6,2,0.0,3,4,1,2,4,0,0,1071,3,123,195,1389,1,2,1,5,1389,0,0,1389,1,0,1,0,2,1,4,6,7,1,5,1,1975.0,2,2,418,5,5,2,240,38,0,0,0,0,3,4,1,0,4,2006,9,4,0,0,1,1,1,32,2778,2.0,278,170000
30,4,63.0,13907,1,1,3,3,0,4,0,7,2,2,0,2,5,6,1940,1969,1,1,15,16,2,0.0,3,4,1,4,4,4,1,290,6,0,706,996,1,0,1,5,996,0,0,996,1,0,1,0,3,1,4,6,7,1,2,6,1978.0,1,0,0,3,3,2,144,0,0,0,0,0,3,4,1,0,7,2008,9,4,0,0,0,1,1,68,1992,2.0,144,108000
50,4,66.0,21780,1,1,3,3,0,4,0,7,2,2,0,0,6,7,1918,1950,1,1,14,15,2,0.0,3,4,0,2,4,2,6,0,6,0,1163,1163,1,0,1,5,1163,511,0,1674,0,0,2,0,4,1,4,8,7,1,2,5,1955.0,0,2,396,5,5,0,72,36,0,0,144,0,3,4,1,0,7,2008,9,4,0,1,1,1,1,90,2837,2.0,252,185000
60,4,68.0,13346,1,1,0,3,0,1,0,15,2,2,0,5,7,5,1992,2000,1,1,6,6,2,0.0,2,4,2,2,4,4,2,728,6,0,367,1095,1,0,1,5,1166,1129,0,2295,1,0,2,1,4,1,2,9,7,1,5,1,1992.0,2,2,590,5,5,2,0,40,0,0,0,0,3,4,1,0,7,2006,9,4,0,1,1,1,1,14,3390,3.5,40,268000
70,4,66.0,6858,1,1,3,0,0,0,0,18,2,2,0,5,6,4,1915,1950,1,1,14,15,2,0.0,3,4,2,2,4,4,6,0,6,0,806,806,1,4,0,1,841,806,0,1647,1,0,1,1,4,1,1,6,7,0,3,5,1920.0,3,1,216,5,5,2,0,66,136,0,0,0,3,4,1,0,5,2010,9,4,0,1,1,1,0,95,2453,2.5,202,128000
60,4,77.0,11198,1,1,0,3,0,4,0,22,2,2,0,5,9,5,2005,2007,3,1,13,14,1,245.0,2,4,2,2,1,4,6,0,6,0,1122,1122,1,0,1,5,1134,1370,0,2504,0,0,2,1,4,1,0,11,7,1,2,3,2005.0,0,3,656,5,5,2,144,39,0,0,0,0,3,4,1,0,6,2008,9,4,0,1,1,1,1,3,3626,2.5,183,325000
20,4,70.0,10171,1,1,0,3,0,4,0,16,2,2,0,2,7,5,2004,2004,1,1,13,14,1,168.0,2,4,2,2,4,4,2,2,6,0,1515,1517,1,0,1,5,1535,0,0,1535,0,0,2,0,3,1,2,7,7,0,3,1,2004.0,2,2,532,5,5,2,0,0,0,0,0,0,3,4,1,0,3,2010,9,4,0,0,1,1,0,6,3052,2.0,0,214000
50,4,79.0,12327,1,1,0,2,0,4,1,20,2,2,0,0,8,8,1983,2009,1,1,14,15,2,0.0,2,4,1,2,4,1,2,1441,6,0,55,1496,1,0,1,5,1496,636,0,2132,1,0,1,1,1,1,2,5,3,1,2,3,1983.0,0,2,612,2,5,2,349,40,0,0,0,0,3,4,1,0,9,2009,9,4,0,1,1,1,1,26,3628,2.5,389,316600
90,4,68.0,7032,1,1,0,3,0,0,0,12,2,2,2,6,5,5,1979,1979,1,1,8,8,2,0.0,3,4,1,2,4,1,2,943,6,0,0,943,1,4,1,5,943,0,0,943,1,0,1,0,2,1,4,4,7,2,5,5,1979.0,3,2,600,5,5,2,42,0,0,0,0,0,3,4,1,0,12,2006,9,4,0,0,1,1,1,27,1886,2.0,42,135960
90,4,74.0,13101,1,1,0,3,0,4,0,12,2,2,2,2,5,5,1965,1965,1,1,6,6,1,108.0,3,4,1,4,4,4,3,231,6,0,1497,1728,1,4,1,5,1728,0,0,1728,0,0,2,0,6,2,4,10,7,0,3,5,1987.0,3,2,576,5,5,2,0,0,0,0,0,0,3,4,1,0,11,2008,9,4,0,0,1,1,0,43,3456,2.0,0,142600
20,4,60.0,7332,1,1,3,3,0,4,0,12,2,2,0,2,6,6,1959,1959,1,1,15,16,1,207.0,3,4,1,4,4,4,1,414,6,0,450,864,1,0,1,5,864,0,0,864,1,0,1,0,2,1,2,4,7,0,3,1,1959.0,3,1,288,5,5,2,168,0,0,0,0,0,3,4,1,0,10,2006,9,0,0,0,1,1,0,47,1728,2.0,168,120000
60,4,83.0,13159,1,1,0,1,0,0,0,23,2,2,0,5,7,5,2009,2009,1,1,13,14,2,0.0,3,4,2,0,4,0,6,0,6,0,846,846,1,2,1,5,846,846,0,1692,0,0,2,1,3,1,2,6,7,0,3,1,2009.0,2,2,650,5,5,2,208,114,0,0,0,0,3,4,1,0,7,2009,7,5,0,1,1,1,0,0,2538,2.5,322,224500
80,4,76.0,9967,1,1,0,3,0,4,0,8,2,2,0,7,7,5,2000,2000,1,1,13,14,2,0.0,3,4,2,2,4,4,6,0,6,0,384,384,1,0,1,5,774,656,0,1430,0,0,2,1,3,1,4,8,7,1,5,3,2000.0,2,2,400,5,5,2,100,0,0,0,0,0,3,4,1,0,12,2007,9,4,0,1,1,1,1,7,1814,2.5,100,170000
80,4,70.0,10500,1,1,3,3,0,2,0,12,2,2,0,7,5,7,1971,2005,2,1,8,1,1,82.0,3,4,1,4,4,0,0,349,6,0,23,372,1,4,1,5,576,533,0,1109,0,1,1,0,3,1,4,5,7,0,3,3,1971.0,3,1,288,5,5,2,35,0,0,0,0,0,3,1,1,0,12,2007,9,4,0,1,1,1,0,36,1481,1.5,35,139000
50,4,80.0,8480,1,1,3,3,0,4,0,12,2,2,0,0,5,5,1947,1950,1,1,8,8,2,0.0,3,4,1,4,4,4,5,442,6,0,390,832,1,4,1,5,832,384,0,1216,0,0,1,0,2,1,4,6,7,0,3,5,1947.0,3,1,336,5,5,2,158,0,102,0,0,0,3,4,1,0,10,2008,0,0,0,1,1,1,0,61,2048,1.0,260,118500
50,4,52.0,6292,1,1,3,3,0,4,0,18,2,2,0,0,7,7,1928,1950,1,1,14,15,2,0.0,3,4,0,4,4,4,6,0,6,0,861,861,1,2,1,5,877,600,0,1477,0,1,2,0,3,1,4,6,7,1,2,5,1928.0,3,1,216,5,5,2,0,50,0,0,0,0,3,4,1,0,8,2009,9,4,0,1,1,1,1,81,2338,2.5,50,145000
80,4,96.0,11777,1,1,0,3,0,4,0,19,2,2,0,7,5,6,1966,1966,1,1,13,14,1,97.0,3,4,1,4,4,0,3,328,0,551,285,1164,1,0,1,5,1320,0,0,1320,1,0,1,0,3,1,4,6,7,2,1,1,1966.0,2,2,564,5,5,2,160,68,240,0,0,0,3,4,1,0,5,2006,9,0,0,0,1,1,1,40,2484,2.0,468,164500
160,1,34.0,3604,1,2,3,3,0,0,0,21,2,2,4,5,7,5,2007,2007,1,1,13,14,2,0.0,2,4,2,2,4,4,6,0,6,0,689,689,1,0,1,5,703,689,0,1392,0,0,2,0,2,1,2,5,7,0,3,5,2007.0,3,2,540,5,5,2,0,102,0,0,0,0,3,4,1,0,2,2008,9,0,0,1,1,1,0,1,2081,2.0,102,146000
50,5,81.0,12150,1,0,3,3,0,4,0,17,2,2,0,0,5,5,1954,1954,1,1,8,8,1,335.0,3,4,0,4,4,4,6,0,6,0,1050,1050,1,0,0,1,1050,745,0,1795,0,0,2,0,4,1,4,7,7,0,3,1,1954.0,3,1,352,1,5,2,0,0,0,0,0,0,3,4,1,0,11,2008,9,4,0,1,1,1,0,54,2845,2.0,0,131500
20,4,68.0,14585,1,1,0,3,0,1,0,12,2,2,0,2,6,6,1960,1987,1,1,14,15,1,85.0,3,4,1,4,4,4,1,594,5,219,331,1144,1,0,1,5,1429,0,0,1429,0,1,1,0,3,1,2,7,7,2,2,1,1960.0,3,2,572,5,5,2,216,110,0,0,0,0,3,4,1,0,6,2007,9,4,0,0,1,1,1,47,2573,1.5,326,181900
20,4,98.0,12704,1,1,3,3,0,4,0,16,2,2,0,2,8,5,2008,2009,3,1,13,14,1,306.0,0,4,2,0,4,4,6,0,6,0,2042,2042,1,0,1,5,2042,0,0,2042,0,0,2,1,3,1,0,8,7,1,2,1,2009.0,2,3,1390,5,5,2,0,90,0,0,0,0,3,4,1,0,8,2009,7,5,0,0,1,1,1,1,4084,2.5,90,253293
90,4,81.0,11841,0,1,3,3,0,4,0,7,2,2,2,6,6,5,1990,1990,1,1,6,6,1,104.0,3,2,1,2,4,0,2,816,6,0,0,816,1,4,1,5,816,0,0,816,1,0,1,0,3,1,4,5,7,0,3,6,1978.0,1,0,0,3,3,2,0,32,0,0,0,0,3,4,1,0,5,2007,9,4,0,0,0,1,0,17,1632,2.0,32,118500
75,5,75.0,13500,1,1,3,3,0,4,0,17,0,3,0,4,10,9,1893,2000,1,1,14,15,2,0.0,0,0,0,4,4,4,6,0,6,0,1237,1237,1,2,1,5,1521,1254,0,2775,0,0,3,1,3,1,2,9,7,1,2,5,1988.0,3,2,880,2,5,2,105,502,0,0,0,0,3,4,1,0,7,2008,9,4,0,1,1,1,1,115,4012,3.5,607,325000
50,5,51.0,6120,1,1,3,3,0,4,0,3,2,2,0,0,4,7,1935,1995,1,1,0,0,2,0.0,3,4,0,4,4,4,6,0,6,0,884,884,1,0,1,5,989,584,0,1573,0,0,1,0,3,1,2,6,7,0,3,5,1935.0,3,1,240,5,5,2,0,0,54,0,120,0,3,4,1,0,7,2009,9,4,0,1,1,1,0,74,2457,1.0,174,133000
30,4,55.0,10267,1,1,3,3,0,4,0,3,6,2,0,2,6,7,1918,2000,1,1,12,16,2,0.0,3,2,0,4,1,2,5,210,0,606,0,816,1,0,1,5,838,0,0,838,1,0,1,0,2,1,1,5,7,0,3,5,1961.0,0,1,275,5,5,0,0,0,112,0,0,0,3,3,1,0,5,2008,9,4,0,0,1,1,0,90,1654,2.0,112,130000
85,4,74.0,8740,1,1,0,3,0,4,0,19,2,2,0,6,5,6,1982,1982,3,1,6,6,2,0.0,3,4,1,4,4,0,0,672,6,0,168,840,1,4,1,5,860,0,0,860,1,0,1,0,2,1,4,4,7,0,3,5,1996.0,3,2,528,5,5,2,0,0,0,0,0,0,3,4,1,0,7,2009,9,4,0,0,1,1,0,27,1700,2.0,0,137000
20,4,65.0,25095,1,1,0,2,0,4,2,4,2,2,0,2,5,8,1968,2003,0,5,14,15,2,0.0,3,4,1,4,4,1,2,1324,6,0,113,1437,1,0,1,5,1473,0,0,1473,2,0,1,0,1,1,0,5,7,2,2,1,1968.0,3,1,452,5,5,2,0,48,0,0,60,0,3,4,1,0,6,2009,9,5,0,0,1,1,1,41,2910,3.0,108,143000
40,5,50.0,9100,1,1,3,3,0,4,0,3,6,1,0,2,5,6,1930,1960,1,1,13,14,2,0.0,3,4,0,4,4,4,6,0,6,0,742,742,1,4,1,0,779,0,156,935,0,0,1,0,2,1,4,4,7,0,3,5,1988.0,3,1,308,5,5,1,0,0,0,0,0,0,3,4,3,600,8,2008,9,4,0,0,1,1,0,78,1521,1.0,0,79500
60,4,64.0,8320,1,1,3,3,0,4,0,5,2,2,0,5,7,5,2004,2004,1,1,13,14,2,0.0,2,4,2,2,4,4,2,490,6,0,280,770,1,0,1,5,770,812,0,1582,0,0,2,1,3,1,2,6,7,0,3,1,2004.0,2,2,520,5,5,2,0,45,0,0,0,0,3,4,1,0,9,2008,9,4,0,1,1,1,0,4,2352,2.5,45,185900
20,4,60.0,6600,1,1,3,3,0,4,0,11,2,2,0,2,5,8,1982,2003,1,1,6,6,2,0.0,3,2,2,4,1,4,2,816,6,0,0,816,1,0,1,5,816,0,0,816,1,0,1,0,2,1,4,4,7,0,3,5,1985.0,0,2,816,5,5,2,0,0,0,0,0,0,3,4,1,0,6,2008,9,4,0,0,1,1,0,26,1632,2.0,0,138000
120,5,68.0,4435,1,1,3,3,0,4,0,5,2,2,4,2,6,5,2003,2003,1,1,13,14,1,170.0,2,4,2,2,4,0,2,685,6,0,163,848,1,0,1,5,848,0,0,848,1,0,1,0,1,1,2,4,7,0,3,1,2003.0,0,2,420,5,5,2,140,0,0,0,0,0,3,4,1,0,5,2009,9,4,0,0,1,1,0,6,1696,2.0,140,140000
20,4,88.0,7990,1,1,0,3,0,4,0,5,2,2,0,2,5,6,1975,1975,3,1,6,6,2,0.0,3,4,1,2,4,4,6,0,6,0,924,924,1,4,1,5,924,0,0,924,0,0,1,0,3,1,4,5,7,0,3,5,1981.0,3,1,280,5,5,2,0,0,0,0,0,0,3,2,1,0,4,2008,9,4,0,0,1,1,0,33,1848,1.0,0,110000
20,4,69.0,11302,1,1,0,3,0,4,0,22,2,2,0,2,8,5,2005,2006,1,1,13,10,1,238.0,2,4,2,2,4,1,2,1422,6,0,392,1814,1,0,1,5,1826,0,0,1826,1,0,2,0,3,1,2,7,7,1,5,1,2005.0,0,3,758,5,5,2,180,75,0,0,120,0,3,4,1,0,8,2006,7,5,0,0,1,1,1,1,3640,3.0,375,319000
70,5,60.0,3600,1,0,3,3,0,4,0,17,2,2,0,5,6,7,1910,1993,1,1,13,14,2,0.0,3,4,1,4,4,4,6,0,6,0,684,684,1,0,0,0,684,684,0,1368,0,0,1,0,3,1,4,7,7,0,3,5,1930.0,3,1,216,5,1,0,0,158,0,0,0,0,3,4,1,0,10,2006,9,4,0,1,1,1,0,96,2052,1.0,158,114504
120,4,53.0,3922,1,1,3,3,0,4,0,0,2,2,4,2,7,5,2006,2007,1,1,13,14,1,72.0,2,4,2,0,4,0,6,0,6,0,1258,1258,1,0,1,5,1402,0,0,1402,0,2,0,2,2,1,2,7,7,1,2,1,2006.0,0,3,648,5,5,2,120,16,0,0,0,0,3,4,1,0,2,2007,7,5,0,0,1,1,1,1,2660,2.0,136,194201
20,4,80.0,12984,1,1,3,0,0,4,0,6,2,2,0,2,5,6,1977,1977,1,1,10,11,1,459.0,3,4,1,2,4,2,0,1283,3,147,0,1430,1,0,1,5,1647,0,0,1647,1,0,2,0,3,1,2,7,7,1,5,1,1977.0,0,2,621,5,5,2,0,0,0,0,0,0,3,4,1,0,3,2006,9,4,0,0,1,1,1,29,3077,3.0,0,217500
160,5,24.0,1950,1,1,3,3,0,4,0,1,2,2,3,5,6,6,1980,1980,1,1,8,8,2,0.0,3,2,1,2,4,4,3,81,2,612,23,716,1,4,1,5,716,840,0,1556,1,0,2,1,3,1,4,6,7,1,5,1,1980.0,0,2,452,5,5,2,161,0,0,0,0,0,3,0,1,0,7,2008,0,4,0,1,1,1,1,28,2272,3.5,161,151000
60,4,74.0,10927,1,1,3,3,0,4,0,16,2,2,0,5,8,5,2005,2005,1,1,13,14,1,280.0,2,4,2,2,4,0,2,546,6,0,512,1058,1,0,1,5,1058,846,0,1904,1,0,2,1,3,1,0,8,7,1,2,3,2003.0,0,2,736,5,5,2,179,60,0,0,0,0,3,4,1,0,6,2006,9,4,0,1,1,1,1,1,2962,3.5,239,275000
50,5,50.0,9000,1,1,3,0,0,4,0,9,2,2,0,0,6,6,1937,1950,1,1,14,15,2,0.0,3,2,2,4,4,4,6,0,6,0,780,780,1,4,1,5,780,595,0,1375,0,0,1,1,3,1,2,6,7,1,2,5,1979.0,3,1,544,5,5,1,0,162,0,0,126,0,3,4,1,0,12,2007,9,4,0,1,1,1,1,70,2155,1.5,288,141000
60,4,80.0,10041,1,1,0,3,0,4,0,20,2,2,0,5,8,5,1992,1992,1,1,6,6,2,0.0,2,4,2,2,4,2,2,789,6,0,119,908,1,0,1,5,927,988,0,1915,1,0,2,1,3,1,2,8,7,1,5,1,1992.0,0,2,506,5,5,2,120,150,0,0,0,0,3,4,1,0,2,2006,9,0,0,1,1,1,1,14,2823,3.5,270,220000
160,1,30.0,3182,1,2,3,3,0,4,0,21,2,2,4,5,7,5,2004,2005,1,1,8,8,2,0.0,2,4,2,2,4,4,6,0,6,0,600,600,1,0,1,5,600,600,0,1200,0,0,2,1,2,1,2,4,7,0,3,5,2004.0,2,2,480,5,5,2,0,172,0,0,0,0,3,4,1,0,6,2010,9,4,0,1,1,1,0,6,1800,2.5,172,151000
20,4,88.0,12803,1,1,0,3,0,4,0,5,2,2,0,2,7,5,2002,2002,1,1,13,14,1,99.0,2,4,2,2,4,2,2,922,6,0,572,1494,1,0,1,5,1494,0,0,1494,1,0,2,0,3,1,2,6,7,1,5,1,2002.0,2,2,530,5,5,2,192,36,0,0,0,0,3,4,1,0,9,2008,9,4,0,0,1,1,1,6,2988,3.0,228,221000
60,4,85.0,13600,1,1,3,3,0,4,0,12,2,2,0,5,7,6,1965,1990,1,1,6,6,1,176.0,3,4,1,4,4,4,1,454,6,0,314,768,1,4,1,5,1186,800,0,1986,0,0,2,1,3,1,4,7,7,3,1,1,1965.0,3,2,486,5,5,2,0,42,0,0,189,0,3,4,1,0,10,2009,9,4,0,1,1,1,1,44,2754,2.5,231,205000
20,4,82.0,12464,1,1,1,2,0,0,1,5,2,2,0,2,5,5,1996,1996,1,1,13,14,2,0.0,3,2,2,2,4,4,2,732,6,0,308,1040,1,2,1,5,1040,0,0,1040,1,0,1,0,3,1,2,6,7,0,3,5,2000.0,3,2,576,5,5,2,168,0,0,0,0,0,3,0,1,0,11,2009,9,4,0,0,1,1,0,13,2080,2.0,168,152000
20,4,78.0,7800,1,1,3,0,0,4,1,7,2,2,0,5,5,8,1948,2002,1,1,8,8,2,0.0,3,2,1,4,1,4,2,603,6,0,293,896,1,0,1,5,1112,896,0,2008,1,0,3,0,3,1,0,8,7,0,3,1,1948.0,3,1,230,5,5,2,103,0,0,0,0,0,3,4,1,0,8,2006,9,4,0,1,1,1,0,58,2904,4.0,103,225000
20,4,61.0,7943,1,1,3,3,0,4,0,19,1,2,0,2,4,5,1961,1961,1,1,13,14,0,192.0,3,1,1,4,4,2,5,903,6,0,126,1029,1,2,1,5,1029,0,0,1029,1,0,1,0,3,1,4,5,7,0,3,1,1961.0,3,1,261,5,5,2,64,0,39,0,0,0,3,4,1,0,4,2007,9,4,0,0,1,1,0,46,2058,2.0,103,118500
60,4,68.0,11050,1,1,3,3,0,4,0,5,4,2,0,5,9,5,2000,2000,3,1,13,14,1,204.0,2,4,2,0,4,2,2,904,6,0,536,1440,1,0,1,5,1476,677,0,2153,1,0,2,1,3,1,0,8,7,2,0,1,2000.0,0,3,736,5,5,2,253,142,0,0,0,0,3,4,1,0,5,2009,9,4,0,1,1,1,1,9,3593,3.5,395,313000
80,4,68.0,10395,1,1,0,3,0,2,0,14,2,2,0,7,6,6,1978,1978,1,1,6,6,1,233.0,3,4,1,2,4,0,0,605,6,0,427,1032,1,4,1,5,1032,0,0,1032,0,1,2,0,3,1,4,6,7,1,5,1,1978.0,3,2,564,5,5,2,0,0,0,0,0,0,3,2,3,500,7,2007,9,4,0,0,1,1,1,29,2064,2.5,0,148000
60,4,68.0,11885,1,1,3,3,0,4,0,5,2,2,0,5,8,5,2001,2001,1,1,13,14,1,108.0,2,4,2,2,4,0,2,990,6,0,309,1299,1,0,1,5,1299,573,0,1872,1,0,2,1,3,1,0,7,7,1,5,3,2001.0,2,2,531,5,5,2,160,122,0,0,0,0,3,4,1,0,11,2009,9,4,0,1,1,1,1,8,3171,3.5,282,261500
20,4,70.0,8402,1,1,3,3,0,4,0,11,1,2,0,2,5,5,2007,2007,1,1,13,14,2,0.0,3,4,2,2,4,4,0,206,6,0,914,1120,1,0,1,5,1120,0,0,1120,0,0,1,0,3,1,4,6,7,0,3,6,1978.0,1,0,0,3,3,2,0,30,0,0,0,0,3,4,1,0,12,2007,7,5,0,0,0,1,0,0,2240,1.0,30,147000
180,5,21.0,1491,1,1,3,3,0,4,0,10,2,2,4,6,4,6,1972,1972,1,1,5,5,2,0.0,3,4,1,2,4,0,3,150,2,480,0,630,1,0,1,5,630,0,0,630,1,0,1,0,1,1,4,3,7,0,3,6,1978.0,1,0,0,3,3,2,96,24,0,0,0,0,3,4,1,0,5,2010,9,4,0,0,0,1,0,38,1260,2.0,120,75500
85,4,80.0,8800,1,1,3,3,0,4,0,12,1,2,0,6,6,7,1963,1963,1,1,8,8,1,156.0,3,2,2,4,4,1,2,763,6,0,173,936,1,0,1,5,1054,0,0,1054,1,0,1,0,3,1,2,6,7,0,3,1,1963.0,2,2,480,5,5,2,120,0,0,0,0,0,3,2,1,0,5,2010,9,0,0,0,1,1,0,47,1990,2.0,120,137500
60,4,68.0,7861,1,1,0,3,0,4,0,8,2,2,0,5,6,5,2002,2003,1,1,13,14,2,0.0,2,4,2,2,4,4,2,457,6,0,326,783,1,0,1,5,807,702,0,1509,1,0,2,1,3,1,2,7,7,1,2,1,2002.0,0,2,393,5,5,2,100,75,0,0,0,0,3,4,1,0,6,2006,9,4,0,1,1,1,1,4,2292,3.5,175,183200
45,4,59.0,7227,1,1,3,1,0,0,1,12,0,2,0,1,6,6,1954,1954,1,1,8,8,2,0.0,3,4,1,4,4,4,6,0,6,0,832,832,1,2,1,5,832,0,0,832,0,0,1,0,2,1,2,4,7,0,3,5,1962.0,3,2,528,5,5,2,0,0,0,0,0,0,3,4,1,0,6,2008,9,4,0,0,1,1,0,54,1664,1.0,0,105500
20,4,90.0,11694,1,1,3,3,0,4,0,16,2,2,0,2,9,5,2007,2007,3,1,5,5,1,452.0,0,4,2,0,4,0,2,48,6,0,1774,1822,1,0,1,5,1828,0,0,1828,0,0,2,0,3,1,2,9,7,1,2,1,2007.0,3,3,774,5,5,2,0,108,0,0,260,0,3,4,1,0,7,2007,7,5,0,0,1,1,1,0,3650,2.0,368,314813
60,4,85.0,12244,1,1,3,3,0,4,0,23,2,2,0,5,8,5,2003,2003,3,1,13,14,3,226.0,2,4,2,2,4,1,2,871,6,0,611,1482,1,0,1,5,1482,780,0,2262,1,0,2,1,4,1,2,10,7,2,2,1,2003.0,0,3,749,5,5,2,168,0,0,0,0,0,3,4,1,0,8,2008,9,4,0,1,1,1,1,5,3744,3.5,168,305000
30,4,45.0,8248,1,0,3,3,0,4,0,7,2,2,0,2,3,3,1914,1950,1,1,12,13,2,0.0,3,4,0,4,4,4,1,41,6,0,823,864,1,4,0,1,864,0,0,864,1,0,1,0,2,1,4,5,7,0,3,6,1978.0,1,0,0,3,3,0,0,0,100,0,0,0,3,4,1,0,9,2008,9,4,0,0,0,1,0,94,1728,2.0,100,67000
60,4,90.0,10800,1,1,3,3,0,4,0,14,2,2,0,5,6,7,1974,1997,1,1,6,6,2,0.0,3,4,1,4,4,4,0,956,5,182,384,1522,1,4,1,5,1548,1066,0,2614,0,0,2,1,4,1,4,9,7,1,5,1,1974.0,2,2,624,5,5,2,38,243,0,0,0,0,3,4,1,0,6,2008,9,4,0,1,1,1,1,34,4136,2.5,281,240000
20,4,71.0,7064,1,1,3,3,0,4,0,19,2,2,0,2,5,6,1977,1977,1,1,10,11,1,153.0,3,4,1,4,4,4,1,560,6,0,420,980,1,4,1,5,980,0,0,980,0,0,1,0,3,1,4,6,7,0,3,5,1986.0,3,2,484,5,5,2,192,0,0,0,0,0,3,4,1,0,7,2009,9,4,0,0,1,1,0,32,1960,1.0,192,135000
160,1,68.0,2117,1,1,3,3,0,4,0,21,2,2,4,5,6,5,2000,2000,1,1,8,8,1,513.0,2,4,2,2,4,4,2,420,6,0,336,756,1,0,1,5,756,756,0,1512,0,0,2,1,2,1,2,4,7,1,5,5,2000.0,3,2,440,5,5,2,0,32,0,0,0,0,3,4,1,0,6,2007,9,4,0,1,1,1,1,7,2268,2.5,32,168500
60,4,80.0,10400,1,1,3,3,0,4,0,14,2,2,0,5,6,5,1972,1972,1,1,13,14,2,288.0,3,4,1,4,4,4,5,247,6,0,485,732,1,2,1,5,1012,778,0,1790,1,0,1,2,4,1,4,8,3,1,5,1,1972.0,2,2,484,5,5,2,148,0,0,0,147,0,3,4,1,0,11,2006,9,4,0,1,1,1,1,34,2522,3.0,295,165150
20,4,87.0,10000,1,1,0,3,0,0,0,12,2,2,0,2,6,6,1962,1962,3,1,14,15,1,261.0,3,4,1,4,4,4,6,0,6,0,1116,1116,1,4,1,5,1116,0,0,1116,0,0,1,1,3,1,4,5,7,0,3,1,1962.0,3,2,440,5,5,2,0,0,0,0,385,0,3,4,1,0,2,2010,9,4,0,0,1,1,0,48,2232,1.5,385,160000
20,4,68.0,12342,1,1,0,3,0,4,0,12,2,2,0,2,5,5,1960,1978,3,1,14,15,2,0.0,3,4,1,4,4,4,6,0,6,0,978,978,1,4,1,5,1422,0,0,1422,0,0,1,0,3,1,4,6,2,1,5,1,1960.0,2,1,286,5,5,2,0,0,36,0,0,0,3,1,3,600,8,2007,9,4,0,0,1,1,1,47,2400,1.0,36,139900
80,4,80.0,9600,1,1,3,3,0,4,0,12,2,2,0,7,6,6,1955,1972,1,1,0,0,1,164.0,3,4,1,4,4,0,1,674,3,132,350,1156,1,0,1,5,1520,0,0,1520,1,0,1,0,3,1,4,7,7,2,2,2,1955.0,2,1,364,5,5,2,0,0,189,0,0,0,3,4,1,0,3,2010,9,4,0,0,1,1,1,55,2676,2.0,189,153000
60,4,70.0,11606,1,1,0,1,0,4,2,12,2,2,0,5,5,5,1969,1969,1,1,10,11,1,192.0,3,4,2,2,4,0,5,650,6,0,390,1040,1,4,1,5,1040,1040,0,2080,0,1,1,2,5,1,1,9,7,2,5,1,1969.0,3,2,504,5,5,2,335,0,0,0,0,0,3,4,1,0,9,2007,9,3,0,1,1,1,1,38,3120,2.5,335,135000
80,4,82.0,9020,1,1,3,3,0,0,0,12,1,2,0,7,6,5,1964,1964,1,7,10,15,1,259.0,3,4,1,4,4,1,2,624,5,336,288,1248,1,4,1,5,1350,0,0,1350,1,0,1,1,3,1,4,6,7,0,3,1,1964.0,2,2,520,5,5,2,176,0,0,0,0,0,3,0,1,0,6,2008,9,4,0,0,1,1,0,44,2598,2.5,176,168500
70,5,50.0,9000,1,0,3,3,0,0,0,17,0,2,0,5,5,6,1880,1991,1,1,13,14,2,0.0,3,4,0,1,0,4,6,0,6,0,636,636,1,4,1,0,1089,661,0,1750,0,0,1,0,3,1,0,8,7,0,3,5,1937.0,3,1,240,1,4,0,0,0,293,0,0,0,3,2,1,0,6,2006,9,0,0,1,1,1,0,126,2386,1.0,293,124000
120,4,34.0,4590,1,1,3,3,0,4,0,16,2,2,3,2,8,5,2006,2006,1,1,13,14,3,108.0,2,4,2,2,1,2,2,24,6,0,1530,1554,1,0,1,5,1554,0,0,1554,0,0,2,0,2,1,2,6,7,1,2,1,2006.0,2,2,627,5,5,2,156,73,0,0,0,0,3,4,1,0,8,2007,9,4,0,0,1,1,1,1,3108,2.0,229,209500
20,4,85.0,11900,1,1,3,3,0,4,0,14,2,2,0,2,7,5,1977,1977,3,1,10,11,1,209.0,3,2,1,4,4,4,0,822,6,0,564,1386,1,4,1,5,1411,0,0,1411,0,0,2,0,3,1,4,6,7,1,5,1,1977.0,0,2,544,5,5,2,192,0,0,0,0,0,3,4,1,0,4,2009,9,3,0,0,1,1,1,32,2797,2.0,192,82500
20,4,80.0,9250,1,1,3,3,0,0,0,12,2,2,0,2,5,7,1954,2005,1,1,14,15,2,0.0,3,4,1,4,4,4,1,480,3,468,108,1056,1,4,1,5,1056,0,0,1056,0,1,1,0,3,1,4,6,7,0,3,1,1954.0,3,1,260,5,5,2,390,0,0,0,0,0,3,4,1,0,7,2007,9,4,0,0,1,1,0,53,2112,1.5,390,139400
90,4,64.0,6979,1,1,3,3,0,4,0,17,2,2,2,6,6,5,1980,1980,1,1,10,11,2,0.0,3,4,1,4,4,4,2,1056,6,0,0,1056,1,2,1,5,1056,0,0,1056,2,0,0,0,0,2,4,4,7,0,3,5,1980.0,3,2,576,5,5,2,264,56,0,0,0,0,3,0,3,600,6,2010,9,4,0,0,1,1,0,30,2112,2.0,320,144000
190,3,60.0,10896,1,2,3,0,0,4,0,18,1,2,1,3,6,7,1914,1995,3,1,13,14,2,0.0,1,4,1,4,0,4,3,256,6,0,1184,1440,1,0,1,0,1440,1440,515,3395,0,0,2,0,8,2,1,14,7,0,3,6,1978.0,1,0,0,3,3,0,0,110,0,0,0,0,3,4,1,0,3,2007,9,0,0,1,0,1,0,93,4320,2.0,110,200000
30,5,51.0,6120,1,1,3,3,0,4,0,3,2,2,0,2,2,3,1936,1950,1,1,0,0,2,0.0,1,1,0,4,0,4,6,0,6,0,264,264,3,1,0,0,800,0,0,800,0,0,1,0,1,1,1,4,0,1,4,6,1978.0,1,0,0,3,3,0,0,0,0,0,0,0,3,4,1,0,1,2009,5,4,0,0,0,1,1,73,1064,1.0,0,60000
190,5,50.0,6000,1,1,3,3,0,4,0,17,2,2,1,0,5,4,1954,1954,1,1,14,15,2,0.0,3,4,1,4,4,4,6,0,6,0,811,811,1,4,1,0,811,576,0,1387,0,0,2,0,3,2,2,7,7,0,3,3,1954.0,3,1,256,5,5,2,0,0,0,0,0,0,3,4,1,0,11,2009,9,4,0,1,1,1,0,55,2198,2.0,0,93000
30,4,67.0,8777,1,1,3,3,0,4,0,7,1,2,0,2,5,7,1910,1950,1,1,8,15,2,0.0,3,4,1,1,4,4,6,0,6,0,796,796,1,2,1,0,796,0,0,796,0,0,1,0,2,1,4,4,7,0,3,6,1978.0,1,0,0,3,3,1,328,0,164,0,0,0,3,2,1,0,5,2008,9,4,0,0,0,1,0,98,1592,1.0,492,85000
120,4,53.0,3982,1,1,3,3,0,4,0,0,2,2,4,2,8,5,2006,2006,3,1,13,14,2,0.0,2,4,2,2,1,0,2,1154,6,0,366,1520,1,0,1,5,1567,0,0,1567,1,0,2,0,1,1,0,7,7,1,2,1,2006.0,0,3,648,5,5,2,312,0,0,0,0,0,3,4,1,0,10,2006,7,5,0,0,1,1,1,0,3087,3.0,312,264561
120,4,62.0,12677,1,1,0,3,0,4,0,16,2,2,4,2,8,5,2003,2004,3,1,8,8,1,472.0,0,4,2,0,4,1,2,1218,6,0,300,1518,1,0,1,5,1518,0,0,1518,0,0,1,1,1,1,0,6,7,1,2,1,2003.0,2,2,588,5,5,2,185,140,0,0,0,0,3,4,1,0,4,2008,9,4,0,0,1,1,1,5,3036,1.5,325,274000
60,1,68.0,7050,1,1,3,3,0,4,0,21,2,2,0,5,7,5,2001,2001,1,1,13,14,2,0.0,2,4,2,2,4,4,2,738,6,0,319,1057,1,0,1,5,1057,872,0,1929,1,0,2,1,3,1,2,7,7,1,5,1,2001.0,0,2,650,5,5,2,0,235,0,0,0,0,3,4,1,0,5,2007,9,4,0,1,1,1,1,6,2986,3.5,235,226000
60,4,80.0,10793,1,1,3,3,0,4,0,14,6,2,0,5,5,5,1969,1969,4,1,15,6,1,263.0,3,4,1,4,4,4,5,493,1,287,0,780,1,0,1,5,780,840,0,1620,0,0,2,1,4,1,4,7,2,0,3,1,1969.0,0,2,462,5,5,2,208,0,0,0,0,0,3,1,1,0,4,2007,9,4,0,1,1,1,0,38,2400,2.5,208,152000
20,4,68.0,10530,1,1,0,3,0,0,0,12,2,2,0,2,6,5,1971,1971,3,1,10,11,2,0.0,3,4,1,4,4,4,0,282,3,35,664,981,1,4,1,5,981,0,0,981,1,0,1,1,3,1,4,5,7,0,3,5,1979.0,3,2,576,5,5,2,0,312,40,0,0,0,3,4,1,0,3,2007,9,4,0,0,1,1,0,36,1962,2.5,352,143250
20,4,60.0,7200,1,1,3,3,0,4,0,12,2,2,0,2,5,5,1950,1950,3,1,8,8,2,0.0,3,4,1,3,2,3,4,0,4,0,0,0,1,2,1,5,1048,0,0,1048,0,0,1,0,3,1,4,7,2,0,3,5,1950.0,3,2,420,5,5,2,0,27,0,0,0,0,3,4,1,0,7,2008,9,4,0,0,1,0,0,58,1048,1.0,27,98300
20,4,85.0,10452,1,1,0,3,0,4,0,7,2,2,0,2,6,5,1953,1953,3,1,14,15,3,216.0,3,4,1,4,4,2,5,500,6,0,594,1094,1,0,1,5,1094,0,0,1094,0,0,1,0,3,1,4,5,7,2,2,1,1953.0,2,2,495,5,5,2,0,0,0,0,287,0,3,4,1,0,6,2008,9,4,0,0,1,1,1,55,2188,1.0,287,155000
60,4,70.0,7700,1,1,3,3,0,4,0,12,4,2,0,5,6,5,1966,1966,1,1,8,8,1,351.0,3,4,1,4,4,4,6,0,6,0,756,756,1,4,1,5,1051,788,0,1839,0,0,1,1,4,1,4,7,7,1,5,1,1966.0,3,2,442,5,5,2,0,124,216,0,0,0,3,4,1,0,6,2010,9,4,0,1,1,1,1,44,2595,1.5,340,155000
180,5,21.0,1936,1,1,3,3,0,4,0,10,2,2,3,6,4,6,1970,1970,1,1,5,5,2,0.0,3,4,1,2,4,0,1,131,2,499,0,630,1,2,1,5,630,0,0,630,1,0,1,0,1,1,4,3,7,0,3,6,1978.0,1,0,0,3,3,2,0,0,0,0,0,0,3,2,1,0,12,2007,9,4,0,0,0,1,0,37,1260,2.0,0,84500
60,1,65.0,8125,1,1,3,3,0,4,0,21,2,2,0,5,7,6,2007,2007,1,1,5,5,2,0.0,2,4,2,2,4,4,6,0,6,0,813,813,1,0,1,5,822,843,0,1665,0,0,2,1,3,1,2,7,7,0,3,1,2007.0,2,2,562,5,5,2,0,0,0,0,0,0,3,4,1,0,5,2008,9,4,0,1,1,1,0,1,2478,2.5,0,205950
70,4,60.0,9084,1,1,3,3,0,4,0,7,0,2,0,5,4,5,1940,1950,1,1,8,8,2,0.0,3,4,1,4,4,2,6,0,6,0,755,755,1,4,1,5,755,755,0,1510,1,0,1,0,4,1,4,7,7,1,2,5,1940.0,3,1,296,1,4,1,120,0,0,0,0,0,3,2,1,0,10,2009,9,4,0,1,1,1,1,69,2265,2.0,120,108000
60,4,70.0,8750,1,1,3,3,0,4,0,5,2,2,0,5,7,5,1996,1996,1,1,13,14,2,0.0,2,4,2,2,4,4,6,0,6,0,880,880,1,0,1,5,909,807,0,1716,0,0,2,1,2,1,2,7,7,1,5,1,1996.0,2,2,512,5,5,2,0,120,0,0,0,0,3,4,1,0,7,2009,9,4,0,1,1,1,1,13,2596,2.5,120,191000
50,5,60.0,10320,1,0,3,3,0,4,0,9,2,2,0,0,6,7,1906,1995,1,1,8,8,2,0.0,3,4,1,4,4,4,6,0,6,0,756,756,1,0,1,5,756,713,0,1469,0,0,1,0,3,1,4,7,7,0,3,5,1906.0,3,1,216,5,5,2,57,0,239,0,0,0,3,2,1,0,6,2008,9,4,0,1,1,1,0,102,2225,1.0,296,135000
160,5,21.0,1680,1,1,3,3,0,4,0,2,2,2,3,5,6,5,1971,1971,1,1,6,7,1,381.0,3,4,1,4,4,4,6,0,6,0,525,525,1,4,1,5,525,567,0,1092,0,0,1,1,3,1,4,6,7,0,3,5,1971.0,3,1,264,5,5,2,0,0,0,0,0,0,3,4,1,0,3,2010,9,3,0,1,1,1,0,39,1617,1.5,0,88000
20,4,72.0,10007,1,1,0,3,0,4,0,12,2,2,0,2,5,7,1959,2006,1,1,6,6,1,54.0,2,4,1,4,4,4,0,806,6,0,247,1053,1,0,1,5,1053,0,0,1053,1,0,1,1,3,1,2,5,7,0,3,1,1959.0,2,1,312,5,5,2,0,0,0,0,0,0,3,2,1,0,8,2008,9,4,0,0,1,1,0,49,2106,2.5,0,145500
70,4,60.0,7200,1,1,3,1,0,4,1,6,2,2,0,5,7,6,1931,2000,1,1,12,16,2,0.0,3,1,0,2,4,4,6,0,6,0,776,776,1,4,1,5,851,651,0,1502,0,0,1,1,3,1,4,6,7,1,2,1,1931.0,2,1,270,5,5,1,0,0,112,0,0,0,3,2,1,0,2,2008,9,4,0,1,1,1,1,77,2278,1.5,112,149000
50,4,78.0,17503,1,1,3,3,0,4,0,12,0,2,0,0,6,5,1948,1950,1,1,13,14,2,0.0,3,4,1,4,4,4,6,0,6,0,912,912,1,4,1,5,912,546,0,1458,0,1,1,0,3,1,4,6,7,1,2,1,1948.0,3,1,330,5,5,2,192,0,0,0,0,0,3,4,1,0,1,2010,9,0,0,1,1,1,1,62,2370,1.5,192,97500
20,4,75.0,9937,1,1,3,3,0,0,0,7,2,2,0,2,5,7,1964,1999,3,1,8,8,2,0.0,3,2,2,4,4,4,1,637,6,0,849,1486,1,0,1,5,1486,0,0,1486,1,0,1,0,3,1,4,7,7,0,3,5,1968.0,0,2,480,5,5,2,0,0,0,0,0,0,3,2,1,0,3,2009,9,4,0,0,1,1,0,45,2972,2.0,0,167000
60,4,68.0,12384,1,1,3,3,0,1,0,14,2,2,0,5,7,7,1976,1976,1,1,10,11,1,233.0,3,4,1,2,4,4,6,0,6,0,793,793,1,4,1,5,1142,793,0,1935,0,0,2,1,3,1,4,7,7,1,5,1,1976.0,2,2,550,5,5,2,0,113,252,0,0,0,3,4,1,0,11,2007,9,4,0,1,1,1,1,31,2728,2.5,365,197900
20,4,120.0,13560,1,1,3,3,0,0,0,12,2,2,0,2,6,3,1968,1968,3,1,14,15,1,216.0,3,4,1,1,0,4,6,0,6,0,1392,1392,1,2,1,5,1392,0,0,1392,1,0,1,0,2,1,4,5,1,2,5,1,1968.0,2,2,576,5,5,2,0,0,240,0,0,0,3,4,1,0,7,2009,9,4,0,0,1,1,1,41,2784,2.0,240,110000
85,4,90.0,10012,1,1,3,3,0,4,0,7,2,2,0,6,4,5,1972,1972,1,1,10,11,2,0.0,3,4,1,2,4,0,1,920,5,180,38,1138,1,4,1,5,1181,0,0,1181,1,0,2,0,3,1,4,6,7,0,3,5,1974.0,2,2,588,5,5,2,0,0,180,0,0,0,3,2,1,0,4,2008,9,4,0,0,1,1,0,36,2319,3.0,180,137500
60,4,106.0,11194,1,1,0,3,0,0,0,8,2,2,0,5,8,5,2000,2000,1,1,13,14,1,40.0,2,4,2,2,4,4,6,0,6,0,1406,1406,1,0,1,5,1454,482,0,1936,0,0,2,1,3,1,2,7,7,1,5,1,2000.0,2,2,504,5,5,2,188,124,0,0,0,0,3,4,1,0,11,2006,9,4,0,1,1,1,1,6,3342,2.5,312,230500
60,4,68.0,18450,1,1,0,3,0,4,0,12,2,2,0,5,6,5,1965,1979,0,5,10,11,0,113.0,3,2,1,2,4,4,3,187,5,723,111,1021,1,4,1,5,1465,915,0,2380,0,0,2,1,3,1,4,7,6,1,4,4,1965.0,3,2,596,5,5,2,0,265,0,0,0,0,3,4,1,0,8,2007,9,0,0,1,1,1,1,42,3401,2.5,265,129000
20,4,65.0,8125,1,1,3,3,0,4,0,20,2,2,0,2,6,5,1994,1998,1,1,6,6,1,258.0,3,4,2,2,4,4,2,1138,6,0,270,1408,1,0,1,5,1679,0,0,1679,1,0,2,0,3,1,2,7,7,1,1,1,1994.0,2,2,575,5,5,2,224,42,0,0,0,0,3,4,1,0,10,2008,9,4,0,0,1,1,1,14,3087,3.0,266,193500
20,4,68.0,14175,1,1,3,0,0,0,1,19,2,2,0,2,5,6,1956,1987,1,1,5,15,2,0.0,3,4,1,4,4,4,5,988,6,0,200,1188,1,2,1,5,1437,0,0,1437,1,0,1,1,3,1,4,6,3,1,5,5,1999.0,3,2,576,5,5,2,304,0,0,0,0,0,3,4,1,0,11,2006,9,4,0,0,1,1,1,50,2625,2.5,304,168000
30,4,80.0,11600,1,1,3,3,0,4,0,6,2,2,0,2,4,5,1922,1950,1,1,8,8,2,0.0,3,4,0,1,4,4,6,0,6,0,700,700,1,0,1,5,1180,0,0,1180,0,0,1,0,2,1,1,5,7,1,2,5,1922.0,3,1,252,5,1,2,0,0,67,0,0,0,3,4,1,0,7,2006,9,4,0,0,1,1,1,84,1880,1.0,67,137500
60,4,64.0,8633,1,1,3,3,0,2,0,5,2,2,0,5,6,5,2005,2005,1,1,13,14,2,0.0,2,4,2,2,4,4,2,193,6,0,545,738,1,0,1,5,738,738,0,1476,1,0,2,1,3,1,2,7,7,0,3,1,2005.0,0,2,540,5,5,2,100,35,0,0,0,0,3,4,1,0,2,2009,9,4,0,1,1,1,0,4,2214,3.5,135,173500
70,3,54.0,6629,1,1,3,3,0,4,0,7,0,2,0,5,6,6,1925,1950,2,1,14,15,2,0.0,3,2,0,4,4,4,1,551,6,0,121,672,1,4,0,5,697,672,0,1369,1,0,2,0,3,1,4,6,7,0,3,5,1930.0,3,1,300,5,5,2,147,0,0,0,0,0,3,4,1,0,7,2009,9,4,0,1,1,1,0,84,2041,3.0,147,103600
20,4,68.0,11250,1,1,0,3,0,4,0,24,2,2,0,2,6,6,1977,1977,1,1,10,11,2,0.0,2,4,1,2,4,4,0,767,6,0,441,1208,1,4,1,5,1208,0,0,1208,1,0,1,1,3,1,4,6,7,1,5,1,1977.0,2,2,546,5,5,2,198,42,0,0,0,0,3,4,1,0,6,2006,9,4,0,0,1,1,1,29,2416,2.5,240,165000
20,4,110.0,14442,1,1,3,3,0,4,0,6,2,2,0,2,6,7,1957,2004,3,1,5,5,1,106.0,3,4,2,4,4,4,2,1186,6,0,291,1477,1,0,1,5,1839,0,0,1839,1,0,2,0,3,1,2,7,7,2,5,1,1957.0,0,2,416,5,5,2,0,87,0,0,200,0,3,4,1,0,6,2007,9,4,0,0,1,1,1,50,3316,3.0,287,257500
20,4,80.0,9200,1,1,3,3,0,4,0,12,2,2,0,2,6,6,1965,1965,1,1,6,6,2,0.0,3,4,1,4,4,4,5,892,6,0,244,1136,1,4,1,5,1136,0,0,1136,1,0,1,0,3,1,4,5,7,1,2,1,1965.0,2,1,384,5,5,2,426,0,0,0,0,0,3,4,1,0,7,2008,9,4,0,0,1,1,1,43,2272,2.0,426,140000
160,4,24.0,2289,1,1,3,3,0,4,0,13,2,2,3,5,6,6,1978,1978,1,1,10,2,2,0.0,3,4,1,4,4,4,0,311,6,0,544,855,1,4,1,5,855,586,0,1441,0,0,2,1,3,1,4,7,7,1,5,1,1978.0,3,2,440,5,5,2,28,0,0,0,0,0,3,4,1,0,4,2009,9,4,0,1,1,1,1,31,2296,2.5,28,148500
70,5,60.0,9600,1,0,3,3,0,4,0,17,2,2,0,5,4,2,1900,1950,1,1,0,13,2,0.0,3,4,0,4,0,4,6,0,6,0,1095,1095,2,1,0,5,1095,679,0,1774,1,0,2,0,4,2,4,8,3,0,3,0,1920.0,3,3,779,1,1,0,0,0,90,0,0,0,3,4,1,0,5,2006,9,4,0,1,1,1,0,106,2869,3.0,90,87000
30,4,52.0,9022,1,1,3,3,0,4,0,17,2,2,0,2,5,8,1924,2006,1,1,13,14,2,0.0,2,4,0,4,4,4,6,0,6,0,768,768,1,0,1,5,792,0,0,792,0,0,1,0,2,1,2,5,7,0,3,5,1924.0,3,1,240,1,1,0,316,0,120,0,0,0,3,4,1,0,5,2009,9,4,0,0,1,1,0,85,1560,1.0,436,109500
20,4,68.0,9945,1,1,0,3,0,4,0,19,2,2,0,2,5,5,1961,1961,3,1,14,15,1,57.0,3,4,1,4,4,4,5,827,6,0,161,988,1,4,1,5,988,0,0,988,1,0,1,0,3,1,4,5,7,0,3,5,1963.0,3,2,572,5,5,2,0,0,0,0,0,0,3,4,1,0,10,2007,9,4,0,0,1,1,0,46,1976,2.0,0,128500
120,4,50.0,8012,1,1,3,3,0,4,0,20,2,2,4,2,6,5,1980,1980,1,1,10,11,2,0.0,3,4,1,2,4,4,1,543,1,119,261,923,1,4,1,5,923,0,0,923,0,0,2,0,2,1,4,5,7,1,5,1,1980.0,2,1,264,5,5,2,80,0,0,0,0,0,3,4,1,0,5,2010,9,4,0,0,1,1,1,30,1846,2.0,80,143000
50,3,55.0,4500,1,2,1,0,0,4,0,18,2,2,0,0,5,5,1932,2000,1,1,13,13,2,0.0,3,4,0,4,4,4,5,182,6,0,611,793,1,0,1,5,848,672,0,1520,0,0,1,0,3,1,4,6,7,0,3,5,1968.0,3,1,281,5,5,2,0,0,56,0,0,0,3,4,1,0,7,2009,9,0,0,1,1,1,0,77,2313,1.0,56,159434
120,4,68.0,2887,1,1,3,1,0,4,0,4,2,2,0,2,6,5,1996,1997,1,1,14,15,2,0.0,3,4,2,2,4,2,2,1003,6,0,288,1291,1,0,1,5,1291,0,0,1291,1,0,1,0,2,1,2,6,7,1,2,1,1996.0,3,2,431,5,5,2,307,0,0,0,0,0,3,4,1,0,11,2008,9,4,0,0,1,1,1,12,2582,2.0,307,173000
20,4,90.0,11248,1,1,0,3,0,0,0,5,2,2,0,2,9,5,2002,2002,3,1,13,14,3,215.0,2,4,2,2,4,0,2,1059,6,0,567,1626,1,0,1,5,1668,0,0,1668,1,0,2,0,3,1,2,7,7,1,5,1,2002.0,0,3,702,5,5,2,257,45,0,0,0,0,3,4,1,0,7,2007,9,4,0,0,1,1,1,5,3294,3.0,302,285000
60,4,58.0,16770,1,1,1,3,0,1,0,15,2,2,0,5,7,5,1998,1998,1,1,13,14,1,30.0,2,4,2,2,4,4,6,0,6,0,1195,1195,1,2,1,5,1195,644,0,1839,0,0,2,1,4,1,4,7,7,0,3,1,1998.0,0,2,486,5,5,2,0,81,0,0,0,0,3,4,1,0,6,2010,9,4,0,1,1,1,0,12,3034,2.5,81,221000
160,4,68.0,5062,1,1,0,3,0,1,0,22,2,2,4,5,7,5,1984,1984,1,1,6,6,2,0.0,2,4,1,2,4,2,2,828,3,182,180,1190,1,2,1,5,1190,900,0,2090,1,0,2,0,3,1,2,6,2,1,5,1,1984.0,0,2,577,5,5,2,219,0,0,0,0,0,3,4,1,0,9,2007,9,4,0,1,1,1,1,23,3280,3.0,219,207500
60,1,84.0,10207,1,1,3,3,0,4,0,21,2,2,0,5,7,6,2007,2007,1,1,13,14,2,0.0,2,4,2,2,4,4,6,0,6,0,874,874,1,0,1,5,874,887,0,1761,0,0,3,0,3,1,2,7,7,0,3,1,2007.0,0,2,578,5,5,2,144,105,0,0,0,0,3,4,1,0,8,2007,7,5,0,1,1,1,0,0,2635,3.0,249,227875
160,1,68.0,5105,1,1,1,3,0,2,0,21,2,2,4,5,7,5,2004,2004,1,1,8,8,2,0.0,2,4,2,2,4,4,2,239,6,0,312,551,1,0,1,5,551,551,0,1102,0,0,2,1,2,1,2,4,7,0,3,5,2004.0,3,2,480,5,5,2,0,60,0,0,0,0,3,4,1,0,3,2007,9,4,0,1,1,1,0,3,1653,2.5,60,148800
120,4,61.0,7577,1,1,0,3,0,0,0,16,2,2,4,2,6,5,2005,2006,1,1,13,14,3,256.0,2,4,2,2,4,0,0,20,6,0,1342,1362,1,0,1,5,1362,0,0,1362,0,0,2,0,2,1,2,6,7,1,2,1,2005.0,2,2,460,5,5,2,192,28,0,0,0,0,3,4,1,0,6,2007,9,4,0,0,1,1,1,2,2724,2.0,220,194700
120,5,68.0,4426,1,1,3,3,0,4,0,5,2,2,4,2,6,5,2004,2004,1,1,13,14,1,147.0,2,4,2,2,4,1,2,697,6,0,151,848,1,0,1,5,848,0,0,848,1,0,1,0,1,1,2,3,7,1,5,1,2004.0,2,2,420,5,5,2,149,0,0,0,0,0,3,4,1,0,5,2008,9,4,0,0,1,1,1,4,1696,2.0,149,141000
60,4,42.0,26178,1,1,0,3,0,4,1,23,2,2,0,5,7,5,1989,1990,3,1,8,8,1,293.0,2,4,2,2,4,1,2,965,6,0,245,1210,1,0,1,5,1238,1281,0,2519,1,0,2,1,4,1,2,9,7,2,2,1,1989.0,2,2,628,5,5,2,320,27,0,0,0,0,3,4,1,0,4,2006,9,4,0,1,1,1,1,17,3729,3.5,347,335000
30,4,60.0,5400,1,1,3,3,0,0,2,17,2,2,0,2,5,6,1921,1968,1,1,8,8,2,0.0,3,4,0,4,4,4,6,0,6,0,1073,1073,1,0,1,5,1073,0,0,1073,0,0,1,0,2,1,4,4,7,0,3,5,1968.0,3,1,326,5,5,2,0,0,112,0,0,0,3,4,1,0,12,2006,9,0,0,0,1,1,0,85,2146,1.0,112,108480
50,5,51.0,6120,1,1,3,3,0,0,0,3,2,2,0,0,5,6,1936,1950,1,1,14,15,2,0.0,3,1,0,4,4,4,6,0,6,0,927,927,1,4,1,5,1067,472,0,1539,0,0,1,1,3,1,4,5,7,0,3,5,1995.0,3,2,576,5,5,2,112,0,0,0,0,0,3,2,1,0,4,2009,9,4,0,1,1,1,0,73,2466,1.5,112,141500
20,4,54.0,13811,1,1,0,3,0,4,0,23,2,2,0,2,6,6,1987,1987,1,1,6,6,1,72.0,3,4,1,2,1,4,2,980,3,40,92,1112,1,2,1,5,1137,0,0,1137,1,0,2,0,2,1,2,5,7,1,5,1,1987.0,3,2,551,5,5,2,125,0,0,0,0,0,3,4,1,0,7,2006,9,4,0,0,1,1,1,19,2249,3.0,125,176000
30,5,50.0,6000,1,1,3,3,0,4,0,3,2,2,0,2,5,7,1921,1950,1,1,14,16,2,0.0,3,4,1,4,4,4,3,616,6,0,0,616,1,2,1,5,616,0,0,616,0,0,1,0,2,1,4,4,7,0,3,5,1921.0,3,1,205,5,5,2,0,0,129,0,0,0,3,4,1,0,6,2006,9,4,0,0,1,1,0,85,1232,1.0,129,89000
20,4,57.0,6420,1,1,0,3,0,4,0,7,2,2,0,2,5,7,1952,1952,1,1,14,15,2,0.0,3,4,2,0,1,2,3,210,0,551,219,980,1,1,1,0,1148,0,0,1148,0,1,1,0,2,1,4,6,7,0,3,5,1952.0,3,1,308,5,5,2,0,0,0,0,0,0,3,4,1,0,9,2006,9,4,0,0,1,1,0,54,2128,1.5,0,123500
20,4,65.0,8450,1,1,3,3,0,4,0,19,5,2,0,2,5,8,1965,2009,1,1,8,8,2,0.0,3,2,1,4,4,4,2,553,1,117,224,894,1,0,1,5,894,0,0,894,1,0,1,0,3,1,4,5,7,1,2,5,1973.0,3,1,336,5,5,2,416,144,0,0,0,0,3,2,1,0,4,2010,9,4,0,0,1,1,1,45,1788,2.0,560,138500
120,1,59.0,4282,1,2,1,3,0,4,0,21,2,2,4,2,7,5,2004,2004,1,1,8,8,2,0.0,2,4,2,2,4,2,2,16,6,0,1375,1391,1,0,1,5,1391,0,0,1391,0,0,2,0,2,1,2,5,7,0,3,1,2004.0,2,2,530,5,5,2,156,158,0,0,0,0,3,4,1,0,7,2008,9,4,0,0,1,1,0,4,2782,2.0,314,196000
20,4,85.0,14331,1,1,3,3,0,4,0,23,2,2,0,2,8,5,2002,2002,3,1,13,14,1,630.0,2,4,2,0,4,1,2,1274,6,0,526,1800,1,0,1,5,1800,0,0,1800,1,0,2,0,3,1,2,7,7,1,2,1,2002.0,0,3,765,5,5,2,270,78,0,0,0,0,3,4,1,0,5,2006,9,4,0,0,1,1,1,4,3600,3.0,348,312500
20,4,80.0,9600,1,1,3,3,0,4,0,14,2,2,0,2,7,5,1969,1969,3,1,6,6,1,168.0,3,4,1,4,4,4,6,0,6,0,1164,1164,1,4,1,5,1164,0,0,1164,0,0,1,1,3,1,4,6,7,0,3,1,1969.0,3,2,528,5,5,2,0,0,0,0,0,0,3,4,1,0,7,2006,0,4,0,0,1,1,0,37,2328,1.5,0,140000
190,5,76.0,7630,1,1,3,3,0,4,0,17,1,2,1,5,5,9,1900,1996,1,1,14,15,2,0.0,3,2,0,2,4,4,6,0,6,0,360,360,1,2,1,5,1032,780,0,1812,0,0,2,0,4,2,2,8,7,1,4,5,1999.0,3,2,672,5,5,0,344,0,40,0,0,0,3,2,1,0,5,2010,9,4,0,1,1,1,1,110,2172,2.0,384,140000
20,4,70.0,8400,1,1,3,3,0,4,0,5,2,2,0,2,7,5,2004,2005,1,1,13,14,1,109.0,2,4,2,2,4,0,2,712,6,0,761,1473,1,0,1,5,1484,0,0,1484,1,0,2,0,3,1,2,7,7,0,3,1,2004.0,2,2,606,5,5,2,0,35,0,144,0,0,3,4,1,0,5,2010,9,4,0,0,1,1,0,6,2957,3.0,179,213000
190,5,70.0,5600,1,1,3,3,0,4,0,9,2,2,1,5,4,5,1930,1950,3,1,13,16,2,0.0,1,1,3,3,2,3,4,0,4,0,0,0,1,1,0,5,372,720,0,1092,0,0,2,0,3,2,1,7,4,0,3,6,1978.0,1,0,0,3,3,0,0,0,0,0,0,0,3,4,2,3500,7,2010,9,4,0,1,0,0,0,80,1092,2.0,0,55000
20,4,68.0,115149,1,1,1,2,0,1,2,4,2,2,0,2,7,5,1971,2002,1,1,10,11,3,351.0,3,4,1,2,4,1,2,1219,6,0,424,1643,1,4,1,5,1824,0,0,1824,1,0,2,0,2,1,2,5,7,2,5,1,1971.0,3,2,739,5,5,2,380,48,0,0,0,0,3,4,1,0,6,2007,9,4,0,0,1,1,1,36,3467,3.0,428,302000
120,4,48.0,6240,1,1,3,3,0,4,0,16,2,2,4,2,8,5,2006,2006,3,1,8,8,1,176.0,2,4,2,2,4,4,2,863,6,0,461,1324,1,0,1,5,1324,0,0,1324,1,0,2,0,2,1,2,6,7,1,2,1,2006.0,0,2,550,5,5,2,192,38,0,0,0,0,3,4,1,0,12,2009,9,4,0,0,1,1,1,3,2648,3.0,230,254000
60,4,65.0,9018,1,1,0,3,0,4,0,8,2,2,0,5,7,5,2007,2007,3,1,13,14,2,0.0,2,4,2,2,4,0,6,0,6,0,728,728,1,0,1,5,728,728,0,1456,0,0,2,1,3,1,2,8,7,1,2,1,2007.0,0,2,400,5,5,2,100,24,0,0,0,0,3,4,1,0,7,2007,7,5,0,1,1,1,1,0,2184,2.5,124,179540
20,4,68.0,7162,1,1,0,3,0,4,0,19,2,2,0,2,5,7,1966,1966,1,1,6,6,0,41.0,3,4,2,4,4,4,6,0,6,0,876,876,1,4,1,5,904,0,0,904,0,0,1,0,3,1,4,6,7,0,3,1,1966.0,3,1,408,5,5,2,0,0,0,0,0,0,3,2,1,0,12,2008,9,0,0,0,1,1,0,42,1780,1.0,0,109900
30,4,56.0,4130,1,1,0,3,0,4,0,3,2,2,0,2,3,6,1935,2003,1,1,13,14,2,0.0,2,4,1,4,4,4,6,0,6,0,270,270,1,2,1,5,729,0,0,729,0,0,1,0,2,1,4,5,1,0,3,6,1978.0,1,0,0,3,3,0,0,0,0,0,0,0,3,4,1,0,7,2008,9,4,0,0,0,1,0,73,999,1.0,0,52000
50,0,66.0,8712,1,2,3,1,0,4,1,9,2,2,0,0,4,7,1900,1950,1,1,8,8,2,0.0,3,4,4,4,4,2,6,0,6,0,859,859,1,2,1,5,859,319,0,1178,0,0,1,0,2,1,4,7,7,0,3,5,1964.0,2,1,384,5,5,0,68,0,98,0,0,0,3,4,1,0,1,2010,9,0,0,1,1,1,0,110,2037,1.0,166,102776
120,4,40.0,4671,1,1,0,1,0,4,0,22,2,2,4,2,8,5,1988,1989,1,1,6,6,2,0.0,2,4,2,2,4,2,2,767,6,0,461,1228,1,2,1,5,1228,0,0,1228,1,0,2,0,2,1,2,5,7,1,2,1,1988.0,0,2,472,5,5,2,168,120,0,0,0,0,3,4,1,0,10,2008,9,4,0,0,1,1,1,20,2456,3.0,288,189000
190,4,60.0,9873,1,1,3,3,0,4,0,3,6,2,1,2,4,5,1970,1970,1,1,6,6,1,160.0,3,4,1,4,4,0,0,789,6,0,171,960,2,4,0,5,960,0,0,960,1,0,1,0,3,1,4,6,7,0,3,5,1970.0,3,2,576,5,5,2,0,288,0,0,0,0,3,4,1,0,5,2006,9,4,0,0,1,1,0,36,1920,2.0,288,129000
60,4,68.0,13517,1,1,0,3,0,1,0,19,5,2,0,5,6,8,1976,2005,1,1,6,11,1,289.0,2,4,1,4,4,4,2,533,6,0,192,725,1,0,1,5,725,754,0,1479,0,0,2,1,3,1,2,6,7,0,3,1,1976.0,2,2,475,5,5,2,0,44,0,0,0,0,3,4,1,0,3,2010,9,4,0,1,1,1,0,34,2204,2.5,44,130500
20,4,78.0,10140,1,1,3,3,0,4,0,14,2,2,0,2,6,5,1974,1974,3,1,6,6,1,174.0,3,4,1,2,4,4,6,0,6,0,1064,1064,1,4,1,5,1350,0,0,1350,0,0,2,0,3,1,4,7,7,1,5,1,1974.0,2,2,478,5,5,2,0,0,0,0,0,0,3,2,1,0,8,2009,9,4,0,0,1,1,1,35,2414,2.0,0,165000
70,5,60.0,10800,1,0,3,0,0,4,0,17,2,2,0,5,7,8,1890,1998,1,1,14,14,2,0.0,3,2,0,4,4,4,6,0,6,0,718,718,1,0,1,5,1576,978,0,2554,0,0,1,1,3,1,4,8,7,0,3,5,1996.0,3,2,704,5,5,1,0,48,143,0,0,0,3,4,1,0,7,2007,9,4,0,1,1,1,0,117,3272,1.5,191,159500
20,4,80.0,10000,1,1,3,3,0,4,0,14,2,2,0,2,5,6,1973,2000,1,1,6,6,2,0.0,3,4,1,2,4,4,1,1084,6,0,92,1176,1,2,1,5,1178,0,0,1178,0,1,1,1,3,1,2,5,7,1,1,1,1973.0,3,2,439,5,5,2,224,0,0,0,0,0,3,2,1,0,11,2008,9,4,0,0,1,1,1,35,2354,2.0,224,157000
20,4,69.0,9920,1,1,0,3,0,4,0,5,2,2,0,2,5,6,1969,1969,1,1,6,11,2,0.0,3,4,1,2,4,1,0,523,6,0,448,971,1,4,1,5,971,0,0,971,0,0,1,1,3,1,4,5,7,1,4,1,1969.0,3,1,300,5,5,2,0,0,0,0,0,0,3,4,1,0,5,2006,9,4,0,0,1,1,1,37,1942,1.5,0,128500
120,4,68.0,6563,1,1,0,2,0,1,1,22,2,2,0,2,8,5,1985,1985,1,1,6,6,2,0.0,2,4,2,2,4,1,2,1148,6,0,594,1742,1,4,1,5,1742,0,0,1742,1,0,2,0,2,1,2,5,7,1,5,1,1985.0,2,2,564,5,5,2,114,28,234,0,0,0,3,4,1,0,12,2006,9,4,0,0,1,1,1,21,3484,3.0,376,275000
120,5,68.0,4426,1,1,3,3,0,4,0,5,2,2,4,2,6,5,2004,2004,1,1,13,14,1,169.0,2,4,2,2,4,0,2,662,6,0,186,848,1,0,1,5,848,0,0,848,1,0,1,0,1,1,2,3,7,0,3,1,2004.0,2,2,420,5,5,2,160,0,0,0,0,0,3,4,1,0,5,2010,9,4,0,0,1,1,0,6,1696,2.0,160,143000
20,4,70.0,8120,1,1,3,3,0,4,0,12,2,2,0,2,4,7,1970,1970,1,1,8,8,2,0.0,3,2,1,4,4,4,0,191,6,0,673,864,1,0,1,5,864,0,0,864,0,0,1,0,3,1,4,5,7,0,3,5,1994.0,3,2,463,5,5,2,0,0,0,0,0,0,3,4,1,0,7,2009,9,4,0,0,1,1,0,39,1728,1.0,0,124500
50,4,60.0,8172,1,1,3,3,0,4,0,7,2,2,0,0,4,6,1954,1972,1,1,8,8,2,0.0,3,4,2,4,4,4,6,0,6,0,941,941,1,0,1,5,997,473,0,1470,0,0,2,0,4,1,4,7,7,0,3,5,1958.0,3,1,548,5,5,2,0,0,0,0,156,0,3,4,1,0,5,2008,9,4,0,1,1,1,0,54,2411,2.0,156,135000
20,4,86.0,13286,1,1,0,3,0,4,0,7,2,2,0,2,9,5,2007,2008,3,1,5,5,3,340.0,0,4,2,0,4,4,2,1234,6,0,464,1698,1,0,1,5,1698,0,0,1698,1,0,2,0,3,1,0,8,7,1,2,1,2007.0,0,3,768,5,5,2,327,64,0,0,0,0,3,4,1,0,2,2009,9,4,0,0,1,1,1,2,3396,3.0,391,320000
20,4,60.0,6960,1,1,3,3,0,4,0,12,2,2,0,2,4,6,1970,1970,1,1,6,11,2,0.0,3,4,1,4,4,4,0,375,1,239,250,864,1,4,1,5,864,0,0,864,0,0,1,0,3,1,2,5,7,0,3,5,1989.0,3,2,660,5,5,2,96,0,0,0,0,0,3,4,3,500,11,2009,9,4,0,0,1,1,0,39,1728,1.0,96,120500
20,4,68.0,21695,1,1,0,3,0,0,0,6,2,2,0,2,6,9,1988,2007,3,1,14,11,1,260.0,2,2,1,2,4,4,2,808,6,0,72,880,1,0,1,5,1680,0,0,1680,1,0,2,0,3,1,2,5,7,1,2,1,1988.0,0,2,540,5,5,2,292,44,0,182,0,0,3,4,1,0,12,2009,9,4,0,0,1,1,1,21,2560,3.0,518,222000
20,4,64.0,7314,1,1,3,3,0,4,0,5,2,2,0,2,7,5,2007,2007,1,1,13,14,3,82.0,2,4,2,2,4,0,2,724,6,0,508,1232,1,0,1,5,1232,0,0,1232,1,0,2,0,2,1,2,6,7,0,3,1,2007.0,2,2,632,5,5,2,132,0,0,0,0,0,3,4,1,0,2,2009,9,4,0,0,1,1,0,2,2464,3.0,132,194500
90,4,85.0,11475,1,1,3,3,0,0,0,12,2,2,2,2,5,5,1958,1958,1,1,13,14,1,95.0,3,4,1,4,4,4,6,0,6,0,1584,1584,1,4,1,5,1776,0,0,1776,1,0,2,0,4,2,4,9,7,0,3,5,1968.0,3,3,888,5,5,2,0,25,0,0,0,0,3,4,1,0,7,2009,0,0,0,0,1,1,0,51,3360,3.0,25,110000
30,5,52.0,6240,1,0,3,3,0,4,0,9,2,2,0,0,4,5,1925,1950,1,1,8,8,2,0.0,3,4,1,4,4,4,1,152,6,0,628,780,1,4,1,0,848,0,360,1208,0,0,1,0,2,1,4,5,7,0,3,5,1962.0,3,2,539,5,5,2,0,23,112,0,0,0,3,4,1,0,1,2009,9,4,0,0,1,1,0,84,1628,1.0,135,103000
120,4,39.0,5389,1,1,0,3,0,4,0,22,2,2,4,2,8,5,1995,1996,1,1,5,5,2,0.0,2,4,2,2,4,4,2,1180,6,0,415,1595,1,0,1,5,1616,0,0,1616,1,0,2,0,2,1,2,5,7,1,5,1,1995.0,2,2,608,5,5,2,237,152,0,0,0,0,3,4,1,0,3,2010,9,4,0,0,1,1,1,15,3211,3.0,389,236500
80,4,73.0,9590,1,1,0,3,0,0,0,23,2,2,0,7,7,5,2003,2003,1,1,13,14,1,442.0,2,4,2,0,4,0,2,786,6,0,82,868,1,0,1,5,1146,0,0,1146,1,0,2,0,3,1,2,6,7,1,2,1,2003.0,0,2,438,5,5,2,160,22,0,0,0,0,3,4,1,0,5,2007,9,4,0,0,1,1,1,4,2014,3.0,182,187500
60,4,75.0,11404,1,1,0,3,0,4,0,5,2,2,0,5,7,5,1998,1999,1,1,13,14,1,202.0,2,4,2,2,4,0,0,252,6,0,901,1153,1,0,1,5,1153,878,0,2031,0,0,2,1,3,1,2,8,7,1,5,1,1998.0,0,2,541,5,5,2,192,84,0,0,0,0,3,4,1,0,7,2008,9,4,0,1,1,1,1,10,3184,2.5,276,222500
20,4,80.0,10000,1,1,3,3,0,0,0,19,1,2,0,2,5,6,1961,1983,3,1,6,6,2,0.0,3,4,1,4,4,4,1,594,6,0,270,864,1,0,1,5,1144,0,0,1144,1,0,1,0,3,1,4,6,7,1,5,1,1961.0,2,1,264,5,5,2,165,0,0,0,0,0,3,1,3,400,3,2009,9,4,0,0,1,1,1,48,2008,2.0,165,131400
20,4,68.0,8978,1,1,0,3,0,0,0,19,2,2,0,2,5,5,1968,1968,1,1,10,11,2,0.0,3,4,2,4,4,4,6,0,6,0,948,948,1,4,1,5,948,0,0,948,0,0,1,0,3,1,4,6,7,0,3,1,1968.0,3,1,300,5,5,2,147,0,0,0,0,0,3,4,1,0,5,2007,9,3,0,0,1,1,0,39,1896,1.0,147,108000
75,5,60.0,10800,1,1,3,3,0,4,0,17,2,2,0,4,7,7,1914,1970,1,1,14,15,2,0.0,3,4,0,2,4,2,5,390,6,0,490,880,2,1,0,5,880,888,0,1768,0,0,1,1,2,1,4,6,7,2,5,5,1914.0,3,2,320,5,5,0,0,341,0,0,0,0,3,4,1,0,10,2006,9,4,0,1,1,1,1,92,2648,1.5,341,163000
90,4,60.0,8544,1,1,3,3,0,4,0,12,2,2,2,2,3,4,1950,1950,1,1,12,12,2,0.0,3,4,1,3,2,3,4,0,4,0,0,0,1,2,0,1,1040,0,0,1040,0,0,2,0,2,2,4,6,7,0,3,5,1949.0,3,2,400,5,5,2,0,0,0,0,0,0,3,4,1,0,7,2006,9,4,0,0,1,0,0,56,1040,2.0,0,93500
60,4,72.0,10463,1,1,0,1,0,1,0,8,2,2,0,5,8,5,2005,2005,1,1,13,14,2,0.0,2,4,2,2,4,4,6,0,6,0,893,893,1,0,1,5,901,900,0,1801,0,0,2,1,3,1,2,8,7,1,2,1,2005.0,0,3,800,5,5,2,0,116,0,0,0,0,3,4,1,0,6,2006,9,4,0,1,1,1,1,1,2694,2.5,116,239900
90,4,60.0,10800,1,1,3,3,0,4,0,7,2,2,2,2,5,5,1987,1988,1,1,10,11,2,0.0,3,4,1,2,1,1,2,1200,6,0,0,1200,1,4,1,5,1200,0,0,1200,3,0,3,0,3,1,4,5,7,0,3,6,1978.0,1,0,0,3,3,2,120,0,0,0,0,0,3,4,1,0,3,2009,9,2,0,0,0,1,0,22,2400,6.0,120,179000
60,4,65.0,9313,1,1,0,3,0,4,0,5,2,2,0,5,7,5,2004,2004,1,1,13,14,2,0.0,2,4,2,2,4,4,6,0,6,0,864,864,1,0,1,5,864,864,0,1728,0,0,2,1,3,1,2,7,7,0,3,1,2004.0,2,2,572,5,5,2,187,56,0,0,0,0,3,4,1,0,4,2009,9,4,0,1,1,1,0,5,2592,2.5,243,190000
70,5,60.0,9600,1,0,3,3,0,4,0,17,2,2,0,5,5,7,1910,2002,1,1,14,16,2,0.0,3,2,0,1,0,4,6,0,6,0,264,264,1,0,1,5,768,664,0,1432,0,0,2,0,2,1,4,7,7,0,3,5,1910.0,3,2,360,5,2,2,270,0,112,0,0,0,3,0,1,0,5,2007,9,0,0,1,1,1,0,97,1696,2.0,382,132000
20,4,65.0,6768,1,1,0,3,0,4,0,19,1,2,0,2,6,8,1961,1996,3,1,6,6,2,0.0,3,2,1,4,4,2,2,832,6,0,80,912,1,2,1,5,912,0,0,912,1,1,1,0,3,1,2,5,7,0,3,5,1962.0,3,1,288,5,5,2,168,0,0,0,0,0,3,0,1,0,5,2008,9,4,0,0,1,1,0,47,1824,2.5,168,142000
20,4,65.0,8450,1,1,3,3,0,4,0,20,2,2,0,2,7,5,2000,2001,1,1,13,14,1,108.0,3,4,2,2,4,4,6,0,6,0,1349,1349,1,0,1,5,1349,0,0,1349,0,0,2,0,3,1,4,6,7,0,3,1,2000.0,3,2,539,5,5,2,120,55,0,0,0,0,3,0,1,0,12,2007,9,4,0,0,1,1,0,7,2698,2.0,175,179000
80,4,70.0,12886,1,1,0,3,0,4,0,19,2,2,0,7,5,6,1963,1999,1,1,6,6,2,0.0,3,4,1,2,4,0,0,444,6,0,76,520,1,0,1,5,1464,0,0,1464,0,1,2,0,3,1,4,6,3,1,5,1,1997.0,2,2,480,5,5,2,302,0,0,0,100,0,3,4,1,0,10,2009,9,4,0,0,1,1,1,46,1984,2.5,402,175000
120,4,41.0,5395,1,1,0,1,0,4,0,22,2,2,4,2,8,5,1993,1993,1,1,6,6,2,0.0,2,4,2,2,4,4,2,733,6,0,604,1337,1,2,1,5,1337,0,0,1337,1,0,2,0,2,1,2,5,7,1,5,1,1993.0,2,2,462,5,5,2,96,0,70,168,0,0,3,4,1,0,10,2008,9,4,0,0,1,1,1,15,2674,3.0,334,180000
60,4,68.0,8963,1,1,0,3,0,4,0,14,2,2,0,5,8,9,1976,1996,3,1,13,14,1,289.0,0,2,1,4,1,4,2,575,0,80,487,1142,1,0,1,5,1175,1540,0,2715,0,1,3,1,4,1,2,11,7,2,5,3,1994.0,0,2,831,5,5,2,0,204,0,0,0,0,3,4,1,0,7,2008,9,4,0,1,1,1,1,32,3857,4.0,204,299800
60,4,68.0,8795,1,1,0,3,0,4,0,8,2,2,0,5,7,5,2000,2000,1,1,13,14,2,0.0,2,4,2,2,4,4,2,300,6,0,652,952,1,0,1,5,980,1276,0,2256,0,0,2,1,4,1,2,8,7,1,5,3,2000.0,0,2,554,5,5,2,224,54,0,0,0,0,3,4,1,0,4,2009,9,4,0,1,1,1,1,9,3208,2.5,278,236000
70,5,65.0,11700,1,2,0,3,0,0,0,17,2,2,0,5,7,7,1880,2003,4,1,12,13,2,0.0,2,4,4,4,0,4,6,0,6,0,1240,1240,2,4,0,5,1320,1320,0,2640,0,0,1,1,4,1,2,8,7,1,2,5,1950.0,3,4,864,5,5,0,181,0,386,0,0,0,3,4,1,0,5,2009,9,4,0,1,1,1,1,129,3880,1.5,567,265979
20,4,59.0,10593,1,1,0,3,0,4,0,15,2,2,0,2,7,5,1996,1996,3,1,13,14,1,338.0,2,4,2,2,4,4,2,919,6,0,801,1720,1,0,1,5,1720,0,0,1720,1,0,2,0,3,1,2,7,7,1,5,1,1996.0,0,2,527,5,5,2,240,56,154,0,0,0,3,4,1,0,3,2010,9,4,0,0,1,1,1,14,3440,3.0,450,260400
50,4,50.0,8405,1,1,3,3,0,4,0,7,2,2,0,0,4,3,1945,1950,1,1,15,16,2,0.0,3,4,3,3,2,3,4,0,4,0,0,0,5,4,0,1,1088,441,0,1529,0,0,2,0,4,1,4,9,4,0,3,5,1945.0,3,1,240,5,5,0,92,0,185,0,0,0,3,4,1,0,4,2009,9,4,0,1,1,0,0,64,1529,2.0,277,98000
50,5,55.0,8800,1,0,3,3,0,0,0,17,2,2,0,0,4,7,1910,2004,1,1,14,15,2,0.0,3,4,0,4,0,4,6,0,6,0,576,576,1,2,1,5,792,348,0,1140,0,0,1,0,3,1,4,7,3,0,3,6,1978.0,1,0,0,3,3,0,0,160,0,0,0,0,3,4,1,0,6,2010,9,4,0,1,0,1,0,100,1716,1.0,160,96500
60,4,68.0,7750,1,1,3,3,0,4,0,8,6,2,0,5,7,5,2003,2003,1,1,13,14,2,0.0,2,4,2,2,4,4,6,0,6,0,660,660,1,0,1,5,660,660,0,1320,0,0,2,1,3,1,2,6,7,0,3,1,2003.0,0,2,400,5,5,2,0,48,0,0,0,0,3,4,1,0,8,2007,9,4,0,1,1,1,0,4,1980,2.5,48,162000
20,4,79.0,9236,1,1,0,3,0,4,0,5,2,2,0,2,6,5,1997,1997,1,1,13,14,2,0.0,3,2,2,2,4,1,2,1200,6,0,279,1479,1,0,1,5,1494,0,0,1494,1,0,2,0,3,1,2,6,7,0,3,1,1997.0,2,2,576,5,5,2,168,27,0,0,0,0,3,4,1,0,7,2006,9,4,0,0,1,1,0,9,2973,3.0,195,217000
60,4,80.0,10240,1,1,3,3,0,4,0,16,2,2,0,5,8,5,2005,2005,1,1,13,14,1,178.0,2,4,2,2,4,2,6,0,6,0,1030,1030,1,2,1,5,1038,1060,0,2098,0,0,2,1,3,1,0,8,7,1,2,1,2005.0,2,3,878,5,5,2,192,52,0,0,0,0,3,4,1,0,3,2006,9,4,0,1,1,1,1,1,3128,2.5,244,275500
20,4,61.0,7930,1,1,3,3,0,4,0,12,2,2,0,2,6,8,1969,2005,1,1,10,11,2,0.0,3,4,1,4,4,4,2,439,3,472,115,1026,1,2,1,5,1026,0,0,1026,1,0,1,0,3,1,2,5,7,0,3,5,1969.0,2,2,440,5,5,2,171,48,0,0,0,0,3,4,1,0,7,2009,9,4,0,0,1,1,0,40,2052,2.0,219,156000
160,1,34.0,3230,1,2,3,3,0,4,0,21,2,2,4,5,6,5,1999,1999,1,1,8,8,1,894.0,3,4,2,2,4,4,2,381,6,0,348,729,1,2,1,5,742,729,0,1471,0,0,2,1,3,1,4,6,7,0,3,5,1999.0,3,2,440,5,5,2,0,24,0,0,0,0,3,4,1,0,3,2009,9,4,0,1,1,1,0,10,2200,2.5,24,172500
60,4,68.0,10769,1,1,0,3,0,4,0,5,2,2,0,5,8,5,2007,2007,1,1,13,14,2,0.0,2,4,2,2,4,0,2,20,6,0,846,866,1,0,1,5,866,902,0,1768,0,0,2,1,3,1,2,7,7,0,3,1,2007.0,2,2,578,5,5,2,144,105,0,0,0,0,3,4,1,0,4,2009,9,4,0,1,1,1,0,2,2634,2.5,249,212000
60,4,68.0,11616,1,1,0,3,0,1,0,19,2,2,0,5,6,5,1978,1978,3,1,6,6,0,328.0,3,4,1,4,4,2,5,438,6,0,234,672,1,4,1,5,672,714,0,1386,0,0,2,1,3,1,4,6,7,1,5,1,1978.0,0,2,440,5,5,2,335,0,0,0,0,0,3,0,1,0,4,2010,9,0,0,1,1,1,1,32,2058,2.5,335,158900
160,1,24.0,2280,1,2,3,3,0,4,0,21,2,2,3,5,7,5,1999,1999,1,1,8,8,1,360.0,3,4,2,2,4,4,0,549,6,0,195,744,1,2,1,5,757,744,0,1501,0,0,2,1,3,1,4,6,7,0,3,5,1999.0,3,2,440,5,5,2,0,0,0,0,0,0,3,4,1,0,8,2008,9,4,0,1,1,1,0,9,2245,2.5,0,179400
60,4,65.0,12257,1,1,0,3,0,4,0,15,2,2,0,5,8,5,1995,1995,1,1,13,14,1,513.0,2,4,2,2,4,0,3,56,0,64,1198,1318,1,0,1,5,1328,1203,0,2531,0,0,2,1,4,1,2,9,7,1,5,1,1995.0,2,3,752,5,5,2,222,98,0,0,0,0,3,4,1,0,11,2007,9,4,0,1,1,1,1,12,3849,2.5,320,290000
20,4,70.0,9100,1,1,3,3,0,4,0,12,2,2,0,2,6,6,1959,1959,3,1,14,15,2,0.0,3,4,1,4,4,4,5,612,6,0,252,864,1,0,1,5,864,0,0,864,0,0,1,0,2,1,4,5,7,0,3,5,2008.0,3,1,300,0,0,2,0,0,0,0,0,0,3,4,3,450,10,2009,9,4,0,0,1,1,0,50,1728,1.0,0,127500
30,5,60.0,6911,1,1,3,3,0,2,0,3,1,2,0,2,5,5,1924,1950,1,1,14,15,2,0.0,3,4,2,4,4,2,3,405,6,0,740,1145,1,4,1,5,1301,0,0,1301,0,0,1,0,2,1,1,5,2,0,3,5,1965.0,3,2,440,5,5,2,0,0,0,0,0,0,3,4,1,0,10,2009,9,4,0,0,1,1,0,85,2446,1.0,0,100000
60,1,72.0,8640,1,1,3,3,0,4,0,21,2,2,0,5,7,5,2009,2009,1,1,13,14,2,0.0,3,4,2,2,4,2,2,24,6,0,732,756,1,0,1,5,764,783,0,1547,0,0,2,1,3,1,2,7,7,0,3,1,2009.0,3,2,614,5,5,2,169,45,0,0,0,0,3,4,1,0,6,2010,2,4,0,1,1,1,0,1,2303,2.5,214,215200
60,4,82.0,9430,1,1,3,3,0,4,0,15,2,2,0,5,8,5,1999,1999,1,1,13,14,1,673.0,2,4,2,2,4,2,2,1163,6,0,89,1252,1,0,1,5,1268,1097,0,2365,1,0,2,1,3,1,2,8,7,1,2,1,1999.0,2,3,856,5,5,2,0,128,0,0,180,0,3,4,1,0,7,2009,9,4,0,1,1,1,1,10,3617,3.5,308,337000
120,4,30.0,9549,1,1,0,3,0,1,0,24,2,2,4,2,8,5,1995,1996,3,1,3,3,2,0.0,2,2,2,2,1,0,3,437,2,1057,0,1494,1,0,1,5,1494,0,0,1494,1,0,1,1,2,1,0,6,7,1,2,1,1995.0,0,2,481,5,5,2,0,30,0,0,216,0,3,4,1,0,4,2006,9,4,0,0,1,1,1,11,2988,2.5,246,270000
20,4,75.0,14587,1,1,0,3,0,4,0,21,2,2,0,2,9,5,2008,2008,1,1,13,14,3,284.0,2,4,2,2,4,4,6,0,6,0,1498,1498,1,0,1,5,1506,0,0,1506,0,0,2,0,2,1,0,6,7,1,2,1,2008.0,0,2,592,5,5,2,0,174,0,0,0,0,3,4,1,0,8,2008,7,5,0,0,1,1,1,0,3004,2.0,174,264132
60,4,80.0,10421,1,1,3,3,0,4,0,14,2,2,0,5,7,5,1988,1988,1,1,6,6,1,42.0,3,4,1,2,4,4,2,394,6,0,586,980,1,4,1,5,980,734,0,1714,0,0,2,1,3,1,4,7,7,1,5,1,1988.0,3,2,496,5,5,2,228,66,156,0,0,0,3,2,3,500,3,2010,9,4,0,1,1,1,1,22,2694,2.5,450,196500
50,4,75.0,12508,1,1,0,3,0,4,0,11,2,2,0,0,6,7,1940,1985,1,1,13,14,2,0.0,3,4,1,2,4,2,0,660,6,0,323,983,1,0,1,5,983,767,0,1750,1,0,2,0,4,1,4,7,4,0,3,1,1989.0,3,1,423,5,5,2,245,0,156,0,0,0,3,4,3,1300,7,2008,9,4,0,1,1,1,0,68,2733,3.0,401,160000
20,4,70.0,9100,1,1,3,3,0,4,0,5,2,2,0,2,7,5,2004,2005,3,1,13,14,2,0.0,2,4,2,2,4,4,2,24,6,0,1836,1860,1,0,1,5,1836,0,0,1836,0,0,2,0,3,1,2,8,7,1,2,1,2004.0,0,2,484,5,5,2,120,33,0,0,0,0,3,4,1,0,10,2006,9,4,0,0,1,1,1,2,3696,2.0,153,216837
85,4,68.0,7252,1,1,0,3,0,1,0,19,2,2,0,6,5,5,1982,1982,3,1,14,15,2,0.0,3,4,1,2,4,0,2,685,6,0,173,858,1,4,1,5,858,0,0,858,1,0,1,0,2,1,4,5,7,0,3,5,1983.0,3,2,576,5,5,2,120,0,0,0,0,0,3,4,1,0,4,2009,9,4,0,0,1,1,0,27,1716,2.0,120,134900
20,4,67.0,8877,1,1,3,3,0,4,0,7,2,2,0,2,4,5,1951,1951,1,1,14,15,2,0.0,3,4,1,1,0,4,3,836,6,0,0,836,1,4,1,1,1220,0,0,1220,0,0,1,0,2,1,4,6,7,0,3,5,1951.0,3,2,396,5,5,2,0,0,0,0,0,0,3,4,1,0,4,2006,0,4,0,0,1,1,0,55,2056,1.0,0,102000
80,4,94.0,7819,1,1,3,3,0,4,0,7,2,2,0,7,6,5,1976,1976,1,1,10,11,2,0.0,3,4,1,4,4,0,0,422,1,127,480,1029,1,4,1,5,1117,0,0,1117,1,0,1,0,3,1,4,6,7,1,5,5,1976.0,3,2,672,5,5,2,144,0,0,0,0,0,3,2,1,0,3,2010,9,0,0,0,1,1,1,34,2146,2.0,144,107000
20,4,70.0,10150,1,1,3,3,0,4,0,12,1,2,0,2,5,5,1958,1958,1,1,14,15,2,1.0,3,4,1,4,4,4,5,456,6,0,456,912,1,0,1,0,912,0,0,912,0,0,1,0,2,1,4,5,7,0,3,1,1958.0,2,1,275,5,5,2,0,0,0,0,0,0,3,4,1,0,7,2007,0,4,0,0,1,1,0,49,1824,1.0,0,114500
120,5,32.0,4500,1,1,3,3,0,2,0,11,2,2,4,2,6,5,1998,1998,3,1,13,14,1,320.0,3,4,2,0,4,4,2,866,6,0,338,1204,1,0,1,5,1204,0,0,1204,1,0,2,0,2,1,4,5,7,0,3,1,1998.0,0,2,412,5,5,2,0,247,0,0,0,0,3,4,1,0,6,2009,9,4,0,0,1,1,0,11,2408,3.0,247,162000
20,4,86.0,11210,1,1,0,3,0,4,0,5,2,2,0,2,7,5,2005,2006,1,1,13,14,1,240.0,2,4,2,2,4,0,2,20,6,0,1594,1614,1,0,1,5,1614,0,0,1614,0,0,2,0,3,1,2,7,7,0,3,1,2005.0,2,3,865,5,5,2,144,59,0,0,0,0,3,4,1,0,7,2006,7,5,0,0,1,1,0,1,3228,2.0,203,221500
20,4,100.0,13350,1,1,0,3,0,4,0,19,2,2,0,2,5,5,1974,1974,3,1,6,11,2,0.0,3,4,1,4,4,4,0,762,6,0,102,864,1,4,1,5,894,0,0,894,1,0,1,0,3,1,4,5,7,1,1,1,1974.0,3,2,440,5,5,2,241,0,0,0,0,0,3,2,1,0,6,2006,9,4,0,0,1,1,1,32,1758,2.0,241,142500
90,3,60.0,8400,1,1,3,3,0,4,0,20,1,2,2,2,5,5,1977,1977,1,1,10,11,1,320.0,3,4,3,3,2,3,4,0,4,0,0,0,1,4,1,5,2020,0,0,2020,0,0,2,0,4,2,4,10,7,2,5,5,1977.0,3,2,630,5,5,2,0,0,0,0,0,0,3,4,1,0,10,2007,9,4,0,0,1,0,1,30,2020,2.0,0,144000
90,4,78.0,10530,1,1,3,3,0,4,0,11,2,2,2,6,6,5,1977,1977,1,1,10,7,1,90.0,3,4,1,2,4,1,2,975,6,0,0,975,1,4,1,5,1004,0,0,1004,1,0,1,0,2,1,4,4,7,0,3,1,1977.0,3,2,504,5,5,2,0,0,0,0,0,0,3,4,1,0,5,2006,9,4,0,0,1,1,0,29,1979,2.0,0,135000
20,4,63.0,7875,1,1,3,3,0,4,0,8,2,2,0,2,7,5,1995,1996,1,1,6,6,1,38.0,3,4,2,2,1,4,6,0,6,0,1237,1237,1,2,1,5,1253,0,0,1253,0,0,2,0,3,1,4,6,7,1,5,1,1995.0,0,2,402,5,5,2,220,21,0,0,0,0,3,4,1,0,6,2007,9,4,0,0,1,1,1,12,2490,2.0,241,176000
60,4,65.0,7153,1,1,3,3,0,4,0,20,2,2,0,5,6,5,1992,1992,1,1,13,14,2,0.0,2,2,2,2,4,4,0,387,6,0,374,761,1,0,1,5,810,793,0,1603,0,0,2,1,3,1,2,7,7,0,3,1,1992.0,2,2,484,5,5,2,0,124,0,0,0,0,3,4,1,0,7,2006,9,4,0,1,1,1,0,14,2364,2.5,124,175900
20,4,67.0,16285,1,1,1,3,0,4,0,5,2,2,0,2,7,5,2001,2002,1,1,13,14,2,0.0,2,4,2,2,4,4,6,0,6,0,1413,1413,1,0,1,5,1430,0,0,1430,0,0,2,0,3,1,2,6,7,0,3,1,2001.0,2,2,605,5,5,2,0,33,0,0,0,0,3,4,1,0,6,2009,9,4,0,0,1,1,0,8,2843,2.0,33,187100
85,4,68.0,9101,1,1,0,3,0,0,0,11,2,2,0,6,5,6,1978,1978,1,1,10,11,1,104.0,3,2,2,2,4,0,2,1097,6,0,0,1097,1,0,1,5,1110,0,0,1110,1,0,1,0,1,1,2,4,7,1,5,1,1978.0,0,2,602,5,5,2,303,30,0,0,0,0,3,4,1,0,7,2009,9,4,0,0,1,1,1,31,2207,2.0,333,165500
75,5,35.0,6300,1,0,3,3,0,4,0,17,2,2,0,4,6,6,1914,2001,1,1,14,16,2,0.0,3,4,1,4,4,4,6,0,6,0,742,742,1,0,1,5,742,742,0,1484,0,0,2,0,3,1,4,9,7,1,2,6,1978.0,1,0,0,3,3,2,0,291,134,0,0,0,3,4,1,0,6,2008,9,4,0,1,0,1,1,94,2226,2.0,425,128000
20,4,68.0,9790,1,1,3,3,0,4,0,14,1,2,0,2,6,5,1967,1967,1,1,3,15,2,0.0,3,4,1,4,4,4,5,251,3,630,491,1372,1,4,1,5,1342,0,0,1342,0,0,2,0,3,1,4,7,7,1,2,1,1967.0,3,2,457,5,5,2,0,0,0,0,197,0,3,4,1,0,9,2009,9,4,0,0,1,1,1,42,2714,2.0,197,161500
50,5,60.0,10800,1,1,3,3,0,4,0,17,0,2,0,0,5,6,1915,1950,1,1,8,8,2,0.0,3,2,2,1,4,4,3,686,6,0,0,686,1,4,1,5,966,686,0,1652,1,0,2,0,4,1,4,7,7,0,3,5,1961.0,3,1,416,5,5,2,0,0,196,0,0,0,3,4,3,1200,6,2010,9,4,0,1,1,1,0,95,2338,3.0,196,139000
60,4,76.0,10142,1,1,0,3,0,4,0,20,2,2,0,5,7,5,2004,2004,1,1,13,14,2,0.0,2,4,2,2,4,4,2,656,6,0,300,956,1,0,1,5,956,1128,0,2084,1,0,2,1,4,1,2,8,7,0,3,3,2004.0,2,2,618,5,5,2,0,45,0,0,0,0,3,4,1,0,1,2010,9,4,0,1,1,1,0,6,3040,3.5,45,233000
20,5,50.0,6000,1,1,3,3,0,0,0,17,2,2,0,2,4,7,1954,2000,1,1,8,8,2,0.0,3,4,1,4,4,4,6,0,6,0,901,901,1,0,1,5,901,0,0,901,0,0,1,0,2,1,4,4,7,0,3,5,1954.0,3,1,281,1,5,2,0,0,0,0,0,0,3,4,1,0,8,2008,9,4,0,0,1,1,0,54,1802,1.0,0,107900
60,4,68.0,12205,1,1,0,2,0,4,0,4,2,2,0,5,6,8,1966,2007,1,1,6,6,1,157.0,3,4,1,4,0,1,3,568,6,0,264,832,1,2,1,5,976,1111,0,2087,0,0,2,1,5,1,2,9,7,0,3,1,1966.0,0,2,444,5,5,2,133,168,0,0,0,0,3,4,1,0,7,2007,9,4,0,1,1,1,0,41,2919,2.5,301,187500
120,4,43.0,3182,1,1,3,3,0,4,0,0,2,2,4,2,7,5,2005,2006,1,1,13,14,1,11.0,2,4,2,2,4,4,2,16,6,0,1129,1145,1,0,1,5,1145,0,0,1145,0,0,2,0,2,1,2,5,7,1,2,1,2005.0,0,2,397,5,5,2,100,16,0,0,0,0,3,4,1,0,9,2009,9,4,0,0,1,1,1,4,2290,2.0,116,160200
80,4,68.0,11333,1,1,0,3,0,0,0,11,2,2,0,7,6,5,1976,1976,1,1,6,6,2,0.0,3,4,2,2,4,0,0,539,6,0,490,1029,1,4,1,5,1062,0,0,1062,1,0,1,0,3,1,4,5,7,2,5,1,1976.0,2,2,539,5,5,2,120,0,0,0,0,0,3,4,1,0,5,2007,9,4,0,0,1,1,1,31,2091,2.0,120,146800
60,4,92.0,9920,1,1,0,3,0,1,0,15,2,2,0,5,7,5,1996,1997,1,1,8,8,2,0.0,2,4,2,2,4,0,2,862,6,0,255,1117,1,0,1,5,1127,886,0,2013,1,0,2,1,3,1,4,8,7,1,5,1,1997.0,3,2,455,5,5,2,180,130,0,0,0,0,3,4,1,0,6,2007,9,4,0,1,1,1,1,11,3130,3.5,310,269790
20,4,76.0,9158,1,1,3,3,0,4,0,21,2,2,0,2,8,5,2007,2007,1,1,5,5,3,140.0,2,4,2,2,4,0,6,0,6,0,1496,1496,1,0,1,5,1496,0,0,1496,0,0,2,0,3,1,2,7,7,0,3,1,2007.0,0,2,474,5,5,2,168,130,0,0,0,0,3,4,1,0,6,2007,7,5,0,0,1,1,0,0,2992,2.0,298,225000
60,4,68.0,10832,1,1,0,3,0,0,0,8,2,2,0,5,7,5,1994,1996,1,1,8,8,2,0.0,2,4,2,2,4,4,6,0,6,0,712,712,1,0,1,5,1086,809,0,1895,0,0,2,1,3,1,2,7,7,1,5,1,1994.0,0,2,409,5,5,2,143,46,0,0,0,0,3,4,3,500,10,2008,9,4,0,1,1,1,1,14,2607,2.5,189,194500
60,4,70.0,8400,1,1,3,3,0,4,0,20,2,2,0,5,6,6,1980,1981,1,1,6,6,1,130.0,3,4,1,2,4,4,6,0,6,0,650,650,1,4,1,5,888,676,0,1564,0,0,2,1,3,1,4,7,7,1,5,1,1980.0,3,2,476,5,5,2,0,50,0,0,204,0,3,2,1,0,4,2010,9,4,0,1,1,1,1,30,2214,2.5,254,171000
20,4,71.0,8197,1,1,3,3,0,4,0,19,2,2,0,2,6,5,1977,1977,1,1,10,11,1,148.0,3,4,1,4,4,4,6,0,6,0,660,660,1,0,1,5,1285,0,0,1285,0,0,1,1,3,1,4,7,7,1,5,1,1977.0,2,2,528,5,5,2,138,0,0,0,0,0,3,2,1,0,4,2007,9,4,0,0,1,1,1,30,1945,1.5,138,143500
20,4,57.0,7677,1,1,3,3,0,4,0,12,2,2,0,2,5,5,1953,1953,1,1,13,14,2,0.0,3,4,1,4,4,4,1,570,6,0,203,773,1,2,1,5,773,0,0,773,0,0,1,0,2,1,4,4,7,0,3,1,1953.0,3,1,240,5,5,2,0,0,0,0,0,0,3,4,1,0,4,2008,9,0,0,0,1,1,0,55,1546,1.0,0,110000
50,4,60.0,7200,1,1,3,3,0,0,0,18,1,2,0,0,5,7,1937,1950,1,1,14,15,1,252.0,3,4,0,2,4,4,0,569,6,0,162,731,1,0,1,5,981,787,0,1768,1,0,1,1,3,1,2,7,7,2,5,5,1939.0,3,1,240,5,5,2,0,0,264,0,0,0,3,2,1,0,6,2007,9,4,0,1,1,1,1,70,2499,2.5,264,175000
60,4,79.0,12798,1,1,0,1,0,4,1,4,1,2,0,5,6,5,1997,1997,1,1,13,14,2,0.0,3,4,2,2,4,1,2,462,6,0,154,616,1,2,1,5,616,1072,0,1688,1,0,2,1,4,1,2,8,7,0,3,1,1997.0,2,2,603,5,5,2,403,114,185,0,0,0,3,4,3,400,5,2008,9,4,0,1,1,1,0,11,2304,3.5,702,200000
30,5,40.0,4800,1,1,3,3,0,4,0,9,2,2,0,2,4,7,1916,1990,1,1,8,8,2,0.0,3,4,1,4,4,4,3,197,6,0,999,1196,1,0,1,0,1196,0,0,1196,1,0,1,0,2,1,4,5,7,0,3,5,1957.0,3,2,440,5,5,2,0,0,0,0,0,0,3,4,1,0,7,2007,9,4,0,0,1,1,0,91,2392,2.0,0,109900
60,4,63.0,8199,1,1,3,3,0,4,0,5,2,2,0,5,7,5,2005,2005,1,1,15,16,2,0.0,2,4,2,2,4,0,2,648,6,0,80,728,1,0,1,5,728,728,0,1456,1,0,2,1,3,1,2,7,7,1,2,1,2005.0,0,2,410,5,5,2,36,18,0,0,0,0,3,4,1,0,10,2008,9,4,0,1,1,1,1,3,2184,3.5,54,189000
20,4,75.0,9000,1,1,3,3,0,4,0,12,2,2,0,2,5,5,1954,1954,1,1,14,15,2,0.0,3,4,1,4,4,4,3,812,6,0,124,936,1,4,1,5,1128,0,0,1128,0,0,1,0,2,1,4,5,2,0,3,1,1954.0,3,1,286,5,5,2,0,0,0,0,0,0,3,1,1,0,6,2006,9,3,0,0,1,1,0,52,2064,1.0,0,118000
20,4,91.0,12274,1,1,0,3,0,2,0,21,2,2,0,2,7,5,2008,2008,1,1,13,14,3,256.0,2,4,2,2,4,4,6,0,6,0,1417,1417,1,0,1,5,1428,0,0,1428,0,0,2,0,3,1,0,6,7,0,3,1,2008.0,2,2,554,5,5,2,0,60,0,0,0,0,3,4,1,0,7,2008,7,5,0,0,1,1,0,0,2845,2.0,60,227680
80,4,75.0,9750,1,1,3,3,0,4,0,12,2,2,0,7,5,5,1967,1967,1,1,13,14,2,0.0,3,4,2,4,4,0,0,400,5,480,100,980,1,2,1,5,980,0,0,980,0,0,2,0,3,1,4,6,7,0,3,1,1967.0,0,1,384,5,5,2,68,0,0,0,0,0,3,4,1,0,10,2006,9,4,0,0,1,1,0,39,1960,2.0,68,135500
70,4,144.0,21384,1,1,3,3,0,4,0,3,2,2,0,5,5,6,1923,2004,1,1,14,15,2,0.0,3,4,1,4,4,1,2,1309,6,0,15,1324,1,0,1,5,1072,504,0,1576,2,0,1,1,3,1,2,6,7,1,5,1,1923.0,2,2,528,5,5,2,0,312,0,0,0,0,3,4,1,0,5,2009,9,4,0,1,1,1,1,86,2900,3.5,312,223500
80,4,85.0,13400,1,1,3,3,0,4,0,12,2,2,0,7,5,5,1966,1966,1,1,13,14,1,1047.0,3,4,1,4,4,0,0,516,1,128,380,1024,1,4,1,5,1086,0,0,1086,1,0,1,0,3,1,4,6,7,1,2,1,1966.0,2,2,484,5,5,2,0,0,0,0,0,0,3,1,1,0,6,2006,9,4,0,0,1,1,1,40,2110,2.0,0,159950
75,5,90.0,8100,1,1,3,3,0,0,0,17,2,2,0,4,5,5,1898,1965,3,1,0,0,2,0.0,3,4,2,4,4,4,6,0,6,0,849,849,1,4,0,0,1075,1063,0,2138,0,0,2,0,2,3,4,11,7,0,3,5,1910.0,3,2,360,1,4,0,40,156,0,0,0,0,3,2,1,0,11,2009,9,4,0,1,1,1,0,111,2987,2.0,196,106000
20,4,78.0,10140,1,1,3,3,0,4,0,14,2,2,0,2,6,6,1974,1999,3,1,6,6,1,99.0,3,4,1,4,4,4,0,663,3,377,0,1040,1,1,1,5,1309,0,0,1309,1,0,1,1,3,1,2,5,7,1,1,1,1974.0,2,2,484,5,5,2,265,0,0,0,0,648,1,0,1,0,1,2006,9,4,1,0,1,1,1,32,2349,2.5,265,181000
120,5,68.0,4438,1,1,3,3,0,4,0,5,2,2,4,2,6,5,2004,2004,1,1,13,14,1,169.0,2,4,2,2,4,1,2,662,6,0,186,848,1,0,1,5,848,0,0,848,1,0,1,0,1,1,2,4,7,1,2,1,2004.0,0,2,420,5,5,2,140,0,0,0,0,0,3,4,1,0,6,2008,3,4,0,0,1,1,1,4,1696,2.0,140,144500
20,0,66.0,8712,0,1,3,0,0,4,1,9,2,2,0,2,5,5,1952,1952,3,1,14,15,2,0.0,1,4,1,4,4,0,6,0,6,0,540,540,1,4,0,0,1044,0,0,1044,0,0,1,0,2,1,1,4,7,0,3,2,1952.0,3,2,504,5,5,0,0,0,0,0,0,0,3,4,3,54,6,2010,9,2,0,0,1,1,0,58,1584,1.0,0,55993
20,4,75.0,9750,1,1,3,3,0,4,0,12,2,2,0,2,6,6,1958,1958,1,1,8,8,1,243.0,3,4,1,4,4,4,5,608,6,0,834,1442,1,2,1,5,1442,0,0,1442,0,0,1,1,4,1,4,7,7,0,3,1,1958.0,2,1,301,5,5,2,0,0,275,0,0,0,3,4,3,500,4,2007,0,4,0,0,1,1,0,49,2884,1.5,275,157900
50,4,45.0,8248,1,0,3,3,0,4,0,7,2,2,0,0,5,7,1918,1950,1,1,12,13,2,0.0,3,4,0,4,4,4,6,0,6,0,686,686,2,2,1,5,686,564,0,1250,0,1,1,1,3,1,1,7,7,0,3,5,1955.0,3,1,280,5,5,1,207,0,96,0,0,0,3,4,1,0,7,2006,9,4,0,1,1,1,0,88,1936,2.0,303,116000
20,4,48.0,12137,1,1,1,3,0,1,0,5,2,2,0,2,7,5,1998,1998,1,1,13,14,1,442.0,3,4,2,2,4,4,6,0,6,0,1649,1649,1,0,1,5,1661,0,0,1661,0,0,2,0,3,1,2,6,7,0,3,1,1998.0,2,2,598,5,5,2,0,34,0,0,0,0,3,4,1,0,5,2010,9,4,0,0,1,1,0,12,3310,2.0,34,224900
20,4,68.0,11425,1,1,0,3,0,0,0,12,2,2,0,2,5,6,1954,1954,1,1,3,3,2,0.0,3,4,1,4,4,4,1,486,6,0,522,1008,1,2,1,5,1008,0,0,1008,0,0,1,0,2,1,4,4,7,1,2,1,1954.0,2,1,275,5,5,2,0,0,120,0,0,0,3,4,1,0,7,2006,9,4,0,0,1,1,1,52,2016,1.0,120,137000
20,4,68.0,13265,1,1,0,3,0,1,0,11,2,2,0,2,8,5,2002,2002,3,1,5,5,1,148.0,2,4,2,2,4,4,2,1218,6,0,350,1568,1,0,1,5,1689,0,0,1689,1,0,2,0,3,1,2,7,7,2,2,1,2002.0,2,3,857,5,5,2,150,59,0,0,0,0,3,4,1,0,7,2008,9,4,0,0,1,1,1,6,3257,3.0,209,271000
80,4,80.0,8816,1,1,3,3,0,4,0,4,2,2,0,7,6,7,1971,1971,1,1,6,6,1,80.0,3,4,1,4,4,0,2,504,6,0,506,1010,1,2,1,5,1052,0,0,1052,1,0,1,0,3,1,4,6,7,0,3,1,1971.0,3,2,440,5,5,2,0,0,0,0,0,0,3,2,1,0,6,2010,9,4,0,0,1,1,0,39,2062,2.0,0,155000
120,4,44.0,6371,1,1,0,3,0,4,0,16,2,2,4,2,7,5,2009,2010,1,1,13,14,3,128.0,2,4,2,2,4,2,2,733,6,0,625,1358,1,0,1,5,1358,0,0,1358,1,0,2,0,2,1,2,6,7,1,2,1,2010.0,2,2,484,5,5,2,192,35,0,0,0,0,3,4,1,0,6,2010,7,5,0,0,1,1,1,1,2716,3.0,227,224000
60,4,72.0,7226,1,1,0,3,0,1,0,5,2,2,0,5,7,5,2003,2003,1,1,13,14,2,0.0,2,4,2,2,4,4,6,0,6,0,798,798,1,0,1,5,798,842,0,1640,0,0,2,1,3,1,2,6,7,0,3,1,2003.0,2,2,595,5,5,2,0,45,0,0,0,0,3,4,1,0,6,2008,9,4,0,1,1,1,0,5,2438,2.5,45,183000
20,5,60.0,6000,1,2,3,0,0,4,1,17,2,2,1,2,4,4,1953,1953,1,1,8,8,2,0.0,1,4,1,1,4,4,6,0,6,0,936,936,1,4,0,5,936,0,0,936,0,0,1,0,2,1,4,4,3,0,3,5,1974.0,3,2,576,5,5,2,0,32,112,0,0,0,3,4,1,0,2,2009,9,4,0,0,1,1,0,56,1872,1.0,144,93000
60,4,68.0,12394,1,1,0,3,0,0,0,8,2,2,0,5,7,5,2003,2003,1,1,13,14,2,0.0,2,4,2,2,4,1,6,0,6,0,847,847,1,0,1,5,847,886,0,1733,0,0,2,1,3,1,2,7,7,1,2,3,2003.0,0,2,433,5,5,2,100,48,0,0,0,0,3,4,1,0,10,2007,9,3,0,1,1,1,1,4,2580,2.5,148,225000
50,4,60.0,9900,1,1,3,3,0,4,0,18,2,2,0,0,6,7,1940,1950,1,1,13,14,2,0.0,3,4,0,4,4,4,6,0,6,0,778,778,1,4,1,5,944,545,0,1489,0,0,2,0,3,1,4,7,7,1,2,5,1940.0,3,1,240,5,5,2,335,0,0,0,0,0,3,1,1,0,7,2009,9,4,0,1,1,1,1,69,2267,2.0,335,139500
20,1,81.0,11216,1,1,3,3,0,4,0,21,2,2,0,2,8,5,2006,2006,1,1,13,14,2,0.0,2,4,2,2,1,4,6,0,6,0,1489,1489,1,0,1,5,1489,0,0,1489,0,0,2,0,3,1,2,7,7,1,2,1,2006.0,2,2,776,5,5,2,0,140,0,0,0,0,3,4,1,0,6,2006,7,5,0,0,1,1,1,0,2978,2.0,140,232600
45,5,50.0,6130,1,1,3,3,0,4,0,3,2,2,0,1,5,6,1924,1950,1,1,8,8,2,0.0,3,4,0,4,4,4,0,784,6,0,0,784,1,2,1,5,784,0,0,784,1,0,1,0,2,1,2,5,7,0,3,6,1978.0,1,0,0,3,3,2,0,0,116,0,0,0,3,4,1,0,5,2008,9,4,0,0,0,1,0,84,1568,2.0,116,109500
20,4,65.0,8529,1,1,0,3,0,4,0,20,2,2,0,2,7,5,2001,2001,1,1,13,14,2,0.0,2,4,2,2,4,4,2,20,6,0,1434,1454,1,0,1,5,1434,0,0,1434,0,0,2,0,3,1,2,6,7,1,5,1,2001.0,2,2,527,5,5,2,290,39,0,0,0,0,3,4,1,0,4,2009,9,4,0,0,1,1,1,8,2888,2.0,329,189000
60,4,68.0,28698,1,1,1,2,0,1,2,4,2,2,0,5,5,5,1967,1967,0,5,10,11,2,0.0,3,4,2,4,1,1,3,249,0,764,0,1013,1,4,1,5,1160,966,0,2126,0,1,2,1,3,1,4,7,3,0,3,1,1967.0,0,2,538,5,5,2,486,0,0,0,225,0,3,4,1,0,6,2009,9,0,0,1,1,1,0,42,3139,3.0,711,185000
160,1,24.0,2544,1,2,3,3,0,4,0,21,2,2,3,5,7,5,2005,2005,1,1,8,8,2,0.0,2,4,2,2,4,4,6,0,6,0,600,600,1,0,1,5,520,623,80,1223,0,0,2,1,2,1,2,4,7,0,3,5,2005.0,2,2,480,5,5,2,0,166,0,0,0,0,3,4,1,0,7,2006,9,4,0,1,1,1,0,1,1743,2.5,166,147400
20,4,80.0,11900,1,1,0,3,0,0,0,12,2,2,0,2,6,5,1957,1957,1,1,6,6,1,387.0,3,4,1,4,4,4,5,1040,6,0,352,1392,1,4,1,0,1392,0,0,1392,1,0,1,1,3,1,4,6,7,2,2,1,1957.0,2,2,458,5,5,2,0,0,0,0,192,0,3,4,1,0,6,2008,9,4,0,0,1,1,1,51,2784,2.5,192,166000
160,1,30.0,3180,1,2,3,3,0,4,0,21,2,2,4,5,7,5,2005,2005,1,1,8,8,2,0.0,3,4,2,2,4,4,6,0,6,0,600,600,1,0,1,5,520,600,80,1200,0,0,2,1,2,1,2,4,7,0,3,5,2005.0,2,2,480,5,5,2,0,166,0,0,0,0,3,4,1,0,6,2006,9,4,0,1,1,1,0,1,1720,2.5,166,151000
60,4,44.0,9548,1,1,0,3,0,1,0,5,2,2,0,5,7,6,2003,2003,1,1,13,14,1,223.0,2,4,2,2,4,4,2,483,6,0,458,941,1,0,1,5,941,888,0,1829,1,0,2,1,3,1,2,7,7,1,5,1,2003.0,2,2,613,5,5,2,192,39,0,0,0,0,3,4,1,0,1,2010,9,4,0,1,1,1,1,7,2770,3.5,231,237000
20,4,100.0,10004,1,1,3,3,0,4,0,12,2,2,0,2,6,6,1964,1964,1,1,6,11,1,180.0,3,4,1,4,4,4,5,196,1,345,975,1516,1,4,1,5,1516,0,0,1516,0,0,1,1,3,1,4,6,7,0,3,1,1964.0,2,2,472,5,5,2,0,0,0,0,152,0,3,4,1,0,2,2009,9,4,0,0,1,1,0,45,3032,1.5,152,167000
20,4,75.0,7875,1,1,3,3,0,4,0,12,2,2,0,2,5,6,1961,1961,1,1,13,14,1,136.0,3,4,1,4,4,4,5,572,6,0,572,1144,1,2,1,5,1144,0,0,1144,1,0,1,0,3,1,4,6,7,0,3,1,1961.0,3,2,456,5,5,2,0,0,0,0,0,0,3,1,1,0,9,2008,9,4,0,0,1,1,0,47,2288,2.0,0,139950
20,4,60.0,9600,1,1,3,3,0,4,0,19,2,2,0,2,4,7,1950,1995,1,1,13,6,2,0.0,3,4,1,2,4,4,1,442,6,0,625,1067,1,4,1,5,1067,0,0,1067,0,0,2,0,2,1,2,4,3,0,3,1,1996.0,3,2,436,5,5,2,290,0,0,0,0,0,3,4,1,0,2,2010,9,4,0,0,1,1,0,60,2134,2.0,290,128000
30,5,90.0,8100,1,2,3,3,0,4,0,17,2,2,0,2,5,6,1948,1973,1,1,13,14,2,0.0,3,4,0,4,4,4,5,338,6,0,1221,1559,1,2,1,5,1559,0,0,1559,1,0,1,0,2,1,4,5,3,0,3,5,1948.0,3,2,812,5,5,2,0,116,230,0,0,0,3,1,1,0,6,2007,0,4,0,0,1,1,0,59,3118,2.0,346,153500
160,5,21.0,1680,1,1,3,3,0,4,0,2,2,2,3,5,6,5,1973,1973,1,1,6,6,1,158.0,3,4,1,4,4,4,1,330,6,0,153,483,1,4,1,5,483,504,0,987,1,0,1,1,2,1,4,5,7,0,3,5,1973.0,3,1,264,5,5,2,0,0,0,0,0,0,3,4,1,0,11,2008,9,4,0,1,1,1,0,35,1470,2.5,0,100000
20,4,75.0,9525,1,1,3,3,0,4,0,5,2,2,0,2,5,6,1995,2006,1,1,13,14,2,0.0,3,4,2,2,4,4,6,0,6,0,1099,1099,1,0,1,5,1099,0,0,1099,0,0,1,1,3,1,2,6,7,0,3,1,1999.0,3,1,352,5,5,2,278,0,0,0,0,0,3,4,1,0,6,2008,9,4,0,0,1,1,0,13,2198,1.5,278,144000
50,4,70.0,11767,1,1,3,3,0,4,0,7,2,2,0,0,5,6,1946,1995,1,1,8,8,2,0.0,3,4,1,4,4,4,1,352,6,0,416,768,1,0,1,5,768,432,0,1200,0,0,1,0,3,1,4,6,7,0,3,5,1946.0,3,1,240,5,5,2,0,0,0,0,0,0,3,4,1,0,5,2008,9,4,0,1,1,1,0,62,1968,1.0,0,130500
70,3,68.0,12155,1,1,0,3,0,4,0,18,2,2,0,5,6,8,1925,1950,1,1,14,15,2,0.0,3,4,0,4,4,4,1,156,6,0,516,672,1,4,0,5,810,672,0,1482,0,0,2,0,4,1,1,7,7,0,3,5,1934.0,3,1,400,5,5,1,0,0,254,0,0,0,3,4,1,0,3,2008,9,4,0,1,1,1,0,83,2154,2.0,254,140000
70,5,60.0,10440,1,0,3,3,0,4,0,17,2,2,0,5,5,8,1904,2002,1,1,8,8,2,0.0,3,4,2,4,4,4,6,0,6,0,650,650,1,2,1,5,958,581,0,1539,0,0,2,0,3,1,2,8,7,1,4,5,1983.0,3,2,686,2,5,1,70,78,68,0,0,0,3,4,1,0,6,2008,9,4,0,1,1,1,1,104,2189,2.0,216,157500
80,4,82.0,9020,1,1,3,3,0,4,0,12,2,2,0,7,6,7,1966,1966,1,1,6,6,1,183.0,3,4,1,4,4,1,5,312,0,539,276,1127,1,4,1,5,1165,0,0,1165,1,0,1,1,3,1,4,6,7,0,3,1,1966.0,2,2,490,2,2,2,0,129,0,0,0,0,3,0,1,0,5,2008,9,4,0,0,1,1,0,42,2292,2.5,129,174900
90,4,80.0,8000,1,1,3,3,0,0,0,12,0,2,2,2,5,4,1961,1961,1,1,3,3,2,0.0,3,4,1,4,4,4,6,0,6,0,1800,1800,1,0,0,5,1800,0,0,1800,0,0,2,0,6,2,4,10,7,0,3,6,1978.0,1,0,0,3,3,2,0,0,0,0,0,0,3,4,1,0,7,2007,9,4,0,0,0,1,0,46,3600,2.0,0,141000
50,5,100.0,12665,1,0,0,3,0,4,0,17,0,2,0,0,5,8,1915,1950,1,1,14,15,2,0.0,3,4,0,4,4,2,6,0,6,0,876,876,1,2,1,5,876,540,0,1416,0,0,1,1,4,1,4,7,7,1,2,5,1949.0,3,3,720,5,5,2,418,0,194,0,0,0,3,4,1,0,6,2008,9,4,0,1,1,1,1,93,2292,1.5,612,153900
85,4,68.0,16647,1,1,0,3,0,1,0,19,5,2,0,6,5,5,1975,1981,1,1,6,6,2,0.0,3,4,1,2,4,1,0,1390,6,0,0,1390,1,4,1,5,1701,0,0,1701,1,0,2,0,3,1,4,6,3,2,5,2,1975.0,0,2,611,5,5,2,0,0,0,0,0,0,3,4,1,0,1,2007,9,4,0,0,1,1,1,32,3091,3.0,0,171000
60,4,75.0,9317,1,1,3,3,0,4,0,20,2,2,0,5,7,5,1993,1993,1,1,6,6,1,137.0,2,4,2,2,4,4,0,513,6,0,227,740,1,0,1,5,1006,769,0,1775,1,0,2,1,3,1,2,7,7,1,5,1,1993.0,3,2,425,5,5,2,234,72,192,0,0,0,3,4,1,0,7,2009,9,4,0,1,1,1,1,16,2515,3.5,498,213000
20,4,36.0,15523,1,1,0,3,0,1,0,5,2,2,0,2,5,6,1972,1972,1,1,6,11,2,0.0,3,4,1,4,4,0,1,460,6,0,404,864,1,0,1,5,864,0,0,864,1,0,1,0,3,1,4,5,7,1,1,1,1972.0,3,1,338,5,5,2,0,0,0,0,0,0,3,4,1,0,8,2009,9,4,0,0,1,1,1,37,1728,2.0,0,133500
50,4,75.0,45600,1,1,1,0,0,4,0,4,2,2,0,0,6,8,1908,1997,1,1,14,15,2,0.0,3,4,0,4,4,4,6,0,6,0,907,907,1,4,1,5,1307,1051,0,2358,0,0,3,0,5,1,4,10,7,1,2,5,1908.0,3,2,360,1,5,2,486,40,0,0,175,0,3,4,1,0,9,2008,9,4,0,1,1,1,1,100,3265,3.0,701,240000
80,4,80.0,9600,1,1,3,3,0,2,0,24,1,2,0,7,6,7,1976,1994,3,1,10,11,1,360.0,2,2,1,4,4,4,6,0,6,0,528,528,1,0,1,5,1094,761,0,1855,0,0,2,1,3,1,4,7,7,1,5,1,1976.0,2,2,512,5,5,2,113,100,0,0,0,0,3,4,1,0,8,2007,9,4,0,1,1,1,1,31,2383,2.5,213,187000
120,5,36.0,4435,1,1,3,3,0,4,0,5,2,2,4,2,6,5,2003,2003,1,1,13,14,1,170.0,2,4,2,2,4,0,2,659,6,0,189,848,1,0,1,5,848,0,0,848,1,0,1,0,1,1,2,3,7,0,3,1,2003.0,0,2,420,5,5,2,140,0,0,0,0,0,3,4,1,0,11,2007,9,4,0,0,1,1,0,4,1696,2.0,140,131500
120,4,68.0,3196,1,1,3,3,0,4,0,0,2,2,4,2,8,5,2003,2003,1,1,13,14,1,40.0,2,4,2,2,4,1,6,0,6,0,1273,1273,1,0,1,5,1456,0,0,1456,0,0,2,0,2,1,2,7,7,1,5,1,2003.0,0,2,400,5,5,2,143,20,0,0,0,0,3,4,1,0,5,2006,9,4,0,0,1,1,1,3,2729,2.0,163,215000
75,4,53.0,7128,1,1,3,3,0,4,0,6,2,2,0,4,7,5,1941,1950,1,1,8,8,2,0.0,3,2,1,4,4,4,5,364,6,0,554,918,1,2,1,5,918,728,0,1646,0,0,2,0,4,1,4,7,7,2,2,5,1941.0,3,1,240,5,5,2,0,0,0,0,126,0,3,2,1,0,8,2007,9,4,0,1,1,1,1,66,2564,2.0,126,164000
80,4,68.0,12095,1,1,0,3,0,0,0,12,2,2,0,7,6,6,1964,1964,1,1,8,6,1,115.0,3,2,1,4,4,1,5,564,6,0,563,1127,1,4,1,5,1445,0,0,1445,0,0,1,1,3,1,4,7,7,1,1,1,1964.0,2,2,645,5,5,2,180,0,0,0,0,0,3,2,1,0,8,2009,9,4,0,0,1,1,1,45,2572,1.5,180,158000
20,4,102.0,17920,1,1,3,3,0,4,0,19,2,2,0,2,5,4,1955,1974,3,1,14,11,2,0.0,3,4,1,4,4,2,0,306,5,1085,372,1763,1,4,1,5,1779,0,0,1779,1,0,1,1,3,1,4,6,7,1,2,1,1955.0,3,2,454,5,5,2,0,418,0,0,312,0,3,4,1,0,7,2006,9,0,0,0,1,1,1,51,3542,2.5,730,170000
20,4,68.0,6897,1,1,0,3,0,0,0,19,2,2,0,2,5,8,1962,2010,1,1,6,6,2,0.0,3,2,1,4,4,4,0,659,6,0,381,1040,1,0,1,5,1040,0,0,1040,1,0,1,1,3,1,4,6,7,0,3,5,1962.0,3,1,260,5,5,2,0,104,0,0,0,0,3,4,1,0,4,2010,9,4,0,0,1,1,0,48,2080,2.5,104,127000
80,4,68.0,10970,1,1,0,2,0,4,1,5,2,2,0,7,6,6,1978,1978,1,1,10,6,2,0.0,3,4,1,2,1,1,2,505,3,435,0,940,1,4,1,5,1026,0,0,1026,1,0,1,0,3,1,4,5,7,0,3,5,1981.0,3,2,576,5,1,2,0,0,34,0,0,0,3,2,1,0,10,2008,9,4,0,0,1,1,0,30,1966,2.0,34,147000
60,4,65.0,8125,1,1,3,3,0,4,0,8,2,2,0,5,6,5,1994,1995,1,1,6,6,2,0.0,3,4,2,2,4,4,6,0,6,0,702,702,1,2,1,5,702,779,0,1481,0,0,2,1,3,1,4,6,7,1,5,1,1994.0,0,2,343,5,5,2,0,36,0,0,0,0,3,4,1,0,3,2009,9,4,0,1,1,1,1,15,2183,2.5,36,174000
20,4,80.0,10400,1,1,3,3,0,4,0,14,2,2,0,2,7,5,1976,1976,1,1,6,6,1,189.0,3,4,1,2,4,4,6,0,6,0,1090,1090,1,4,1,5,1370,0,0,1370,0,0,2,0,3,1,4,6,7,1,5,1,1976.0,2,2,479,5,5,2,0,0,0,0,0,0,3,2,1,0,6,2009,9,3,0,0,1,1,1,33,2460,2.0,0,152000
60,4,68.0,11029,1,1,0,3,0,0,0,14,3,2,0,5,6,7,1968,1984,1,1,6,6,1,220.0,3,4,1,4,4,2,1,619,6,0,435,1054,1,4,1,5,1512,1142,0,2654,1,0,2,1,4,1,2,9,7,1,2,1,1968.0,3,2,619,5,5,2,0,65,0,0,222,0,3,4,1,0,8,2006,9,4,0,1,1,1,1,38,3708,3.5,287,250000
50,4,55.0,7642,1,1,3,3,0,0,0,6,2,2,0,0,7,8,1918,1998,1,1,14,15,2,0.0,2,4,0,4,4,4,6,0,6,0,912,912,1,2,1,5,912,514,0,1426,0,0,1,1,3,1,2,7,7,1,2,5,1925.0,3,1,216,5,5,2,0,240,0,0,0,0,3,0,1,0,6,2007,9,4,0,1,1,1,1,89,2338,1.5,240,189950
190,4,75.0,11625,1,1,3,3,0,4,0,19,2,2,1,2,5,4,1965,1965,3,1,10,6,2,0.0,3,4,2,4,4,2,1,841,6,0,198,1039,1,0,1,5,1039,0,0,1039,1,0,1,1,3,1,4,6,7,0,3,1,1965.0,3,2,504,5,5,2,0,0,0,0,0,0,3,4,1,0,4,2010,9,4,0,0,1,1,0,45,2078,2.5,0,131500
20,4,81.0,9672,1,1,3,3,0,0,0,20,2,2,0,2,6,5,1984,1985,3,1,6,11,2,0.0,3,4,2,2,4,4,2,338,6,0,702,1040,1,4,1,5,1097,0,0,1097,0,0,2,0,3,1,4,6,7,0,3,1,1986.0,3,2,480,5,5,2,0,0,0,0,0,0,3,0,1,0,5,2010,9,4,0,0,1,1,0,26,2137,2.0,0,152000
20,4,70.0,7931,1,1,3,3,0,4,0,12,2,2,0,2,5,5,1959,1959,3,1,3,11,2,0.0,3,4,1,4,4,4,1,1148,6,0,0,1148,1,4,1,5,1148,0,0,1148,1,0,1,0,3,1,4,6,7,0,3,1,1959.0,3,1,672,5,5,2,0,0,0,0,0,0,3,0,1,0,7,2009,9,4,0,0,1,1,0,50,2296,2.0,0,132500
20,1,72.0,8640,1,1,3,3,0,4,0,21,2,2,0,2,7,5,2007,2008,1,1,13,14,2,0.0,2,4,2,0,4,4,6,0,6,0,1372,1372,1,0,1,5,1372,0,0,1372,0,0,2,0,3,1,2,6,7,0,3,1,2008.0,0,2,529,5,5,2,0,140,0,0,0,0,3,4,1,0,5,2008,7,5,0,0,1,1,0,1,2744,2.0,140,250580
20,4,68.0,8750,1,1,0,3,0,4,0,12,2,2,0,2,5,6,1970,1970,1,1,8,8,1,76.0,3,4,1,4,4,4,1,828,6,0,174,1002,1,4,1,5,1002,0,0,1002,1,0,1,0,3,1,4,5,7,0,3,5,1973.0,3,2,902,5,5,2,0,0,0,0,0,0,3,2,1,0,8,2009,9,4,0,0,1,1,0,39,2004,2.0,0,148500
20,4,67.0,10656,1,1,0,1,0,4,0,23,2,2,0,2,8,5,2006,2007,1,1,13,14,3,274.0,2,4,2,2,4,0,6,0,6,0,1638,1638,1,0,1,5,1646,0,0,1646,0,0,2,0,3,1,2,6,7,1,2,1,2007.0,2,3,870,5,5,2,192,80,0,0,0,0,3,4,1,0,11,2007,7,5,0,0,1,1,1,1,3284,2.0,272,248900
20,4,85.0,6970,1,1,3,3,0,0,0,19,1,2,0,2,4,5,1961,1961,1,1,13,14,2,0.0,3,4,1,4,4,4,0,932,6,0,108,1040,1,4,1,5,1120,0,0,1120,1,0,1,1,3,1,1,5,7,0,3,1,1961.0,2,2,544,5,5,2,168,0,0,0,0,0,3,4,3,400,5,2007,9,4,0,0,1,1,0,46,2160,2.5,168,129000
60,4,68.0,14762,1,1,1,3,0,0,0,8,1,2,0,5,5,6,1948,1950,1,1,10,11,2,0.0,3,4,3,3,2,3,4,0,4,0,0,0,1,2,1,5,1547,720,53,2320,0,0,2,0,2,1,4,7,7,1,5,1,1979.0,3,2,672,5,5,1,120,144,0,0,0,0,3,4,1,0,5,2006,9,4,0,1,1,0,1,58,2267,2.0,264,169000
60,4,80.0,9938,1,1,3,3,0,4,0,20,2,2,0,5,7,5,1993,1994,1,1,8,8,1,246.0,2,4,2,2,4,4,2,750,6,0,300,1050,1,0,1,5,1062,887,0,1949,1,0,2,1,3,1,2,8,7,1,5,1,1993.0,0,2,574,5,5,2,156,90,0,0,0,0,3,0,1,0,6,2010,9,4,0,1,1,1,1,17,2999,3.5,246,236000
20,4,60.0,6600,1,1,3,3,0,4,0,12,4,2,0,2,5,5,1962,1962,3,1,8,8,2,0.0,3,4,1,4,4,4,6,0,6,0,894,894,1,2,0,5,894,0,0,894,0,0,1,0,2,1,4,5,7,0,3,5,1962.0,3,1,308,5,5,2,0,0,0,0,0,0,3,4,1,0,8,2009,9,4,0,0,1,1,0,47,1788,1.0,0,109500
60,4,70.0,8750,1,1,3,3,0,4,0,5,2,2,0,5,6,5,1998,1998,1,1,13,14,1,116.0,3,4,2,2,4,4,2,505,6,0,299,804,1,0,1,5,804,878,0,1682,0,0,2,1,3,1,2,7,7,0,3,1,1998.0,2,2,523,5,5,2,0,77,0,0,0,0,3,4,1,0,6,2010,9,4,0,1,1,1,0,12,2486,2.5,77,200500
20,4,74.0,8892,1,1,3,3,0,0,0,12,2,2,0,2,5,7,1953,1996,1,1,15,16,2,0.0,2,4,4,4,4,0,6,0,6,0,105,105,1,2,1,5,910,0,0,910,0,0,1,0,3,1,2,5,7,0,3,1,1953.0,3,2,414,5,5,2,196,0,150,0,0,0,3,1,1,0,10,2008,9,4,0,0,1,1,0,55,1015,1.0,346,116000
40,4,60.0,12144,1,1,3,3,0,4,0,12,2,2,0,2,5,7,1949,1950,1,1,6,6,2,0.0,2,4,1,4,4,4,5,375,6,0,457,832,1,2,1,5,1036,0,232,1268,0,0,1,0,3,1,4,6,7,1,2,1,1949.0,3,1,288,5,5,2,0,28,0,0,0,0,3,4,2,0,9,2009,9,4,0,0,1,1,1,60,1868,1.0,28,133000
50,5,52.0,5720,1,1,3,3,0,4,0,17,0,2,0,0,5,6,1941,1950,1,1,14,15,2,0.0,3,4,1,4,4,4,6,0,6,0,676,676,1,0,1,5,676,455,0,1131,0,0,1,1,3,1,4,5,7,0,3,5,1941.0,3,1,200,5,5,2,26,0,0,0,0,0,3,4,1,0,8,2009,9,0,0,1,1,1,0,68,1807,1.5,26,66500
60,1,75.0,9000,1,1,3,3,0,4,0,21,2,2,0,5,8,5,2007,2007,1,1,5,5,2,0.0,2,4,2,2,4,0,2,64,6,0,1120,1184,1,0,1,5,1184,1426,0,2610,0,0,2,1,4,1,0,11,7,1,2,3,2007.0,0,2,550,5,5,2,208,364,0,0,0,0,3,4,1,0,8,2007,7,5,0,1,1,1,1,0,3794,2.5,572,303477
20,4,94.0,25286,1,1,3,1,0,4,1,11,2,2,0,2,4,5,1963,1963,1,1,6,11,2,0.0,3,4,2,4,4,1,0,633,6,0,431,1064,1,2,1,5,1040,0,0,1040,1,0,1,0,3,1,4,5,7,0,3,1,1963.0,3,2,648,5,5,2,0,0,0,0,0,0,3,4,1,0,1,2007,9,4,0,0,1,1,0,44,2104,2.0,0,132250
85,4,88.0,11782,1,1,0,3,0,4,0,19,2,2,0,6,5,7,1961,1995,1,1,6,6,2,0.0,3,4,1,4,4,0,0,899,6,0,210,1109,1,4,1,5,1155,0,0,1155,1,0,1,0,3,1,2,6,3,0,3,5,1987.0,3,2,576,5,5,2,192,0,0,0,0,0,3,2,3,400,6,2010,9,4,0,0,1,1,0,49,2264,2.0,192,148000
20,4,68.0,7000,1,1,0,3,0,1,0,5,2,2,0,2,5,8,1978,2005,1,1,13,14,1,90.0,2,2,1,4,4,4,0,646,6,0,218,864,1,0,1,5,864,0,0,864,1,0,1,0,3,1,4,6,7,0,3,1,1978.0,3,1,336,5,5,2,0,0,0,0,0,0,3,1,1,0,7,2009,9,4,0,0,1,1,0,31,1728,2.0,0,136500
20,4,60.0,7024,1,1,3,3,0,4,0,7,2,2,0,2,5,5,2005,2006,1,1,13,14,2,0.0,3,4,2,0,1,4,0,980,6,0,110,1090,1,2,1,5,1090,0,0,1090,1,0,1,1,2,1,4,5,7,0,3,1,2005.0,0,2,450,5,5,2,0,49,0,0,0,0,3,4,1,0,6,2007,9,4,0,0,1,1,0,2,2180,2.5,49,157000
50,4,44.0,13758,1,1,0,3,0,1,0,23,2,2,0,0,7,5,1990,1991,1,1,6,6,1,117.0,2,2,1,2,4,2,3,902,6,0,254,1156,1,0,1,5,1187,530,0,1717,0,0,2,1,3,1,2,7,7,1,5,1,1990.0,2,2,400,5,5,2,168,36,0,0,0,0,3,4,1,0,4,2007,9,4,0,1,1,1,1,17,2873,2.5,204,187500
60,4,68.0,9636,1,1,0,3,0,0,0,8,2,2,0,5,6,5,1992,1993,1,1,13,14,2,0.0,3,4,2,2,4,4,6,0,6,0,808,808,1,2,1,5,808,785,0,1593,0,0,2,1,3,1,4,7,7,1,5,3,1993.0,2,2,389,5,5,2,342,40,0,0,0,0,3,2,1,0,12,2009,9,4,0,1,1,1,1,17,2401,2.5,382,178000
75,4,60.0,6204,1,1,3,0,0,4,0,18,2,2,0,3,4,5,1912,1950,1,1,14,15,2,0.0,2,4,2,4,0,4,6,0,6,0,795,795,1,4,0,5,954,795,481,2230,1,0,1,0,5,1,4,10,7,0,3,5,1997.0,3,1,440,5,2,2,0,188,0,0,0,0,3,4,1,0,3,2006,9,4,0,1,1,1,0,94,2544,2.0,188,118500
20,4,65.0,7150,1,1,3,3,0,4,0,12,2,2,0,2,5,5,1967,1967,1,1,6,6,1,60.0,3,4,1,4,4,4,1,432,6,0,460,892,1,4,1,5,892,0,0,892,0,0,1,0,3,1,4,5,7,0,3,1,1967.0,2,1,288,5,5,2,0,0,0,0,0,0,3,1,1,0,7,2009,9,4,0,0,1,1,0,42,1784,1.0,0,100000
120,1,50.0,5119,1,1,0,3,0,1,0,21,2,2,4,2,9,5,1999,2000,1,1,8,8,1,60.0,2,4,2,0,4,0,2,1238,6,0,460,1698,1,0,1,5,1709,0,0,1709,1,0,2,0,2,1,2,5,7,1,5,1,1999.0,0,2,506,5,5,2,97,65,0,0,0,0,3,4,1,0,1,2008,1,0,0,0,1,1,1,9,3407,3.0,162,328900
90,4,70.0,8393,1,1,3,3,0,0,0,12,2,2,2,2,5,5,1959,2005,1,1,8,8,1,122.0,3,4,1,4,4,4,3,528,6,0,1098,1626,1,0,1,5,1712,0,0,1712,0,0,2,0,4,2,4,8,7,0,3,1,2005.0,0,2,588,5,5,2,272,54,0,0,0,0,3,4,1,0,6,2006,9,3,0,0,1,1,0,47,3338,2.0,326,145000
50,4,59.0,16466,1,1,0,3,0,4,0,7,2,2,0,0,5,7,1955,1955,1,1,8,8,2,0.0,3,2,2,4,4,4,6,0,6,0,816,816,1,4,1,5,872,521,0,1393,0,0,1,1,3,1,4,8,7,0,3,1,1955.0,3,1,300,5,5,2,121,0,0,0,265,0,3,4,1,0,4,2008,9,4,0,1,1,1,0,53,2209,1.5,386,135500
20,4,95.0,15865,1,1,0,3,0,4,1,12,2,2,0,2,8,6,1970,1970,0,5,14,15,2,0.0,2,2,2,4,1,1,0,351,5,823,1043,2217,1,0,1,5,2217,0,0,2217,1,0,2,0,4,1,2,8,7,1,5,1,1970.0,3,2,621,5,5,2,81,207,0,0,224,0,3,4,1,0,10,2007,9,4,0,0,1,1,1,37,4434,3.0,512,268000
20,4,128.0,12160,1,1,3,3,0,4,0,12,1,2,0,2,6,4,1953,1953,3,1,14,15,1,90.0,3,4,1,4,4,4,1,1024,6,0,481,1505,1,0,1,5,1505,0,0,1505,1,0,1,0,2,1,4,6,7,1,5,1,1953.0,2,2,505,5,5,2,0,0,0,162,0,0,3,4,1,0,2,2009,9,4,0,0,1,1,1,56,3010,2.0,162,149500
50,4,60.0,8064,1,1,3,3,0,0,0,12,0,2,0,0,5,7,1949,2006,1,1,8,8,2,0.0,3,2,1,4,4,2,6,0,6,0,672,672,1,0,1,5,672,252,0,924,0,0,1,0,3,1,4,6,7,1,4,5,2003.0,3,2,576,5,5,2,0,0,0,0,0,0,3,2,3,2000,7,2007,9,4,0,1,1,1,1,58,1596,1.0,0,122900
60,4,70.0,11184,1,1,3,3,0,4,0,19,2,2,0,5,6,5,1978,1978,3,1,6,6,1,92.0,3,4,1,4,4,4,3,226,5,500,192,918,1,2,1,5,918,765,0,1683,0,0,2,1,3,1,4,7,7,1,5,1,1978.0,2,2,440,5,5,2,243,0,0,0,0,0,3,4,1,0,7,2009,9,4,0,1,1,1,1,31,2601,2.5,243,172500
20,4,70.0,8414,1,1,3,3,0,4,0,19,2,2,0,2,6,8,1963,2003,3,1,6,6,2,0.0,3,4,1,4,4,4,2,663,6,0,396,1059,1,4,1,5,1068,0,0,1068,0,1,1,0,3,1,4,6,7,0,3,1,1963.0,2,1,264,5,5,2,192,0,0,0,0,0,3,2,1,0,2,2006,9,4,0,0,1,1,0,43,2127,1.5,192,154500
20,4,68.0,13284,1,1,3,3,0,4,0,19,4,2,0,2,5,5,1954,1954,1,1,14,11,2,0.0,3,4,2,2,4,2,1,1064,6,0,319,1383,1,4,1,5,1383,0,0,1383,1,0,1,0,3,1,4,6,7,1,2,1,1954.0,3,1,354,5,5,2,511,116,0,0,0,0,3,0,1,0,6,2008,9,4,0,0,1,1,1,54,2766,2.0,627,165000
90,4,64.0,7018,1,1,3,0,0,4,0,20,2,2,2,2,5,5,1979,1979,1,1,10,11,2,0.0,3,4,3,3,2,3,4,0,4,0,0,0,1,4,1,5,1535,0,0,1535,0,0,2,0,4,2,4,8,7,0,3,1,1979.0,3,2,400,5,5,2,0,0,0,0,0,0,3,4,1,0,6,2009,9,2,0,0,1,0,0,30,1535,2.0,0,118858
60,4,71.0,7056,1,1,3,3,0,4,0,12,2,2,0,5,6,5,1963,1963,3,1,6,6,1,415.0,3,4,1,4,4,4,1,400,6,0,380,780,1,4,1,5,983,813,0,1796,1,0,1,1,4,1,4,8,7,1,5,1,1963.0,2,2,483,5,5,2,0,50,0,0,0,0,3,4,1,0,10,2008,9,4,0,1,1,1,1,45,2576,2.5,50,140000
30,5,50.0,8765,1,0,3,3,0,4,0,9,2,2,0,2,4,6,1936,1950,1,1,14,15,2,0.0,3,4,0,4,4,4,0,285,6,0,666,951,1,0,0,5,951,0,0,951,0,0,1,0,2,1,4,6,7,0,3,5,1936.0,3,1,327,5,5,2,0,28,0,0,0,0,3,4,1,0,4,2006,9,0,0,0,1,1,0,70,1902,1.0,28,106500
90,4,64.0,7018,1,1,3,3,0,4,0,20,1,2,2,5,5,5,1979,1979,1,1,10,11,2,0.0,3,4,3,3,2,3,4,0,4,0,0,0,1,4,1,5,1120,1120,0,2240,0,0,2,0,6,2,4,12,7,0,3,5,1979.0,3,2,528,5,5,2,154,0,0,0,0,0,3,4,1,0,6,2009,9,2,0,1,1,0,0,30,2240,2.0,154,142953
20,4,65.0,6993,1,1,3,3,0,4,0,19,1,2,0,2,5,7,1961,1994,1,1,6,11,2,0.0,3,4,1,4,4,4,1,465,6,0,447,912,1,4,1,5,1236,0,0,1236,0,0,1,0,3,1,4,6,7,1,5,1,1961.0,3,1,288,5,5,2,0,0,0,0,0,0,3,4,1,0,6,2006,9,4,0,0,1,1,1,45,2148,1.0,0,135000
20,4,68.0,7340,1,1,0,3,0,4,0,12,2,2,0,2,4,6,1971,1971,1,1,6,6,2,0.0,3,4,1,4,4,4,0,322,6,0,536,858,1,4,1,5,858,0,0,858,0,0,1,0,2,1,4,4,7,0,3,5,1979.0,3,1,684,5,5,2,0,0,0,0,0,0,3,4,1,0,6,2007,9,4,0,0,1,1,0,36,1716,1.0,0,110000
20,4,64.0,8712,1,1,0,3,0,4,0,12,2,2,0,2,5,7,1957,2000,3,1,8,8,2,0.0,3,2,1,4,4,2,1,860,6,0,132,992,1,4,1,5,1306,0,0,1306,1,0,1,0,2,1,4,5,7,0,3,5,1968.0,3,1,756,5,5,2,0,0,0,0,0,0,3,4,1,0,5,2009,9,4,0,0,1,1,0,52,2298,2.0,0,153000
60,4,63.0,7875,1,1,3,3,0,4,0,8,2,2,0,5,7,5,2003,2003,1,1,13,14,2,0.0,2,4,2,2,4,4,6,0,6,0,783,783,1,0,1,5,807,702,0,1509,0,0,2,1,3,1,2,8,7,1,2,1,2003.0,0,2,393,5,5,2,0,75,0,0,0,0,3,4,1,0,7,2006,9,4,0,1,1,1,1,3,2292,2.5,75,180000
20,4,50.0,14859,1,1,0,1,0,1,0,8,2,2,0,2,7,5,2006,2006,3,1,13,14,1,27.0,2,4,2,2,4,4,6,0,6,0,1670,1670,1,0,1,5,1670,0,0,1670,0,0,2,0,3,1,2,7,7,1,2,1,2006.0,2,3,690,5,5,2,144,60,0,0,0,0,3,4,1,0,8,2006,7,5,0,0,1,1,1,0,3340,2.0,204,240000
20,4,68.0,6173,1,1,0,3,0,4,0,19,2,2,0,2,5,6,1967,1967,1,1,6,15,1,75.0,3,4,1,4,4,4,2,599,6,0,277,876,1,4,1,5,902,0,0,902,0,0,1,0,3,1,4,6,7,0,3,1,1967.0,3,1,288,5,5,2,0,0,0,0,0,0,3,2,1,0,8,2007,9,4,0,0,1,1,0,40,1778,1.0,0,125500
20,4,80.0,9920,1,1,3,3,0,4,0,12,2,2,0,2,5,5,1954,1954,1,1,6,6,3,110.0,3,4,1,4,4,4,5,354,3,290,412,1056,1,4,1,5,1063,0,0,1063,1,0,1,0,3,1,4,6,7,0,3,1,1954.0,2,1,280,5,5,2,0,0,164,0,0,0,3,2,1,0,2,2010,9,4,0,0,1,1,0,56,2119,2.0,164,128000
20,4,116.0,13501,1,1,0,3,0,0,0,21,2,2,0,2,8,5,2006,2006,1,1,13,14,3,208.0,2,4,2,2,4,4,2,63,6,0,1560,1623,1,0,1,5,1636,0,0,1636,1,0,2,0,3,1,2,8,7,1,2,1,2006.0,2,3,865,5,5,2,0,60,0,0,0,0,3,4,1,0,6,2007,9,4,0,0,1,1,1,1,3259,3.0,60,255000
50,4,86.0,11500,1,1,0,3,0,4,0,6,2,2,0,0,7,7,1936,1987,1,1,3,3,2,0.0,2,4,1,2,4,4,5,223,6,0,794,1017,1,2,1,5,1020,1037,0,2057,0,0,1,1,3,1,2,6,7,1,2,1,1936.0,0,1,180,1,5,2,0,0,0,0,322,0,3,4,1,0,6,2006,9,4,0,1,1,1,1,70,3074,1.5,322,250000
20,4,68.0,8885,1,1,0,2,0,4,1,11,2,2,0,2,5,5,1983,1983,1,1,6,6,2,0.0,3,4,1,2,4,0,1,301,0,324,239,864,1,4,1,5,902,0,0,902,1,0,1,0,2,1,4,5,7,0,3,1,1983.0,3,2,484,5,5,2,164,0,0,0,0,0,3,2,1,0,6,2006,9,4,0,0,1,1,0,23,1766,2.0,164,131000
60,4,149.0,12589,1,1,1,3,0,4,0,8,2,2,0,5,6,5,2005,2005,1,1,13,14,2,0.0,2,4,2,2,4,4,6,0,6,0,742,742,1,0,1,5,742,742,0,1484,0,0,2,1,3,1,2,8,7,1,2,1,2005.0,0,2,390,5,5,2,36,24,0,0,0,0,3,4,1,0,6,2009,9,4,0,1,1,1,1,4,2226,2.5,60,174000
90,4,80.0,11600,1,1,3,3,0,0,0,12,1,2,2,5,5,5,1960,1960,1,1,8,8,1,361.0,3,4,1,4,4,4,5,443,6,0,662,1105,1,4,1,0,1105,1169,0,2274,0,0,2,0,5,2,4,12,7,0,3,5,1960.0,3,2,480,5,5,2,0,0,0,0,0,0,3,4,1,0,1,2010,9,4,0,1,1,1,0,50,3379,2.0,0,154300
20,4,68.0,9286,1,1,0,3,0,1,1,5,2,2,0,2,5,7,1977,1989,1,1,6,11,2,0.0,3,4,1,2,1,0,0,196,6,0,1072,1268,1,4,1,5,1268,0,0,1268,0,0,1,1,3,1,2,5,7,0,3,5,1978.0,3,1,252,5,5,2,173,0,0,0,0,0,3,4,1,0,10,2009,9,4,0,0,1,1,0,32,2536,1.5,173,143500
30,5,51.0,6120,1,1,3,3,0,4,0,3,2,2,0,2,5,7,1925,1950,1,1,8,8,2,0.0,3,4,0,4,4,4,5,489,6,0,279,768,1,4,0,5,1015,0,0,1015,0,0,1,0,3,1,4,6,2,0,3,5,1925.0,3,1,450,5,5,2,0,0,112,0,120,0,3,2,3,620,7,2006,9,0,0,0,1,1,0,81,1783,1.0,232,88000
90,3,82.0,6270,1,1,3,1,0,4,0,6,2,2,2,5,5,6,1949,1950,1,1,8,8,2,0.0,3,4,1,4,4,4,1,284,6,0,717,1001,1,4,0,0,1001,1001,0,2002,0,0,2,0,4,2,4,8,7,0,3,0,1949.0,3,3,871,5,5,2,0,0,0,0,0,0,3,4,1,0,8,2007,9,4,0,1,1,1,0,58,3003,2.0,0,145000
160,1,30.0,3000,1,2,3,3,0,4,0,21,2,2,4,5,6,5,2009,2009,1,1,13,14,3,76.0,2,4,2,2,4,0,2,294,6,0,318,612,1,0,1,5,612,612,0,1224,0,0,2,1,2,1,2,4,7,0,3,5,2009.0,2,2,528,5,5,2,0,234,0,0,0,0,3,4,1,0,6,2009,7,5,0,1,1,1,0,0,1836,2.5,234,173733
160,5,21.0,2001,1,1,3,3,0,4,0,10,2,2,3,5,4,5,1970,1970,1,1,5,5,1,80.0,3,4,1,4,4,4,6,0,6,0,546,546,1,1,1,5,546,546,0,1092,0,0,1,1,3,1,4,6,7,0,3,1,1970.0,3,1,286,5,5,2,0,0,0,0,0,0,3,4,1,0,1,2007,9,4,0,1,1,1,0,37,1638,1.5,0,75000
20,0,50.0,9000,1,1,3,3,0,4,0,9,2,2,0,2,2,3,1949,1950,1,1,0,0,2,0.0,3,4,1,4,4,0,1,50,6,0,430,480,1,4,0,0,480,0,0,480,1,0,0,0,1,1,4,4,7,0,3,5,1958.0,3,1,308,5,5,2,0,0,0,0,0,0,3,4,1,0,10,2006,9,0,0,0,1,1,0,57,960,1.0,0,35311
20,4,68.0,17140,1,1,3,3,0,4,0,7,2,2,0,2,4,6,1956,1956,1,1,13,14,2,0.0,3,4,1,4,4,4,0,1059,6,0,75,1134,1,0,1,0,1229,0,0,1229,0,0,1,0,3,1,4,6,7,0,3,1,1956.0,2,1,284,5,5,2,0,0,0,0,0,0,3,4,1,0,4,2009,9,4,0,0,1,1,0,53,2363,1.0,0,135000
60,4,103.0,13125,1,1,0,3,0,0,0,20,2,2,0,5,7,5,1991,1991,1,1,6,6,2,0.0,2,4,2,0,4,2,1,48,2,634,422,1104,1,0,1,5,912,1215,0,2127,1,0,2,1,4,1,2,8,7,1,5,1,1991.0,2,3,833,5,5,2,72,192,224,0,0,0,3,0,1,0,11,2007,9,4,0,1,1,1,1,16,3231,3.5,488,238000
20,4,87.0,11029,1,1,0,3,0,0,0,12,2,2,0,2,6,8,1958,2002,3,1,8,8,2,0.0,0,4,1,2,4,4,0,528,1,411,245,1184,1,0,1,5,1414,0,0,1414,1,0,1,0,3,1,4,6,2,1,5,1,1990.0,3,2,601,5,5,2,0,51,0,0,190,0,3,4,1,0,5,2008,9,4,0,0,1,1,1,50,2598,2.0,241,176500
60,4,70.0,8462,1,1,0,3,0,4,0,20,2,2,0,5,6,5,1994,1994,1,1,6,6,1,105.0,2,2,2,2,1,4,2,814,6,0,114,928,1,0,1,5,936,785,0,1721,0,1,2,1,3,1,2,7,7,0,3,1,1994.0,2,2,471,5,5,2,300,87,0,0,0,0,3,4,1,0,7,2007,9,4,0,1,1,1,0,13,2649,3.0,387,201000
90,4,67.0,8777,1,1,3,3,0,4,0,7,1,2,2,0,5,7,1900,2003,1,1,8,8,2,0.0,3,4,1,4,4,4,0,1084,6,0,188,1272,1,2,1,5,1272,928,0,2200,2,0,2,2,4,2,4,9,7,0,3,6,1978.0,1,0,0,3,3,0,0,70,0,0,0,0,3,0,1,0,9,2008,9,4,0,1,0,1,0,108,3472,5.0,70,145900
20,4,65.0,10237,1,1,3,3,0,4,0,8,6,2,0,2,6,5,2005,2006,1,1,13,14,2,0.0,2,4,2,2,4,4,2,28,6,0,1288,1316,1,0,1,5,1316,0,0,1316,0,0,2,0,3,1,2,6,7,1,2,1,2005.0,0,2,397,5,5,2,100,0,0,23,0,0,3,4,1,0,10,2006,7,5,0,0,1,1,1,1,2632,2.0,123,169990
120,4,50.0,8012,1,1,3,3,0,4,0,20,2,2,4,2,6,5,1993,1994,1,1,10,11,2,0.0,2,4,2,2,4,4,3,165,2,841,598,1604,1,0,1,5,1617,0,0,1617,1,0,2,0,2,1,2,5,7,1,1,1,1993.0,2,2,533,5,5,2,0,69,0,0,0,0,3,4,1,0,7,2008,9,4,0,0,1,1,1,15,3221,3.0,69,193000
20,4,79.0,10240,1,1,3,3,0,4,0,14,2,2,0,2,6,6,1980,1980,1,1,10,11,1,157.0,3,2,1,2,4,4,1,625,3,1061,0,1686,1,4,1,5,1686,0,0,1686,1,0,2,0,3,1,4,7,7,1,5,1,1980.0,3,2,612,5,5,2,384,131,0,0,0,0,3,4,1,0,5,2006,9,4,0,0,1,1,1,26,3372,3.0,515,207500
20,4,68.0,15611,1,1,0,3,0,0,0,14,2,2,0,2,5,6,1977,1977,1,1,13,14,2,0.0,3,4,2,2,4,0,0,767,3,93,266,1126,1,4,1,5,1126,0,0,1126,0,1,2,0,3,1,0,6,7,0,3,1,1977.0,2,2,540,5,5,2,180,0,0,0,0,0,3,4,1,0,3,2008,9,0,0,0,1,1,0,31,2252,2.5,180,175000
60,4,93.0,11999,1,1,3,3,0,4,0,16,2,2,0,5,8,5,2003,2004,3,1,13,14,1,340.0,2,4,2,2,4,4,6,0,6,0,1181,1181,1,0,1,5,1234,1140,0,2374,0,0,2,1,4,1,0,10,7,1,2,3,2003.0,0,3,656,5,5,2,104,100,0,0,0,0,3,4,1,0,5,2007,9,4,0,1,1,1,1,4,3555,2.5,204,285000
60,4,68.0,9900,1,1,3,3,0,4,0,14,1,2,0,5,7,5,1968,1968,1,1,8,8,1,342.0,3,4,1,4,4,4,1,552,6,0,280,832,1,2,1,5,1098,880,0,1978,0,0,2,1,4,1,4,9,7,1,2,1,1968.0,2,2,486,5,5,2,0,43,0,0,0,0,3,0,1,0,4,2008,9,4,0,1,1,1,1,40,2810,2.5,43,176000
20,4,68.0,11838,1,1,3,3,0,4,0,5,2,2,0,2,8,5,2001,2001,3,1,13,14,2,0.0,2,4,2,2,4,0,6,0,6,0,1753,1753,1,0,1,5,1788,0,0,1788,0,0,2,0,3,1,0,7,7,1,5,1,2001.0,2,2,522,5,5,2,202,151,0,0,0,0,3,4,1,0,6,2009,9,4,0,0,1,1,1,8,3541,2.0,353,236500
60,4,68.0,13006,1,1,0,3,0,0,0,8,2,2,0,5,7,5,1997,1997,1,1,6,6,1,285.0,3,4,2,2,4,4,6,0,6,0,964,964,1,2,1,5,993,1243,0,2236,0,0,2,1,4,1,2,8,7,1,5,3,1997.0,0,2,642,5,5,2,0,0,0,0,0,0,3,4,1,0,11,2006,9,4,0,1,1,1,1,9,3200,2.5,0,222000
20,4,73.0,8925,1,1,0,1,0,4,0,23,2,2,0,2,8,5,2007,2007,1,1,13,14,2,0.0,2,4,2,2,4,0,2,16,6,0,1450,1466,1,0,1,5,1466,0,0,1466,0,0,2,0,3,1,2,7,7,0,3,1,2007.0,0,3,610,5,5,2,100,18,0,0,0,0,3,4,1,0,7,2009,9,4,0,0,1,1,0,2,2932,2.0,118,201000
20,4,70.0,9100,1,1,3,3,0,4,0,12,2,2,0,2,5,6,1965,1965,1,1,13,14,2,0.0,3,4,1,4,4,4,1,338,5,466,121,925,1,0,1,5,925,0,0,925,0,1,1,0,2,1,4,5,7,0,3,5,1965.0,3,1,429,5,5,2,0,0,0,0,0,0,3,1,1,0,7,2009,9,4,0,0,1,1,0,44,1850,1.5,0,117500
20,4,84.0,11670,1,1,0,3,0,0,0,21,8,2,0,2,9,5,2006,2006,3,1,13,7,3,302.0,0,4,2,0,1,4,6,0,6,0,1905,1905,1,0,1,5,1905,0,0,1905,0,0,2,0,3,1,0,8,7,1,2,1,2006.0,0,3,788,5,5,2,0,191,0,0,0,0,3,4,1,0,3,2007,9,4,0,0,1,1,1,1,3810,2.0,191,320000
20,4,63.0,8487,1,1,3,3,0,2,0,5,2,2,0,2,7,5,2004,2004,1,1,13,14,1,210.0,2,4,2,2,4,0,2,20,6,0,1480,1500,1,0,1,5,1500,0,0,1500,0,0,2,0,3,1,2,6,7,0,3,1,2004.0,2,2,570,5,5,2,192,36,0,0,0,0,3,4,1,0,8,2009,9,4,0,0,1,1,0,5,3000,2.0,228,190000
20,4,313.0,27650,1,1,1,1,0,4,1,12,3,2,0,2,7,7,1960,2007,0,5,14,15,2,0.0,3,4,1,2,4,1,2,425,6,0,160,585,1,0,1,5,2069,0,0,2069,1,0,2,0,4,1,2,9,7,1,2,1,1960.0,2,2,505,5,5,2,0,0,0,0,0,0,3,4,1,0,11,2008,9,4,0,0,1,1,1,48,2654,3.0,0,242000
30,4,52.0,5825,1,1,0,3,0,4,0,3,2,2,0,2,4,5,1926,1953,1,1,8,8,1,108.0,3,2,2,1,4,2,6,0,6,0,600,600,1,2,1,5,747,0,0,747,0,0,1,0,1,1,4,5,7,0,3,5,1953.0,3,2,528,5,5,2,0,0,32,0,0,0,3,4,1,0,6,2006,9,4,0,0,1,1,0,80,1347,1.0,32,79900
20,4,67.0,10083,1,1,3,3,0,4,0,20,2,2,0,2,7,5,2003,2003,1,1,13,14,2,0.0,2,4,2,2,4,4,2,833,6,0,343,1176,1,0,1,5,1200,0,0,1200,1,0,2,0,2,1,2,5,7,0,3,1,2003.0,2,2,555,5,5,2,0,41,0,0,0,0,3,4,1,0,8,2009,9,4,0,0,1,1,0,6,2376,3.0,41,184900
60,4,75.0,9675,1,1,3,3,0,4,0,21,2,2,0,5,7,5,2005,2005,1,1,13,14,2,0.0,2,4,2,2,4,2,2,341,6,0,772,1113,1,0,1,5,1113,858,0,1971,0,0,2,1,3,1,2,8,7,1,2,1,2005.0,2,2,689,5,5,2,0,48,0,0,0,0,3,4,1,0,2,2009,9,4,0,1,1,1,1,4,3084,2.5,48,253000
60,4,73.0,8760,1,1,3,3,0,4,0,5,2,2,0,5,7,5,2006,2006,1,1,13,14,2,0.0,2,4,2,2,1,2,2,464,6,0,927,1391,1,0,1,5,1391,571,0,1962,0,0,2,1,3,1,2,7,7,0,3,1,2006.0,2,3,868,5,5,2,0,90,0,0,0,0,3,4,1,0,8,2006,7,5,0,1,1,1,0,0,3353,2.5,90,239799
70,4,68.0,24090,1,1,3,3,0,4,0,4,2,2,0,5,7,7,1940,1950,1,1,8,8,2,0.0,3,2,1,4,4,2,6,0,6,0,1032,1032,1,0,1,5,1207,1196,0,2403,0,0,2,0,4,1,4,10,7,2,5,1,1940.0,3,1,349,5,5,2,56,0,318,0,0,0,3,4,1,0,6,2010,0,4,0,1,1,1,1,70,3435,2.0,374,244400
90,4,55.0,12640,1,1,0,3,0,4,0,11,2,2,2,2,6,5,1976,1976,1,1,10,11,2,0.0,3,4,1,4,4,1,5,936,3,396,396,1728,1,4,1,5,1728,0,0,1728,0,0,2,0,4,2,4,8,7,0,3,1,1976.0,3,2,574,5,5,2,40,0,0,0,0,0,3,4,1,0,7,2006,9,4,0,0,1,1,0,30,3456,2.0,40,150900
60,4,68.0,8755,1,1,0,3,0,2,0,8,8,2,0,5,7,5,1999,1999,1,1,13,14,1,298.0,2,4,2,2,4,4,0,772,6,0,220,992,1,0,1,5,1022,1038,0,2060,1,0,2,1,3,1,2,8,7,1,5,3,1999.0,2,2,390,5,5,2,0,0,0,168,0,0,3,0,1,0,6,2009,9,4,0,1,1,1,1,10,3052,3.5,168,214000
90,4,42.0,7711,1,1,0,3,0,4,0,7,2,2,2,2,4,3,1977,1977,1,1,8,8,2,0.0,3,4,2,2,4,1,2,1440,6,0,0,1440,1,4,1,5,1440,0,0,1440,2,0,2,0,4,2,4,8,7,0,3,6,1978.0,1,0,0,3,3,0,321,0,0,0,0,0,3,4,1,0,8,2007,8,0,0,0,0,1,0,30,2880,4.0,321,150000
90,4,100.0,25000,1,1,3,2,0,4,0,11,2,2,2,2,5,4,1967,1967,1,1,6,11,2,0.0,3,4,1,4,4,0,6,0,6,0,1632,1632,1,4,1,5,1632,0,0,1632,0,0,2,0,4,2,4,8,7,0,3,1,1967.0,3,2,576,5,5,1,0,0,0,0,0,0,3,4,1,0,6,2007,9,4,0,0,1,1,0,40,3264,2.0,0,143000
20,4,68.0,14375,1,1,0,3,2,1,0,23,2,2,0,7,6,6,1958,1958,1,1,6,6,1,541.0,3,4,1,4,4,4,2,111,5,354,354,819,1,2,1,0,1344,0,0,1344,0,1,1,0,3,1,2,7,7,1,2,2,1958.0,2,2,525,5,5,2,0,118,0,0,233,0,3,4,1,0,1,2009,0,0,0,0,1,1,1,51,2163,1.5,351,137500
50,5,98.0,8820,1,1,3,3,0,0,0,17,2,2,0,0,5,6,1890,1996,3,1,13,14,2,0.0,3,4,0,4,4,4,3,1088,6,0,0,1088,1,4,1,5,1188,561,120,1869,0,0,1,0,2,1,4,7,7,0,3,5,1963.0,3,2,456,5,5,2,48,0,244,0,0,0,3,3,1,0,9,2009,9,4,0,1,1,1,0,119,2837,1.0,292,124900
80,4,70.0,8163,1,1,3,3,0,4,0,12,2,2,0,7,5,6,1959,1959,1,1,6,6,1,128.0,3,2,1,4,4,0,0,748,1,294,102,1144,1,4,1,5,1144,0,0,1144,1,0,1,0,3,1,4,6,7,1,5,1,1959.0,2,1,796,5,5,2,86,0,0,0,0,0,3,4,1,0,3,2006,9,4,0,0,1,1,1,47,2288,2.0,86,143000
20,4,85.0,14536,1,1,3,3,0,4,0,23,2,2,0,2,8,5,2002,2003,3,1,13,14,1,236.0,2,4,2,2,4,0,2,1300,6,0,316,1616,1,0,1,5,1629,0,0,1629,1,0,2,0,3,1,2,9,7,1,2,1,2002.0,0,3,808,5,5,2,0,252,0,0,0,0,3,4,1,0,11,2007,9,4,0,0,1,1,1,5,3245,3.0,252,270000
60,4,65.0,14006,1,1,0,3,0,4,0,5,2,2,0,5,7,5,2002,2002,1,1,13,14,1,144.0,2,4,2,2,4,3,6,0,6,0,936,936,1,0,1,5,936,840,0,1776,0,0,2,1,3,1,2,7,7,1,5,1,2002.0,2,2,474,5,5,2,144,96,0,0,0,0,3,4,1,0,2,2006,9,4,0,1,1,1,1,4,2712,2.5,240,192500
20,4,78.0,9360,1,1,3,3,0,4,0,14,2,2,0,2,6,7,1972,2006,3,1,10,11,2,0.0,3,4,1,4,4,4,0,982,6,0,179,1161,1,4,1,5,1381,0,0,1381,1,0,1,1,3,1,2,5,7,1,5,1,1972.0,2,2,676,5,5,2,0,0,0,0,0,0,3,4,1,0,3,2010,9,4,0,0,1,1,1,38,2542,2.5,0,197500
20,4,60.0,7200,1,1,3,3,0,4,0,12,2,2,0,2,5,8,1950,2002,1,1,13,14,2,0.0,3,4,1,4,4,4,0,398,1,149,317,864,1,2,1,5,864,0,0,864,1,0,1,0,3,1,2,5,7,0,3,5,1980.0,2,2,720,5,5,2,194,0,0,0,0,0,3,4,1,0,7,2007,9,4,0,0,1,1,0,57,1728,2.0,194,129000
20,3,60.0,7800,1,1,3,3,0,0,0,20,2,2,0,2,5,5,1965,1965,1,1,13,14,2,0.0,3,4,1,4,4,4,1,641,6,0,187,828,1,2,1,5,965,0,0,965,1,0,1,0,3,1,4,6,7,0,3,5,1979.0,3,1,300,5,5,2,421,0,0,0,0,0,3,2,1,0,7,2006,9,0,0,0,1,1,0,41,1793,2.0,421,119900
85,4,60.0,7200,1,1,3,3,0,4,0,5,2,2,0,6,5,8,1972,2003,1,1,15,6,2,0.0,3,2,1,2,4,0,2,660,6,0,108,768,1,2,1,5,768,0,0,768,0,1,1,0,2,1,4,5,7,0,3,5,1974.0,0,1,396,5,5,2,192,0,0,0,0,0,3,2,1,0,4,2009,9,4,0,0,1,1,0,37,1536,1.5,192,133900
60,4,68.0,11075,1,1,0,3,0,4,1,11,2,2,0,5,5,4,1969,1969,1,1,6,6,1,232.0,3,4,1,4,4,0,0,562,3,193,29,784,1,0,1,5,1168,800,0,1968,0,1,2,1,4,1,4,7,3,1,4,1,1969.0,2,2,530,5,5,2,305,189,0,0,0,0,3,2,3,400,9,2008,9,4,0,1,1,1,1,39,2752,3.0,494,172000
90,4,35.0,9400,1,1,0,3,0,1,0,7,2,2,2,6,6,5,1975,1975,0,5,15,11,1,250.0,3,4,1,2,1,1,2,945,6,0,0,945,1,4,1,5,980,0,0,980,0,2,2,0,4,0,4,4,7,0,3,6,1978.0,1,0,0,3,3,2,0,0,0,0,0,0,3,4,1,0,10,2006,9,1,0,0,0,1,0,31,1925,3.0,0,127500
90,3,82.0,7136,1,1,0,1,0,4,0,6,2,2,2,5,6,6,1946,1950,1,1,8,8,1,423.0,3,4,1,2,4,4,5,484,6,0,495,979,1,4,0,1,979,979,0,1958,0,0,2,0,4,2,4,8,7,0,3,1,1946.0,3,2,492,5,5,2,0,0,0,0,0,0,3,4,1,0,8,2007,9,4,0,1,1,1,0,61,2937,2.0,0,145000
160,5,24.0,1300,1,1,3,3,0,4,0,1,2,2,4,5,6,6,1980,1980,1,1,8,8,2,0.0,3,4,1,2,4,4,0,285,6,0,276,561,1,4,1,5,561,668,0,1229,0,0,1,1,2,1,4,5,7,1,5,1,1980.0,0,2,462,5,5,2,150,0,0,0,0,0,3,0,1,0,5,2009,9,4,0,1,1,1,1,29,1790,1.5,150,124000
20,4,70.0,7420,1,1,3,3,0,4,0,19,2,2,0,2,5,5,1962,1962,3,1,8,8,2,0.0,3,4,1,4,4,4,5,417,6,0,640,1057,1,4,1,5,1057,0,0,1057,0,0,1,0,3,1,4,6,7,0,3,5,1977.0,0,2,576,5,5,2,0,0,0,0,0,0,3,4,1,0,4,2007,9,4,0,0,1,1,0,45,2114,1.0,0,132000
20,4,65.0,8450,1,1,3,3,0,4,0,5,2,2,0,2,7,5,2003,2003,1,1,13,14,2,0.0,2,4,2,2,4,2,2,699,6,0,638,1337,1,0,1,5,1337,0,0,1337,1,0,2,0,3,1,2,6,7,0,3,1,2003.0,2,2,531,5,5,2,0,39,0,0,0,0,3,4,1,0,10,2007,9,4,0,0,1,1,0,4,2674,3.0,39,185000
160,1,24.0,2572,1,1,3,3,0,2,0,21,2,2,3,5,7,5,1999,1999,3,1,8,8,2,0.0,2,4,2,2,4,4,0,604,6,0,92,696,1,0,1,5,696,720,0,1416,1,0,2,1,3,1,2,6,7,0,3,5,1999.0,3,2,484,5,5,2,0,44,0,0,0,0,3,4,1,0,5,2010,9,4,0,1,1,1,0,11,2112,3.5,44,155000
20,4,50.0,7207,1,1,0,3,0,4,0,3,2,2,0,2,5,7,1958,2008,1,1,14,11,2,0.0,3,2,1,4,4,1,1,696,6,0,162,858,1,2,1,5,858,0,0,858,1,0,1,0,2,1,4,4,7,0,3,6,1978.0,1,0,0,3,3,2,117,0,0,0,0,0,3,4,1,0,2,2010,9,4,0,0,0,1,0,52,1716,2.0,117,116500
60,4,68.0,12227,1,1,0,3,0,0,0,14,4,2,0,5,6,7,1977,1995,1,1,6,6,1,424.0,3,2,1,2,1,4,0,896,6,0,434,1330,1,4,1,5,1542,1330,0,2872,1,0,2,1,4,1,4,11,7,1,5,1,1977.0,0,2,619,5,5,2,550,282,0,0,0,0,3,4,1,0,7,2008,9,4,0,1,1,1,1,31,4202,3.5,832,272000
160,4,24.0,2308,1,1,3,3,0,0,0,13,2,2,4,5,6,6,1976,1976,1,1,10,2,2,0.0,3,4,1,2,4,4,0,556,6,0,248,804,1,4,1,5,804,744,0,1548,1,0,2,1,3,1,2,7,7,1,5,5,1976.0,3,2,440,5,5,2,48,0,0,0,0,0,3,4,1,0,7,2007,9,4,0,1,1,1,1,31,2352,3.5,48,155000
20,4,122.0,11923,1,1,0,3,0,0,0,5,2,2,0,2,9,5,2007,2007,1,1,13,14,2,0.0,2,4,2,0,4,4,6,0,6,0,1800,1800,1,0,1,5,1800,0,0,1800,0,0,2,0,2,1,0,7,7,0,3,1,2007.0,0,2,702,5,5,2,288,136,0,0,0,0,3,4,1,0,5,2009,9,4,0,0,1,1,0,2,3600,2.0,424,239000
60,4,80.0,11316,1,1,3,3,0,0,0,23,2,2,0,5,7,5,2002,2003,1,1,13,14,1,44.0,2,4,2,2,4,4,2,624,6,0,193,817,1,0,1,5,824,1070,0,1894,1,0,2,1,4,1,2,8,7,1,2,3,2002.0,0,2,510,5,5,2,0,40,0,0,0,0,3,4,1,0,2,2010,9,4,0,1,1,1,1,8,2711,3.5,40,214900
60,4,65.0,10237,1,1,3,3,0,4,0,8,6,2,0,5,6,5,2005,2007,1,1,13,14,2,0.0,2,4,2,2,4,4,6,0,6,0,783,783,1,0,1,5,783,701,0,1484,0,0,2,1,3,1,2,8,7,1,2,1,2005.0,0,2,393,5,5,2,0,72,0,0,0,0,3,4,1,0,7,2007,7,5,0,1,1,1,1,2,2267,2.5,72,178900
50,4,130.0,9600,1,1,0,1,0,4,0,6,2,2,0,0,5,7,1940,1950,1,1,8,8,2,0.0,2,2,0,4,0,4,5,428,6,0,300,728,1,0,1,5,976,332,0,1308,1,0,1,1,2,1,4,7,3,2,5,5,1940.0,3,1,256,5,5,2,0,70,0,0,0,0,3,4,1,0,6,2009,9,4,0,1,1,1,1,69,2036,2.5,70,160000
20,4,68.0,7390,1,1,0,3,0,4,0,12,2,2,0,2,5,7,1955,1955,3,1,14,15,1,151.0,3,4,1,4,4,4,0,902,6,0,196,1098,1,4,1,5,1098,0,0,1098,1,0,1,0,3,1,4,6,7,0,3,1,1955.0,3,1,260,5,5,2,0,0,0,0,0,0,3,4,1,0,7,2008,9,4,0,0,1,1,0,53,2196,2.0,0,135000
50,5,50.0,5925,1,1,3,3,0,4,0,17,2,2,0,0,3,6,1910,1950,1,1,13,14,2,0.0,3,4,0,4,4,4,6,0,6,0,600,600,3,1,0,5,600,368,0,968,0,0,1,0,2,1,4,6,7,0,3,6,1978.0,1,0,0,3,3,2,0,0,0,0,0,0,3,1,1,0,5,2009,9,0,0,1,0,1,0,99,1568,1.0,0,37900
190,4,75.0,10382,1,1,3,3,0,4,0,12,2,2,1,7,6,5,1958,1958,3,1,6,6,1,105.0,3,1,1,4,4,1,0,513,6,0,75,588,1,4,1,5,1095,0,0,1095,1,0,1,0,2,1,4,6,7,0,3,1,1958.0,2,1,264,5,5,2,0,0,0,0,0,0,3,4,1,0,3,2006,3,4,0,0,1,1,0,48,1683,2.0,0,140000
50,4,60.0,10800,1,1,3,3,0,4,0,12,2,2,0,0,4,4,1949,1950,1,1,0,0,2,0.0,3,4,1,4,4,4,6,0,6,0,720,720,1,4,0,0,720,472,0,1192,0,0,1,1,4,1,4,6,7,0,3,6,1978.0,1,0,0,3,3,2,0,0,0,0,0,0,3,4,1,0,12,2006,9,0,0,1,0,1,0,57,1912,1.5,0,135000
160,4,36.0,2268,1,1,3,3,0,4,0,16,2,2,3,5,7,5,2003,2004,1,1,13,16,3,106.0,2,4,2,2,4,4,2,567,6,0,197,764,1,0,1,5,764,862,0,1626,0,0,2,0,2,1,2,6,7,0,3,3,2003.0,2,2,474,5,5,2,0,27,0,0,0,0,3,4,1,0,7,2009,9,4,0,1,1,1,0,6,2390,2.0,27,173000
120,4,55.0,7892,1,1,3,3,0,4,0,20,2,2,4,2,6,5,1979,1979,1,1,10,11,2,0.0,3,4,1,2,4,4,6,0,6,0,918,918,1,4,1,5,918,0,0,918,0,0,2,0,2,1,4,5,7,1,5,1,1979.0,3,1,264,5,5,2,28,0,0,0,0,0,3,4,1,0,4,2010,9,4,0,0,1,1,1,31,1836,2.0,28,99500
20,1,95.0,11639,1,1,3,3,0,0,0,21,2,2,0,2,7,5,2007,2008,1,1,5,5,2,0.0,2,4,2,2,4,4,6,0,6,0,1428,1428,1,0,1,5,1428,0,0,1428,0,0,2,0,3,1,2,6,7,0,3,1,2007.0,0,2,480,5,5,2,0,120,0,0,0,0,3,4,1,0,12,2008,7,5,0,0,1,1,0,1,2856,2.0,120,182000
70,4,60.0,11414,1,1,0,3,0,0,0,3,6,1,0,5,7,8,1910,1993,1,1,6,6,2,0.0,3,2,0,2,4,4,6,0,6,0,728,728,1,4,0,5,1136,883,0,2019,0,0,1,0,3,1,2,8,7,0,3,5,1997.0,3,2,532,5,5,2,509,135,0,0,0,0,3,0,1,0,10,2009,9,4,0,1,1,1,0,99,2747,1.0,644,167500
160,1,68.0,2651,1,1,3,3,0,2,0,21,2,2,3,5,7,5,2000,2000,1,1,8,8,2,0.0,2,4,2,2,4,4,2,641,6,0,32,673,1,0,1,5,673,709,0,1382,1,0,2,1,3,1,2,6,7,0,3,5,2000.0,3,2,490,5,5,2,153,50,0,0,0,0,3,4,1,0,4,2006,9,4,0,1,1,1,0,6,2055,3.5,203,165000
30,4,51.0,5900,1,1,0,0,0,4,0,3,2,2,0,2,4,7,1923,1958,1,1,14,15,2,0.0,3,4,2,2,4,4,6,0,6,0,440,440,1,4,1,0,869,0,0,869,0,0,1,0,2,1,1,4,7,0,3,6,1978.0,1,0,0,3,3,2,0,0,0,0,0,0,3,4,1,0,8,2006,9,4,0,0,0,1,0,83,1309,1.0,0,85500
120,1,35.0,4274,1,2,0,3,0,4,0,21,2,2,4,2,7,5,2006,2007,1,1,13,14,2,0.0,2,4,2,2,4,4,2,1106,6,0,135,1241,1,0,1,5,1241,0,0,1241,1,0,1,1,1,1,2,4,7,0,3,1,2007.0,0,2,569,5,5,2,0,116,0,0,0,0,3,4,1,0,11,2007,7,5,0,0,1,1,0,1,2482,2.5,116,199900
20,4,68.0,9450,1,1,3,0,0,4,1,7,2,2,0,2,4,5,1954,1954,1,1,8,8,2,0.0,3,4,1,4,4,4,3,552,6,0,342,894,1,0,1,5,894,0,0,894,0,0,1,0,3,1,4,5,7,0,3,5,1999.0,3,2,400,5,5,2,0,0,0,0,0,0,3,4,1,0,5,2007,9,0,0,0,1,1,0,53,1788,1.0,0,110000
20,4,80.0,8816,1,1,3,3,0,0,0,19,1,2,0,2,5,6,1963,1963,1,1,13,14,2,0.0,3,4,2,4,4,4,5,651,6,0,470,1121,1,4,1,5,1121,0,0,1121,1,0,1,0,3,1,4,5,7,0,3,5,1963.0,3,2,480,5,5,2,0,80,0,0,0,0,3,2,1,0,6,2009,9,4,0,0,1,1,0,46,2242,2.0,80,139000
85,4,68.0,12122,1,1,0,3,0,0,0,12,2,2,0,6,7,9,1961,2007,1,1,5,5,3,210.0,0,4,1,4,4,0,0,867,6,0,77,944,1,2,1,5,999,0,0,999,1,0,1,0,3,1,0,6,7,0,3,1,1961.0,2,2,588,5,5,2,144,76,0,0,0,0,3,4,1,0,7,2008,9,4,0,0,1,1,0,47,1943,2.0,220,178400
60,4,98.0,12203,1,1,0,3,0,0,0,15,2,2,0,5,8,5,1998,1999,3,1,13,14,1,975.0,2,4,2,2,4,4,2,854,6,0,371,1225,1,0,1,5,1276,1336,0,2612,1,0,2,1,4,1,2,8,7,1,5,1,1998.0,0,3,676,5,5,2,250,0,0,0,0,0,3,4,1,0,7,2009,9,4,0,1,1,1,1,11,3837,3.5,250,336000
20,4,43.0,3182,1,1,3,3,0,4,0,0,2,2,0,2,7,5,2007,2007,1,1,13,14,1,16.0,2,4,2,2,4,0,6,0,6,0,1266,1266,1,0,1,5,1266,0,0,1266,0,0,2,0,2,1,2,6,7,1,2,1,2007.0,0,2,388,5,5,2,100,16,0,0,0,0,3,4,1,0,3,2008,9,4,0,0,1,1,1,1,2532,2.0,116,159895
60,4,68.0,11250,1,1,3,3,0,0,0,5,2,2,0,5,8,5,2002,2002,1,1,5,5,2,0.0,2,4,2,2,4,2,6,0,6,0,1128,1128,1,0,1,5,1149,1141,0,2290,0,0,2,1,4,1,2,9,7,1,2,1,2002.0,3,2,779,5,5,2,0,0,0,0,0,0,3,4,1,0,5,2008,9,4,0,1,1,1,1,6,3418,2.5,0,255900
90,4,75.0,10125,1,1,3,3,0,4,0,11,2,2,2,0,5,5,1977,1977,1,1,10,11,2,0.0,3,4,1,3,2,3,4,0,4,0,0,0,1,4,1,5,1302,432,0,1734,0,0,2,0,4,2,2,8,7,0,3,1,1977.0,3,2,539,5,5,2,0,0,0,0,0,0,3,4,1,0,8,2009,0,4,0,1,1,0,0,32,1734,2.0,0,126000
190,4,68.0,10880,1,1,3,3,0,4,0,7,2,2,1,2,5,5,1950,1950,1,1,8,8,2,0.0,3,4,1,4,4,4,0,1040,6,0,124,1164,2,4,0,5,1164,0,0,1164,1,0,1,0,3,1,4,5,7,0,3,5,1950.0,3,1,240,5,5,2,0,48,0,0,0,0,3,4,1,0,8,2008,3,4,0,0,1,1,0,58,2328,2.0,48,125000
50,5,59.0,5310,1,1,3,3,0,0,0,17,1,2,0,0,6,8,1910,2003,3,1,13,14,2,0.0,3,2,1,4,0,4,6,0,6,0,485,485,1,2,1,5,1001,634,0,1635,0,0,1,0,2,1,2,5,7,0,3,1,1950.0,3,1,255,1,5,2,394,0,0,0,0,0,3,4,1,0,6,2006,9,4,0,1,1,1,0,96,2120,1.0,394,117000
60,4,68.0,12046,1,1,0,3,0,4,0,14,2,2,0,5,6,6,1976,1976,1,1,10,11,1,298.0,3,4,1,4,4,4,3,156,6,0,692,848,1,4,1,5,1118,912,0,2030,0,0,2,1,4,1,2,8,7,1,5,1,1976.0,0,2,551,5,5,2,0,224,0,0,0,0,3,4,1,0,6,2007,9,4,0,1,1,1,1,31,2878,2.5,224,195000
60,1,65.0,8125,1,1,3,3,0,4,0,21,2,2,0,5,7,5,2006,2006,1,1,13,14,2,0.0,2,4,2,2,1,4,6,0,6,0,770,770,1,0,1,5,778,798,0,1576,0,0,2,1,3,1,2,6,7,0,3,1,2006.0,2,2,614,5,5,2,0,50,0,0,0,0,3,4,1,0,8,2006,7,5,0,1,1,1,0,0,2346,2.5,50,197000
70,5,121.0,17671,1,0,3,3,0,0,0,17,0,2,0,5,8,9,1882,1986,1,1,14,15,2,0.0,2,2,0,4,4,4,1,216,6,0,700,916,1,2,1,5,916,826,0,1742,0,0,1,1,4,1,2,8,7,1,2,1,1925.0,3,2,424,5,5,1,0,169,0,0,0,0,3,4,1,0,11,2009,9,4,0,1,1,1,1,127,2658,1.5,169,168000
60,4,80.0,9760,1,1,3,3,0,4,1,12,2,2,0,5,6,8,1964,1993,3,1,14,15,1,340.0,3,4,1,4,4,1,1,536,5,117,169,822,1,2,1,5,1020,831,0,1851,0,0,2,1,3,1,2,7,7,1,1,1,1964.0,2,2,440,5,5,2,239,42,0,0,0,0,3,3,1,0,7,2007,9,4,0,1,1,1,1,43,2673,2.5,281,187000
60,4,68.0,8846,1,1,3,3,0,4,0,5,2,2,0,5,6,5,2005,2006,1,1,13,14,2,0.0,3,4,2,2,4,4,6,0,6,0,750,750,1,0,1,5,750,750,0,1500,0,0,2,1,3,1,2,6,7,0,3,1,2005.0,2,2,564,5,5,2,0,35,0,0,0,0,3,4,1,0,8,2006,7,5,0,1,1,1,0,1,2250,2.5,35,173900
20,4,96.0,12456,1,1,3,3,0,2,0,16,2,2,0,2,10,5,2006,2007,3,1,5,5,3,230.0,0,4,2,0,4,1,2,1172,6,0,528,1700,1,0,1,5,1718,0,0,1718,1,0,2,0,3,1,0,7,7,1,2,1,2008.0,0,3,786,5,5,2,216,48,0,0,0,0,3,4,1,0,7,2009,9,4,0,0,1,1,1,3,3418,3.0,264,337500
50,4,51.0,4712,1,1,0,3,0,4,1,3,1,2,0,0,4,7,1946,1950,1,1,8,8,2,0.0,3,4,1,4,4,4,0,384,6,0,363,747,1,4,1,5,774,456,0,1230,1,0,1,1,3,1,4,5,7,0,3,5,1946.0,3,1,305,5,5,2,0,57,0,0,63,0,3,2,1,0,8,2006,9,0,0,1,1,1,0,60,1977,2.5,120,121600
20,4,68.0,10659,1,1,0,3,0,4,0,12,2,2,0,2,5,6,1961,1961,3,1,14,15,2,0.0,3,4,1,4,4,4,5,915,6,0,135,1050,1,4,1,5,1050,0,0,1050,1,0,1,0,3,1,4,6,7,0,3,1,1961.0,3,1,368,5,5,2,0,319,0,0,0,0,3,4,1,0,1,2006,0,4,0,0,1,1,0,45,2100,2.0,319,136500
20,4,68.0,11717,1,1,0,3,0,4,0,14,3,2,0,2,6,6,1970,1970,3,1,6,6,1,571.0,3,4,1,4,4,4,6,0,6,0,1442,1442,1,4,1,5,1442,0,0,1442,0,0,2,0,2,1,4,6,7,1,5,1,1970.0,2,2,615,5,5,2,371,0,0,0,0,0,3,4,1,0,2,2009,9,4,0,0,1,1,1,39,2884,2.0,371,185000
30,5,60.0,9786,1,1,3,3,0,4,0,9,2,2,0,2,3,4,1922,1950,3,1,14,15,2,0.0,3,4,0,4,0,4,6,0,6,0,1007,1007,1,1,0,5,1077,0,0,1077,0,0,1,0,3,1,4,6,7,1,2,5,1922.0,3,1,210,5,1,1,0,100,48,0,0,0,3,4,1,0,5,2006,9,4,0,0,1,1,1,84,2084,1.0,148,91000
20,4,64.0,6762,1,1,3,3,0,4,0,5,2,2,0,2,7,5,2006,2006,1,1,13,14,3,24.0,2,4,2,2,4,0,2,686,6,0,501,1187,1,0,1,5,1208,0,0,1208,1,0,2,0,2,1,2,6,7,0,3,1,2006.0,2,2,632,5,5,2,105,61,0,0,0,0,3,4,1,0,2,2010,9,4,0,0,1,1,0,4,2395,3.0,166,206000
20,4,74.0,10206,1,1,3,3,0,0,0,7,2,2,0,2,3,3,1952,1952,0,5,2,2,2,0.0,3,4,3,3,2,3,4,0,4,0,0,0,2,1,0,1,944,0,0,944,0,0,1,0,2,1,1,4,2,0,3,5,1956.0,3,2,528,5,1,2,0,0,0,0,0,0,3,4,1,0,7,2009,9,4,0,0,1,0,0,57,944,1.0,0,82000
30,4,60.0,5400,1,1,3,3,0,0,0,17,2,2,0,2,5,6,1920,1950,1,1,14,15,2,0.0,3,4,0,1,4,4,6,0,6,0,691,691,1,0,1,0,691,0,0,691,0,0,1,0,2,1,0,4,7,0,3,5,1920.0,3,1,216,1,5,0,0,20,94,0,0,0,3,4,1,0,1,2007,9,0,0,0,1,1,0,87,1382,1.0,114,86000
20,4,75.0,11957,1,1,0,3,0,4,0,21,6,2,0,2,8,5,2006,2006,1,1,13,14,1,53.0,2,4,2,2,4,4,2,24,6,0,1550,1574,1,0,1,5,1574,0,0,1574,0,0,2,0,3,1,2,7,7,1,2,1,2006.0,2,3,824,5,5,2,144,104,0,0,0,0,3,4,1,0,7,2008,9,4,0,0,1,1,1,2,3148,2.0,248,232000
90,4,68.0,11500,1,1,0,3,0,0,0,14,1,6,2,2,5,6,1976,1976,1,1,13,14,1,164.0,3,4,1,4,4,4,6,0,6,0,1680,1680,1,1,1,5,1680,0,0,1680,0,0,2,0,4,2,4,8,7,0,3,5,1976.0,3,2,528,5,5,2,0,0,0,0,0,0,3,4,1,0,6,2007,9,4,0,0,1,1,0,31,3360,2.0,0,136905
120,4,43.0,3182,1,1,3,3,0,4,0,0,2,2,4,2,7,5,2005,2006,1,1,13,14,1,16.0,2,4,2,2,4,4,2,16,6,0,1330,1346,1,0,1,5,1504,0,0,1504,0,0,2,0,1,1,2,7,7,1,2,1,2005.0,0,2,457,5,5,2,156,0,0,0,0,0,3,4,1,0,5,2009,9,4,0,0,1,1,1,4,2850,2.0,156,181000
80,4,65.0,8385,1,1,3,3,0,4,0,5,2,2,0,7,5,8,1977,1977,1,1,6,6,1,220.0,2,4,1,2,1,0,2,595,6,0,390,985,1,4,1,5,985,0,0,985,0,0,2,0,3,1,4,6,7,0,3,1,1977.0,3,1,328,5,5,2,210,0,0,0,0,0,3,4,1,0,11,2008,9,4,0,0,1,1,0,31,1970,2.0,210,149900
20,4,68.0,12155,1,1,2,3,0,4,0,12,4,2,0,2,6,3,1970,1970,1,1,10,11,2,0.0,3,4,1,2,4,4,3,1237,6,0,420,1657,1,2,1,5,1657,0,0,1657,0,1,2,0,3,1,4,7,7,1,5,1,1970.0,3,2,484,5,5,2,0,0,0,0,147,0,3,4,1,0,3,2007,9,4,0,0,1,1,1,37,3314,2.5,147,163500
160,5,21.0,2217,1,1,3,3,0,4,0,10,2,2,4,5,4,4,1970,1970,1,1,5,5,2,0.0,3,4,1,4,4,4,1,273,3,273,0,546,1,4,1,5,546,546,0,1092,0,0,1,1,3,1,4,6,7,0,3,1,1970.0,2,1,286,5,5,2,238,0,0,0,0,0,3,4,1,0,8,2009,9,4,0,1,1,1,0,39,1638,1.5,238,88000
20,4,43.0,12118,1,1,0,3,0,1,0,11,2,2,0,2,7,5,2004,2005,3,1,13,14,3,108.0,2,4,2,0,4,2,6,0,6,0,1710,1710,1,0,1,5,1710,0,0,1710,0,0,2,0,3,1,2,7,7,1,2,1,2004.0,0,2,550,5,5,2,100,48,0,0,180,0,3,4,1,0,4,2009,9,4,0,0,1,1,1,5,3420,2.0,328,240000
50,4,60.0,6000,1,1,3,3,0,4,0,18,2,2,0,0,5,5,1926,1950,1,1,14,15,2,0.0,3,1,0,4,4,4,6,0,6,0,1008,1008,1,0,1,5,1008,0,514,1522,0,0,2,0,4,1,4,7,7,0,3,6,1978.0,1,0,0,3,3,1,0,0,138,0,0,0,3,4,1,0,6,2006,9,4,0,0,0,1,0,80,2016,2.0,138,102000
50,4,115.0,21286,1,1,3,3,0,4,0,19,2,2,0,0,5,5,1948,1950,1,1,14,15,2,0.0,3,4,1,4,4,4,6,0,6,0,720,720,1,4,1,5,720,551,0,1271,0,0,2,0,4,1,4,7,7,1,2,1,1948.0,3,1,312,5,5,2,0,0,108,0,0,0,3,4,1,0,8,2008,9,4,0,1,1,1,1,60,1991,2.0,108,135000
90,4,75.0,9825,1,1,3,3,0,4,0,7,2,2,2,2,5,5,1965,1965,3,1,1,1,2,0.0,3,4,1,3,2,3,4,0,4,0,0,0,1,4,0,5,1664,0,0,1664,0,0,2,0,4,2,4,8,7,0,3,6,1978.0,1,0,0,3,3,2,0,0,0,0,0,0,3,4,1,0,5,2010,9,4,0,0,0,0,0,45,1664,2.0,0,100000
70,4,55.0,10592,1,1,3,3,0,4,0,6,2,2,0,5,6,7,1923,1996,3,1,14,15,2,0.0,3,2,2,4,0,4,6,0,6,0,602,602,1,4,1,5,900,602,0,1502,0,0,1,1,3,1,2,7,7,2,5,5,1923.0,3,1,180,5,5,2,96,0,112,0,53,0,3,4,1,0,8,2007,9,4,0,1,1,1,1,84,2104,1.5,261,165000
30,5,60.0,7200,1,1,3,3,0,4,0,17,2,2,0,2,5,4,1910,2006,3,1,8,13,2,0.0,3,4,0,4,4,4,0,247,5,465,310,1022,2,4,0,5,1022,0,0,1022,1,0,1,0,2,1,4,4,1,0,3,5,1956.0,3,1,280,5,5,2,0,30,226,0,0,0,3,4,1,0,6,2009,9,4,0,0,1,1,0,99,2044,2.0,256,85000
20,4,60.0,11664,1,1,3,3,0,4,0,12,0,2,0,2,6,5,1948,1950,1,1,8,8,1,206.0,3,4,1,4,0,4,1,336,6,0,746,1082,1,4,1,5,1082,0,0,1082,0,0,1,0,2,1,4,5,7,1,2,5,1948.0,3,1,240,5,5,2,0,130,0,0,0,0,3,4,1,0,11,2007,9,4,0,0,1,1,1,59,2164,1.0,130,119200
60,4,70.0,8400,1,1,3,3,0,4,0,14,2,2,0,5,8,6,2001,2001,1,1,13,14,2,0.0,2,4,2,2,4,4,2,643,6,0,167,810,1,0,1,5,810,855,0,1665,1,0,2,1,3,1,2,6,7,0,3,1,2001.0,0,2,528,5,5,2,0,45,0,0,0,0,3,4,1,0,11,2009,9,4,0,1,1,1,0,8,2475,3.5,45,227000
20,4,73.0,11883,1,1,3,3,0,4,0,5,2,2,0,2,7,5,1996,1996,3,1,13,14,1,196.0,2,4,2,2,4,1,2,690,6,0,814,1504,1,0,1,5,1504,0,0,1504,1,0,2,0,3,1,2,6,7,1,5,1,1996.0,0,2,478,5,5,2,115,66,0,0,0,0,3,4,1,0,6,2009,9,4,0,0,1,1,1,13,3008,3.0,181,203000
120,4,68.0,5814,1,1,0,3,0,1,0,22,2,2,4,2,8,5,1984,1984,1,1,6,6,2,0.0,2,4,1,2,4,0,2,1036,6,0,184,1220,1,2,1,5,1360,0,0,1360,1,0,1,0,1,1,2,4,7,1,0,1,1984.0,2,2,565,5,5,2,63,0,0,0,0,0,3,4,1,0,8,2009,0,0,0,0,1,1,1,25,2580,2.0,63,187500
80,4,68.0,10784,1,1,0,3,0,2,0,8,2,2,0,7,7,5,1991,1992,1,1,6,6,1,76.0,2,4,2,2,4,4,6,0,6,0,384,384,1,2,1,5,802,670,0,1472,0,0,2,1,3,1,2,7,7,1,5,1,1991.0,2,2,402,5,5,2,164,0,0,0,0,0,3,4,1,0,5,2007,9,4,0,1,1,1,1,16,1856,2.5,164,160000
120,4,43.0,3013,1,1,3,3,0,4,0,0,2,2,4,2,7,5,2005,2005,1,1,13,14,1,145.0,2,4,2,2,4,1,2,16,6,0,1346,1362,1,0,1,5,1506,0,0,1506,0,0,2,0,2,1,2,6,7,1,2,1,2005.0,0,2,440,5,5,2,142,20,0,0,0,0,3,4,1,0,4,2006,9,4,0,0,1,1,1,1,2868,2.0,162,213490
20,4,60.0,7024,1,1,3,3,0,4,0,7,2,2,0,2,4,5,2005,2005,1,1,13,14,2,0.0,3,4,2,2,4,4,2,1024,6,0,108,1132,1,0,1,5,1132,0,0,1132,1,0,1,1,2,1,2,5,7,0,3,1,2005.0,0,2,451,5,5,2,252,64,0,0,0,0,3,4,1,0,6,2008,9,4,0,0,1,1,0,3,2264,2.5,316,176000
20,4,64.0,7406,1,1,3,3,0,4,0,5,2,2,0,2,7,5,2006,2006,1,1,13,14,3,84.0,2,4,2,2,4,0,2,684,6,0,515,1199,1,0,1,5,1220,0,0,1220,1,0,2,0,2,1,2,6,7,0,3,1,2006.0,2,2,632,5,5,2,105,54,0,0,0,0,3,4,1,0,7,2006,7,5,0,0,1,1,0,0,2419,3.0,159,194000
50,5,52.0,9439,1,1,3,3,0,4,0,17,2,2,0,0,5,5,1930,1950,1,1,14,15,2,0.0,3,4,1,4,4,4,3,324,6,0,588,912,1,2,1,0,912,336,0,1248,0,0,1,0,2,1,4,6,7,0,3,5,1957.0,3,1,160,1,1,2,0,0,192,0,0,0,3,4,1,0,3,2007,9,4,0,1,1,1,0,77,2160,1.0,192,87000
120,4,43.0,3182,1,1,3,3,0,4,0,0,2,2,4,2,7,5,2005,2006,1,1,13,14,1,14.0,2,4,2,2,1,4,2,16,6,0,1330,1346,1,0,1,5,1504,0,0,1504,0,0,2,0,2,1,2,7,7,1,2,1,2005.0,0,2,437,5,5,2,156,20,0,0,0,0,3,4,1,0,5,2008,9,4,0,0,1,1,1,3,2850,2.0,176,191000
20,4,68.0,15498,1,1,0,3,0,0,0,23,2,2,0,2,8,6,1976,1976,3,6,11,6,2,0.0,2,4,1,2,4,0,0,1165,3,400,0,1565,1,4,1,5,2898,0,0,2898,1,0,2,0,2,1,2,10,7,1,2,1,1976.0,0,2,665,5,5,2,0,72,174,0,0,0,3,4,1,0,5,2008,0,0,0,0,1,1,1,32,4463,3.0,246,287000
20,4,70.0,7700,1,1,3,3,0,0,0,5,2,2,0,2,5,5,1972,1972,1,1,13,14,2,0.0,3,4,1,4,4,4,3,138,5,468,276,882,1,4,1,5,882,0,0,882,1,0,1,0,3,1,4,5,7,0,3,5,1980.0,3,2,461,5,5,2,96,0,0,0,0,0,3,2,1,0,3,2007,9,4,0,0,1,1,0,35,1764,2.0,96,112500
20,4,73.0,9300,1,1,3,3,0,4,0,12,1,2,0,2,5,5,1960,1960,1,1,8,6,1,324.0,3,4,1,4,4,4,5,697,6,0,571,1268,1,4,1,5,1264,0,0,1264,1,0,1,0,3,1,4,6,7,2,2,1,1960.0,3,2,461,5,5,2,0,0,0,0,143,0,3,4,1,0,4,2010,9,4,0,0,1,1,1,50,2532,2.0,143,167500
20,4,71.0,9520,1,1,0,1,0,4,0,23,2,2,0,2,8,5,2007,2008,1,1,13,14,3,338.0,2,4,2,2,4,1,2,1513,6,0,125,1638,1,0,1,5,1646,0,0,1646,1,0,2,0,3,1,2,7,7,1,2,1,2008.0,2,3,800,5,5,2,192,44,0,0,0,0,3,4,1,0,4,2008,7,5,0,0,1,1,1,1,3284,3.0,236,293077
50,4,79.0,9492,1,1,3,3,0,4,0,12,0,2,0,0,5,5,1941,1950,1,1,15,16,2,0.0,3,4,1,4,4,4,5,368,1,41,359,768,1,4,1,5,968,408,0,1376,1,0,1,0,3,1,4,6,7,1,2,1,1941.0,3,1,240,5,5,2,0,0,0,0,0,0,3,4,1,0,4,2007,9,4,0,1,1,1,1,66,2144,2.0,0,105000
160,5,21.0,1680,1,1,3,3,0,4,0,2,2,2,3,5,6,7,1972,1972,1,1,6,6,1,281.0,3,4,1,4,4,4,1,317,6,0,355,672,1,2,1,5,672,546,0,1218,0,1,1,1,3,1,4,7,7,0,3,5,1972.0,3,1,264,5,5,2,0,28,0,0,0,0,3,4,1,0,5,2006,9,4,0,1,1,1,0,34,1890,2.0,28,118000
190,3,68.0,7082,1,1,3,3,0,4,0,18,2,2,1,5,5,8,1916,1995,1,1,13,14,2,0.0,3,4,2,4,4,2,6,0,6,0,686,686,1,2,1,5,948,980,0,1928,0,0,2,0,5,2,4,10,7,0,3,6,1978.0,1,0,0,3,3,0,0,0,228,0,0,0,3,4,1,0,7,2006,9,4,0,1,0,1,0,90,2614,2.0,228,160000
75,4,102.0,15863,1,1,3,3,0,0,0,18,2,2,0,3,7,3,1920,1970,1,1,14,11,2,0.0,3,4,0,4,4,4,2,523,6,0,301,824,1,0,1,5,1687,998,397,3082,1,0,2,1,5,1,4,12,7,2,5,2,1970.0,0,2,672,5,5,2,136,63,0,0,0,0,3,4,1,0,8,2009,9,4,0,1,1,1,1,89,3509,3.5,199,197000
60,4,68.0,14541,1,1,0,3,0,0,0,15,2,2,0,5,8,7,1993,1993,1,1,8,8,2,0.0,2,2,2,2,1,4,2,1012,6,0,326,1338,1,0,1,5,1352,1168,0,2520,1,0,2,1,5,1,2,10,7,1,5,1,1993.0,2,3,796,5,5,2,209,55,0,0,0,0,3,4,1,0,11,2006,9,0,0,1,1,1,1,13,3858,3.5,264,310000
20,4,68.0,8125,1,1,3,3,0,4,0,5,2,2,0,2,7,5,2002,2002,1,1,13,14,3,295.0,2,4,2,2,4,4,2,986,6,0,668,1654,1,0,1,5,1654,0,0,1654,1,0,2,0,3,1,2,6,7,0,3,1,2002.0,3,3,900,5,5,2,0,136,0,0,0,0,3,4,1,0,2,2006,9,4,0,0,1,1,0,4,3308,3.0,136,230000
30,4,50.0,6305,1,1,3,0,0,4,0,6,2,2,0,2,5,7,1938,1950,1,1,8,8,2,0.0,3,2,2,1,0,4,6,0,6,0,920,920,1,0,1,5,954,0,0,954,0,0,1,0,2,1,1,5,7,1,2,2,1938.0,3,1,240,1,5,2,0,0,0,0,0,0,3,2,1,0,6,2007,9,4,0,0,1,1,1,69,1874,1.0,0,119750
20,4,68.0,11500,1,1,0,3,0,1,0,7,2,2,0,2,4,3,1957,1957,1,1,14,15,2,0.0,3,2,3,3,2,3,4,0,4,0,0,0,1,0,0,5,845,0,0,845,0,0,1,0,3,1,4,5,7,0,3,5,1957.0,3,1,290,5,5,0,186,0,0,0,0,0,3,4,1,0,1,2009,9,4,0,0,1,0,0,52,845,1.0,186,84000
20,4,89.0,12898,1,1,0,1,0,4,0,23,2,2,0,2,9,5,2007,2008,3,1,13,14,3,70.0,2,4,2,0,4,1,2,1022,6,0,598,1620,1,0,1,5,1620,0,0,1620,1,0,2,0,2,1,0,6,7,1,0,1,2008.0,0,3,912,5,5,2,228,0,0,0,0,0,3,4,1,0,9,2009,9,4,0,0,1,1,1,2,3240,3.0,228,315500
60,4,68.0,9240,1,1,3,3,0,4,0,5,2,2,0,5,8,5,2001,2002,1,1,13,14,1,396.0,2,4,2,2,4,4,6,0,6,0,1055,1055,1,0,1,5,1055,1208,0,2263,0,0,2,1,3,1,2,7,7,1,5,3,2001.0,0,2,905,5,5,2,0,45,0,0,189,0,3,4,1,0,9,2008,9,4,0,1,1,1,1,7,3318,2.5,234,287000
160,5,21.0,1533,1,1,3,3,0,4,0,10,2,2,3,5,4,6,1970,2008,1,1,5,5,2,0.0,3,4,1,4,4,4,6,0,6,0,546,546,1,4,1,5,798,546,0,1344,0,0,1,1,3,1,4,6,7,1,5,6,1978.0,1,0,0,3,3,2,0,0,0,0,0,0,3,4,1,0,5,2009,9,4,0,1,0,1,1,39,1890,1.5,0,97000
180,5,21.0,1477,1,1,3,3,0,4,0,10,2,2,4,6,4,4,1970,1970,1,1,5,5,2,0.0,3,4,1,2,4,0,2,509,6,0,121,630,1,4,1,5,630,0,0,630,1,0,1,0,1,1,4,3,7,0,3,1,1970.0,3,1,286,5,5,2,0,0,0,0,0,0,3,4,1,0,4,2009,9,4,0,0,1,1,0,39,1260,2.0,0,80000
20,4,88.0,13125,1,1,3,3,0,0,0,19,2,2,0,2,5,4,1957,2000,1,1,14,15,0,67.0,3,4,1,4,4,4,5,168,1,682,284,1134,1,0,1,5,1803,0,0,1803,1,0,2,0,3,1,4,8,0,1,5,1,1957.0,2,2,484,5,5,2,0,0,0,0,0,0,3,0,1,0,1,2006,9,4,0,0,1,1,1,49,2937,3.0,0,155000
60,4,68.0,9130,1,1,3,3,0,4,0,14,1,2,0,5,6,8,1966,2000,3,1,6,6,1,252.0,3,4,1,4,4,4,2,400,5,64,336,800,1,2,1,5,800,832,0,1632,0,1,1,1,4,1,2,7,7,0,3,1,1966.0,3,2,484,5,5,2,0,40,0,0,0,0,3,4,1,0,7,2008,9,4,0,1,1,1,0,42,2432,2.0,40,173000
120,4,34.0,5381,1,1,0,3,0,4,0,16,2,2,3,2,6,5,2005,2005,1,1,13,14,3,135.0,2,4,2,2,4,0,0,900,6,0,406,1306,1,0,1,5,1306,0,0,1306,1,0,2,0,1,1,2,5,7,1,2,1,2005.0,2,2,624,5,5,2,170,63,0,0,0,0,3,4,1,0,8,2009,9,4,0,0,1,1,1,4,2612,3.0,233,196000
60,4,86.0,11839,1,1,3,3,0,4,0,20,2,2,0,5,7,5,1990,1990,3,1,6,6,1,99.0,3,4,2,2,4,4,2,1085,6,0,390,1475,1,0,1,5,1532,797,0,2329,1,0,2,1,4,1,2,10,7,1,0,1,1990.0,3,2,514,5,5,2,192,121,0,0,0,0,3,4,1,0,5,2008,9,4,0,1,1,1,1,18,3804,3.5,313,262280
20,4,80.0,9600,1,1,3,3,0,4,0,14,4,2,0,2,8,5,1981,1981,3,7,3,3,2,0.0,2,4,2,2,4,4,0,1104,6,0,1420,2524,1,4,1,5,2524,0,0,2524,1,0,2,1,4,1,2,9,7,1,2,1,1981.0,0,2,542,5,5,2,474,120,0,0,0,0,3,2,1,0,7,2009,9,4,0,0,1,1,1,28,5048,3.5,594,278000
20,4,68.0,13680,1,1,0,3,0,1,0,7,2,2,0,2,3,5,1955,1955,3,1,3,15,2,0.0,3,4,3,3,2,3,4,0,4,0,0,0,1,0,1,0,1733,0,0,1733,0,0,2,0,4,1,4,8,3,1,2,1,1955.0,3,2,452,5,5,2,0,0,0,0,0,0,3,4,1,0,6,2009,9,4,0,0,1,0,1,54,1733,2.0,0,139600
20,4,57.0,9245,1,1,1,3,0,4,0,5,2,2,0,2,5,5,1994,1995,1,1,13,14,2,0.0,3,4,2,2,4,4,2,686,6,0,304,990,1,0,1,5,990,0,0,990,0,1,1,0,3,1,4,5,7,0,3,5,1996.0,3,2,672,5,5,2,0,0,0,0,0,0,3,4,1,0,2,2008,9,4,0,0,1,1,0,14,1980,1.5,0,145000
20,4,100.0,21750,1,1,3,3,0,4,0,11,2,2,0,2,5,4,1960,2006,3,1,6,6,1,75.0,3,1,3,3,2,3,4,0,4,0,0,0,1,4,1,5,1771,0,0,1771,0,0,1,0,3,1,4,9,2,1,5,1,1960.0,3,2,336,5,5,2,0,0,0,0,0,0,3,0,1,0,11,2009,9,4,0,0,1,0,1,49,1771,1.0,0,115000
20,4,60.0,11100,1,1,3,2,0,4,0,7,2,2,0,2,4,7,1946,2006,1,1,8,8,2,0.0,3,4,1,3,2,3,4,0,4,0,0,0,1,0,1,5,930,0,0,930,0,0,1,0,2,1,2,6,7,0,3,5,1946.0,3,1,308,5,5,2,0,0,0,0,0,0,3,4,1,0,4,2010,9,0,0,0,1,0,0,64,930,1.0,0,84900
20,4,73.0,8993,1,1,0,3,0,4,0,8,2,2,0,2,7,5,2007,2007,1,1,13,14,2,0.0,2,4,2,2,4,0,6,0,6,0,1302,1302,1,0,1,5,1302,0,0,1302,0,0,2,0,3,1,2,6,7,0,3,1,2007.0,0,2,436,5,5,2,0,22,0,0,0,0,3,4,1,0,8,2007,7,5,0,0,1,1,0,0,2604,2.0,22,176485
20,4,103.0,11175,1,1,0,3,0,0,0,5,2,2,0,2,7,5,2007,2007,1,1,13,14,2,0.0,2,4,2,2,4,0,6,0,6,0,1316,1316,1,0,1,5,1316,0,0,1316,0,0,2,0,3,1,2,6,7,1,2,1,2007.0,0,2,440,5,5,2,0,20,0,0,0,0,3,4,1,0,10,2007,7,5,0,0,1,1,1,0,2632,2.0,20,200141
60,4,100.0,9500,1,1,3,3,0,0,0,12,0,2,0,5,6,6,1964,1978,1,1,13,14,0,272.0,3,4,1,4,4,4,5,442,6,0,374,816,1,4,1,5,1127,850,0,1977,0,1,1,1,4,1,4,9,7,1,5,1,1964.0,2,2,540,5,5,2,0,52,0,0,0,0,3,0,1,0,6,2007,9,4,0,1,1,1,1,43,2793,2.0,52,165000
20,4,68.0,8562,1,1,3,3,0,4,1,7,2,2,0,2,5,6,1957,2002,3,1,6,6,3,145.0,3,4,1,4,4,0,5,383,6,0,833,1216,1,0,1,0,1526,0,0,1526,0,0,1,0,4,1,4,7,3,1,2,2,1957.0,3,1,364,5,5,2,116,78,0,0,0,0,3,4,1,0,5,2010,9,4,0,0,1,1,1,53,2742,1.0,194,144500
60,4,90.0,11367,1,1,3,3,0,0,0,5,2,2,0,5,8,5,2002,2002,1,1,13,14,1,210.0,2,4,2,2,4,2,2,932,6,0,133,1065,1,0,1,5,1091,898,0,1989,1,0,2,1,3,1,2,7,7,1,2,1,2002.0,0,2,586,5,5,2,199,60,0,0,0,0,3,4,1,0,11,2006,9,4,0,1,1,1,1,4,3054,3.5,259,255000
20,4,104.0,11361,1,1,3,3,0,4,0,14,2,2,0,2,6,5,1976,1976,1,1,10,11,1,160.0,3,4,1,2,4,4,0,644,6,0,549,1193,1,4,1,5,1523,0,0,1523,0,1,2,0,3,1,4,7,7,1,5,1,1976.0,0,2,478,5,5,2,0,0,0,0,189,0,3,2,1,0,5,2008,0,0,0,0,1,1,1,32,2716,2.5,189,180000
120,4,43.0,7052,1,1,0,3,0,4,0,16,2,2,4,2,7,5,2005,2005,1,1,13,14,3,240.0,2,4,2,2,4,0,2,659,6,0,705,1364,1,0,1,5,1364,0,0,1364,1,0,2,0,2,1,2,6,7,1,2,1,2005.0,2,2,484,5,5,2,192,36,0,0,0,0,3,4,1,0,6,2006,9,4,0,0,1,1,1,1,2728,3.0,228,185850
60,4,68.0,29959,1,1,1,3,0,2,0,15,2,2,0,5,7,6,1994,1994,1,1,6,6,2,0.0,2,4,2,2,4,4,2,595,6,0,378,973,1,0,1,5,979,871,0,1850,0,0,2,1,3,1,2,7,7,1,2,3,1994.0,0,2,467,5,5,2,168,98,0,0,0,0,3,4,1,0,1,2009,9,4,0,1,1,1,1,15,2823,2.5,266,248000
60,4,96.0,11308,1,1,0,3,0,4,0,16,2,2,0,5,9,5,2008,2008,1,1,13,14,3,154.0,0,4,2,0,4,0,2,936,6,0,168,1104,1,0,1,5,1130,1054,0,2184,1,0,2,1,3,1,0,10,7,1,2,1,2008.0,0,3,836,5,5,2,0,102,0,0,0,0,3,4,1,0,7,2009,9,4,0,1,1,1,1,1,3288,3.5,102,335000
50,4,68.0,11275,1,1,0,1,0,0,1,6,2,2,0,0,6,7,1932,1950,1,1,8,8,1,480.0,3,4,1,4,4,2,5,297,3,557,0,854,1,4,1,5,1096,895,0,1991,0,0,1,1,3,1,4,7,7,1,2,5,1977.0,3,2,432,5,1,2,0,0,19,0,0,0,3,4,1,0,3,2007,9,4,0,1,1,1,1,75,2845,1.5,19,220000
120,4,41.0,4920,1,1,3,3,0,4,0,22,2,2,4,2,8,5,2001,2001,1,1,5,5,2,0.0,2,4,2,2,4,2,2,616,6,0,722,1338,1,0,1,5,1338,0,0,1338,1,0,2,0,2,1,2,6,7,0,3,1,2001.0,0,2,582,5,5,2,0,0,170,0,0,0,3,4,1,0,4,2010,9,4,0,0,1,1,0,9,2676,3.0,170,213500
30,0,120.0,18000,0,1,3,2,0,4,0,9,2,2,0,2,3,4,1935,1950,1,1,8,8,2,0.0,1,4,1,4,4,4,6,0,6,0,894,894,1,4,1,5,894,0,0,894,0,0,1,0,2,1,4,6,7,0,3,5,1994.0,2,3,1248,5,5,2,0,20,0,0,0,0,3,4,3,560,8,2008,3,4,0,0,1,1,0,73,1788,1.0,20,81000
190,5,85.0,13600,1,0,3,3,0,4,0,17,2,2,1,5,5,5,1900,1950,1,1,14,15,2,0.0,3,4,0,4,4,4,6,0,6,0,662,662,1,4,0,5,1422,915,0,2337,0,0,2,0,5,2,4,10,3,0,3,5,1945.0,3,2,560,5,5,2,0,57,0,0,0,0,3,4,1,0,9,2007,9,4,0,1,1,1,0,107,2999,2.0,57,90000
30,5,50.0,6000,1,1,3,3,0,4,0,17,0,2,0,2,6,6,1925,1980,1,1,8,8,2,0.0,3,2,0,4,4,4,1,397,6,0,706,1103,1,2,1,5,1103,0,0,1103,0,0,1,0,2,1,2,5,7,1,2,5,1976.0,3,2,440,5,5,2,166,120,0,0,0,0,3,2,1,0,7,2006,9,4,0,0,1,1,1,81,2206,1.0,286,110500
20,4,68.0,11000,1,1,0,3,0,1,0,12,2,2,0,2,5,6,1966,1966,1,1,10,11,1,200.0,3,4,1,4,4,2,1,740,5,230,184,1154,1,0,1,5,1154,0,0,1154,0,0,1,1,3,1,4,6,7,1,4,1,1966.0,2,2,480,5,5,2,0,58,0,0,0,0,3,2,1,0,11,2009,9,4,0,0,1,1,1,43,2308,1.5,58,154000
60,4,80.0,14000,1,1,3,3,0,4,1,4,2,2,0,5,7,5,1996,1997,1,1,14,15,2,0.0,2,4,2,0,4,1,2,1201,6,0,105,1306,1,0,1,5,1306,954,0,2260,1,0,2,1,3,1,2,7,7,0,3,1,1996.0,2,2,533,5,5,2,296,44,0,0,0,0,3,4,1,0,4,2010,9,4,0,1,1,1,0,14,3566,3.5,340,328000
60,4,59.0,7837,1,1,0,3,0,4,0,8,2,2,0,5,6,7,1993,1994,1,1,13,14,2,0.0,2,4,2,2,4,4,6,0,6,0,799,799,1,2,1,5,799,772,0,1571,0,0,2,1,3,1,4,7,7,1,5,1,1993.0,2,2,380,5,5,2,0,40,0,0,0,0,3,4,1,0,5,2009,9,4,0,1,1,1,1,16,2370,2.5,40,178000
60,4,80.0,9760,1,1,3,3,0,4,1,12,2,2,0,5,6,6,1964,1964,1,1,6,6,1,360.0,3,4,1,4,4,1,2,674,3,106,0,780,1,4,1,5,798,813,0,1611,1,0,1,1,4,1,4,7,7,0,3,1,1964.0,2,2,442,5,5,2,328,128,0,0,189,0,3,4,1,0,6,2008,9,4,0,1,1,1,0,44,2391,2.5,645,167900
160,5,42.0,3964,1,1,3,3,0,4,0,10,2,2,4,5,6,4,1973,1973,1,1,5,5,2,0.0,3,4,1,2,4,4,0,837,6,0,105,942,1,2,1,5,1291,1230,0,2521,1,0,2,1,5,1,4,10,0,1,2,1,1973.0,0,2,576,5,5,2,728,20,0,0,0,0,3,0,1,0,6,2006,9,4,0,1,1,1,1,33,3463,3.5,748,151400
45,4,60.0,9600,1,1,3,3,0,4,0,12,2,2,0,1,5,7,1949,2003,1,1,8,8,2,0.0,3,4,1,4,4,4,0,220,6,0,625,845,1,4,1,5,893,0,0,893,0,1,1,0,2,1,2,4,7,0,3,5,1985.0,3,2,576,5,5,2,0,0,0,0,0,0,3,4,1,0,5,2007,9,4,0,0,1,1,0,58,1738,1.5,0,135000
20,4,72.0,10152,1,1,3,3,0,4,0,12,2,2,0,2,5,5,1956,1956,3,1,8,8,1,120.0,3,4,1,4,4,4,1,586,6,0,462,1048,1,4,1,5,1048,0,0,1048,1,0,1,0,3,1,4,6,7,0,3,1,1956.0,3,1,286,5,5,2,0,20,0,0,192,0,3,4,1,0,6,2007,9,4,0,0,1,1,0,51,2096,2.0,212,135000
60,4,78.0,11700,1,1,3,3,0,4,0,14,6,2,0,5,6,6,1968,1968,1,1,8,8,2,0.0,3,4,1,4,4,4,5,298,6,0,429,727,1,0,1,5,829,727,0,1556,0,0,1,1,4,1,4,8,7,0,3,1,1968.0,3,2,441,5,5,2,0,0,0,0,0,0,3,4,1,0,5,2009,9,4,0,1,1,1,0,41,2283,1.5,0,154000
50,4,50.0,7585,1,1,3,3,0,4,0,7,0,2,0,0,5,3,1948,1950,1,1,8,8,2,0.0,3,4,1,1,0,2,6,0,6,0,810,810,1,1,1,0,1002,454,0,1456,1,1,1,0,4,1,4,7,7,1,5,5,1954.0,3,1,280,5,5,1,0,0,0,0,0,0,3,4,1,0,8,2006,9,4,0,1,1,1,1,58,2266,2.5,0,91500
60,4,75.0,7950,1,1,0,0,0,0,0,7,2,2,0,5,6,6,1977,1977,3,1,6,11,1,140.0,3,4,1,4,4,4,1,535,6,0,155,690,1,4,1,5,698,728,0,1426,0,0,1,1,3,1,4,6,7,0,3,1,1977.0,0,2,440,5,5,2,252,0,0,0,0,0,3,2,1,0,7,2009,9,4,0,1,1,1,0,32,2116,1.5,252,159500
20,4,74.0,8556,1,1,3,3,0,4,0,5,2,2,0,2,7,5,2006,2006,1,1,13,14,2,0.0,2,4,2,2,4,0,6,0,6,0,1240,1240,1,0,1,5,1240,0,0,1240,0,0,2,0,2,1,2,5,7,0,3,1,2006.0,2,3,826,5,5,2,140,93,0,0,0,0,3,4,1,0,5,2007,9,4,0,0,1,1,0,1,2480,2.0,233,194000
70,4,75.0,13125,1,1,3,3,0,4,0,6,2,2,0,5,7,6,1940,1984,1,1,14,15,2,0.0,3,4,1,4,4,4,1,410,6,0,390,800,1,4,1,5,960,780,0,1740,0,0,1,1,3,1,4,6,7,2,2,1,1940.0,3,1,240,5,5,2,0,0,0,0,0,0,3,4,1,0,7,2007,1,4,0,1,1,1,1,67,2540,1.5,0,219500
50,4,60.0,10800,1,0,3,3,0,4,0,17,2,2,0,0,5,8,1936,1989,1,1,14,15,2,0.0,3,4,1,1,4,4,0,626,6,0,170,796,1,2,1,5,1096,370,0,1466,0,1,2,0,3,1,2,7,2,1,5,1,1950.0,3,2,566,5,5,2,436,21,0,0,0,0,3,4,3,500,4,2006,9,4,0,1,1,1,1,70,2262,2.5,457,170000
20,4,68.0,15870,1,1,0,3,0,0,0,12,2,2,0,2,5,5,1969,1969,1,1,13,11,2,0.0,3,4,1,4,4,2,1,75,5,791,230,1096,1,0,1,5,1096,0,0,1096,1,0,1,0,3,1,4,6,7,0,3,1,1969.0,0,1,299,5,5,2,240,32,0,0,0,0,3,4,1,0,3,2006,9,0,0,0,1,1,0,37,2192,2.0,272,138800
120,5,37.0,4435,1,1,3,3,0,4,0,5,2,2,4,2,6,5,2004,2004,1,1,13,14,1,169.0,2,4,2,2,4,2,2,662,6,0,186,848,1,0,1,5,848,0,0,848,1,0,1,0,1,1,2,3,7,1,2,1,2004.0,2,2,420,5,5,2,140,0,0,0,0,0,3,4,1,0,5,2006,9,4,0,0,1,1,1,2,1696,2.0,140,155900
20,4,65.0,8775,1,1,3,3,0,4,0,5,2,2,0,2,5,5,1994,1994,1,1,13,14,2,0.0,3,4,2,2,4,4,2,495,6,0,495,990,1,2,1,5,990,0,0,990,0,0,1,0,3,1,4,5,7,0,3,1,1996.0,3,1,299,5,5,2,0,64,0,0,0,0,3,4,1,0,4,2007,9,4,0,0,1,1,0,13,1980,1.0,64,126000
20,4,80.0,11040,1,1,3,3,0,4,0,14,2,2,0,2,6,7,1971,2004,1,1,13,14,1,144.0,2,2,1,4,4,4,0,656,6,0,602,1258,1,0,1,5,1258,0,0,1258,0,1,2,0,3,1,2,5,7,0,3,1,1971.0,2,2,528,5,5,2,55,0,0,216,0,0,3,4,1,0,10,2008,0,0,0,0,1,1,0,37,2516,2.5,271,145000
20,4,75.0,7500,1,1,3,3,0,0,0,19,1,2,0,2,5,5,1963,1963,1,1,6,6,2,0.0,3,4,1,4,4,4,0,824,6,0,216,1040,1,1,1,5,1040,0,0,1040,1,0,1,1,3,1,4,5,7,0,3,1,1963.0,0,1,308,5,5,2,0,0,220,0,0,0,3,2,1,0,6,2010,9,4,0,0,1,1,0,47,2080,2.5,220,133000
20,4,70.0,8749,1,1,3,3,0,4,0,5,2,2,0,2,7,5,2002,2002,1,1,13,14,1,100.0,2,4,2,2,4,4,6,0,6,0,1459,1459,1,0,1,5,1459,0,0,1459,0,0,2,0,3,1,2,6,7,1,2,1,2002.0,2,2,527,5,5,2,192,39,0,0,0,0,3,4,1,0,9,2007,9,4,0,0,1,1,1,5,2918,2.0,231,192000
20,4,80.0,8800,1,1,3,3,0,4,0,12,2,2,0,2,6,6,1964,1964,3,1,6,6,1,425.0,3,4,1,4,4,4,1,553,6,0,698,1251,1,4,1,5,1251,0,0,1251,1,0,1,0,3,1,4,6,7,2,2,1,1964.0,2,1,461,5,5,2,0,116,0,0,0,0,3,2,3,700,3,2006,9,4,0,0,1,1,1,42,2502,2.0,116,160000
60,4,68.0,13031,1,1,1,3,0,0,0,8,2,2,0,5,6,5,1995,1996,1,1,6,6,2,0.0,3,4,2,2,4,4,0,592,6,0,99,691,1,2,1,5,691,807,0,1498,0,0,2,1,3,1,4,6,7,1,5,1,1995.0,0,2,409,5,5,2,315,44,0,0,0,0,3,4,1,0,7,2006,9,4,0,1,1,1,1,11,2189,2.5,359,187500
85,4,73.0,9069,1,1,3,3,0,4,0,20,2,2,0,6,6,6,1992,1992,1,1,6,6,2,0.0,3,4,2,2,4,0,2,747,6,0,189,936,1,0,1,5,996,0,0,996,1,0,1,0,2,1,2,5,7,0,3,1,1992.0,3,2,564,5,5,2,120,0,0,0,0,0,3,4,1,0,4,2010,9,4,0,0,1,1,0,18,1932,2.0,120,147000
160,5,68.0,1974,1,1,3,3,0,4,0,10,2,2,4,5,4,5,1973,1973,1,1,5,5,2,0.0,3,4,1,4,4,4,1,334,6,0,212,546,1,4,1,5,546,546,0,1092,0,0,1,1,3,1,4,6,7,0,3,1,1973.0,2,1,286,5,5,2,120,96,0,0,0,0,3,4,1,0,5,2010,9,4,0,1,1,1,0,37,1638,1.5,216,83500
60,1,85.0,10574,1,1,3,3,0,4,0,21,2,2,0,5,8,5,2005,2006,1,1,13,14,2,0.0,2,4,2,2,4,2,6,0,6,0,1082,1082,1,0,1,5,1082,871,0,1953,0,0,2,1,3,1,2,9,7,1,2,1,2005.0,2,3,1043,5,5,2,160,50,0,0,0,0,3,4,1,0,5,2009,9,4,0,1,1,1,1,4,3035,2.5,210,252000
160,5,24.0,2522,1,1,3,3,0,4,0,7,2,2,3,5,7,5,2004,2004,1,1,13,14,3,50.0,2,4,2,2,4,4,6,0,6,0,970,970,1,0,1,5,970,739,0,1709,0,0,2,0,3,1,2,7,0,0,3,5,2004.0,3,2,380,5,5,2,0,40,0,0,0,0,3,4,1,0,4,2006,9,4,0,1,1,1,0,2,2679,2.0,40,137500
120,1,37.0,3316,1,2,0,3,0,4,0,21,2,2,4,2,8,5,2005,2005,1,1,8,8,2,0.0,2,4,2,2,4,4,2,1039,6,0,208,1247,1,0,1,5,1247,0,0,1247,1,0,1,1,1,1,2,4,7,1,2,1,2005.0,0,2,550,5,5,2,0,84,0,0,0,0,3,4,1,0,4,2006,9,4,0,0,1,1,1,1,2494,2.5,84,197000
90,4,60.0,8544,1,1,3,3,0,0,0,12,2,2,2,2,3,4,1950,1950,1,1,3,3,2,0.0,3,4,3,3,2,3,4,0,4,0,0,0,5,1,0,0,1040,0,0,1040,0,0,2,0,2,2,4,6,7,0,3,5,1987.0,3,2,400,5,5,2,0,0,0,0,0,0,3,4,1,0,6,2009,9,4,0,0,1,0,0,59,1040,2.0,0,92900
160,1,24.0,2160,1,2,3,3,0,4,0,21,2,2,3,5,7,5,1999,2000,1,1,8,8,1,212.0,2,4,2,2,4,4,1,510,6,0,90,600,1,0,1,5,624,628,0,1252,1,0,2,1,2,1,2,4,7,0,3,5,1999.0,3,2,462,5,5,2,0,48,0,0,0,0,3,4,1,0,3,2008,9,4,0,1,1,1,0,9,1852,3.5,48,160000
50,4,60.0,8400,1,1,3,0,0,4,0,18,2,2,0,0,6,5,1925,1950,1,1,8,8,2,0.0,3,4,2,4,4,4,5,423,6,0,758,1181,1,1,1,5,1390,304,0,1694,0,0,2,0,4,1,4,7,7,1,2,5,1925.0,3,2,576,5,5,2,342,0,128,0,0,0,3,4,1,0,6,2008,9,4,0,1,1,1,1,83,2875,2.0,470,136500
20,4,71.0,9230,1,1,3,3,0,0,0,12,1,2,0,2,5,8,1965,1998,3,1,8,8,1,166.0,3,4,1,4,4,2,2,661,6,0,203,864,1,2,1,5,1200,0,0,1200,1,0,1,1,1,1,2,6,7,0,3,5,1977.0,3,2,884,5,5,2,0,64,0,0,0,0,3,2,1,0,10,2006,9,4,0,0,1,1,0,41,2064,2.5,64,146000
20,4,74.0,5868,1,1,3,3,0,4,0,12,2,2,0,2,5,7,1956,2000,1,1,8,8,2,0.0,3,4,1,4,4,4,1,248,5,240,448,936,1,0,1,5,936,0,0,936,1,0,1,0,2,1,4,4,7,0,3,1,1956.0,0,1,308,5,5,2,0,0,80,0,160,0,3,4,1,0,5,2010,9,4,0,0,1,1,0,54,1872,2.0,240,129000
20,4,78.0,9317,1,1,0,3,0,4,0,5,2,2,0,2,6,5,2006,2006,1,1,13,14,2,0.0,2,4,2,2,4,4,2,24,6,0,1290,1314,1,2,1,5,1314,0,0,1314,0,0,2,0,3,1,2,6,7,1,2,1,2006.0,2,2,440,5,5,2,0,22,0,0,0,0,3,4,1,0,3,2007,9,4,0,0,1,1,1,1,2628,2.0,22,176432
70,5,60.0,6882,1,1,3,3,0,4,0,9,2,2,0,5,6,7,1914,2006,1,1,14,15,2,0.0,3,4,2,4,4,4,6,0,6,0,684,684,1,4,1,5,773,582,0,1355,0,0,1,1,3,1,2,7,7,0,3,6,1978.0,1,0,0,3,3,2,136,0,115,0,0,0,3,4,1,0,3,2007,9,4,0,1,0,1,0,93,2039,1.5,251,127000
120,4,68.0,3696,1,1,3,3,0,4,0,22,2,2,4,2,8,5,1986,1986,1,1,6,6,2,0.0,2,4,1,2,4,4,6,0,6,0,1074,1074,1,0,1,5,1088,0,0,1088,0,0,1,1,2,1,2,5,7,0,3,1,1987.0,2,2,461,5,5,2,0,74,137,0,0,0,3,4,1,0,10,2007,9,4,0,0,1,1,0,21,2162,1.5,211,170000
50,5,50.0,6000,1,1,3,3,0,4,0,3,2,2,0,0,4,6,1936,1950,1,1,8,8,2,0.0,3,4,0,4,4,4,1,672,6,0,0,672,1,4,1,5,757,567,0,1324,0,0,1,0,3,1,4,6,7,0,3,5,1936.0,3,1,240,5,5,2,0,0,0,0,0,0,3,4,1,0,7,2009,9,4,0,1,1,1,0,73,1996,1.0,0,128000
20,4,82.0,11880,1,1,0,3,0,4,0,14,6,2,0,2,7,5,1978,1978,1,1,10,11,1,206.0,3,4,1,2,4,4,0,704,6,0,567,1271,1,4,1,5,1601,0,0,1601,0,0,2,0,3,1,4,7,7,1,5,1,1978.0,2,2,478,5,5,2,0,0,0,0,0,0,3,4,1,0,4,2009,0,0,0,0,1,1,1,31,2872,2.0,0,157000
30,4,60.0,8400,1,1,3,0,0,4,0,18,2,2,0,2,2,5,1920,1950,1,1,14,15,2,0.0,3,4,1,4,0,4,5,290,6,0,0,290,1,4,0,1,438,0,0,438,0,0,1,0,1,1,1,3,7,0,3,5,1930.0,3,1,246,5,5,0,0,0,0,0,0,0,3,4,1,0,1,2009,9,4,0,0,1,1,0,89,728,1.0,0,60000
20,4,61.0,9758,1,1,0,3,0,4,0,12,2,2,0,2,5,5,1971,1971,1,1,6,8,2,0.0,3,4,1,4,4,4,1,412,3,287,251,950,1,4,1,5,950,0,0,950,0,0,1,0,3,1,4,5,7,0,3,5,1981.0,3,1,280,5,5,2,0,0,0,0,0,0,3,4,1,0,7,2007,9,4,0,0,1,1,0,36,1900,1.0,0,119500
20,4,70.0,7000,1,1,3,3,0,4,0,12,2,2,0,2,5,7,1960,2002,1,1,14,15,1,45.0,3,4,1,4,4,4,5,588,6,0,422,1010,1,0,1,5,1134,0,0,1134,0,0,1,0,2,1,4,6,7,0,3,1,1960.0,2,1,254,5,5,2,0,16,0,0,0,0,3,3,1,0,4,2007,9,3,0,0,1,1,0,47,2144,1.0,16,135000
20,4,79.0,8910,1,1,3,3,0,0,0,12,2,2,0,2,6,6,1959,1959,3,1,3,3,2,0.0,3,4,1,4,4,2,0,655,6,0,0,655,1,0,1,5,1194,0,0,1194,0,1,1,0,3,1,4,6,7,1,1,3,1954.0,0,2,539,5,5,2,0,0,192,0,0,0,3,4,1,0,7,2006,9,4,0,0,1,1,1,47,1849,1.5,192,159500
160,5,24.0,2016,1,1,3,3,0,4,0,2,2,2,4,5,5,5,1970,1970,1,1,6,6,1,304.0,3,4,1,4,4,4,6,0,6,0,630,630,1,4,1,5,630,672,0,1302,0,0,2,1,3,1,4,6,7,0,3,5,1970.0,3,2,440,5,5,2,0,0,0,0,0,0,3,4,1,0,4,2007,9,4,0,1,1,1,0,37,1932,2.5,0,106000
60,4,98.0,12256,1,1,0,3,0,0,0,15,2,2,0,5,8,5,1994,1995,1,1,6,6,1,362.0,2,4,2,0,4,0,2,1032,6,0,431,1463,1,0,1,5,1500,1122,0,2622,1,0,2,1,3,1,2,9,7,2,5,1,1994.0,2,2,712,5,5,2,186,32,0,0,0,0,3,4,1,0,4,2010,9,4,0,1,1,1,1,16,4085,3.5,218,325000
20,4,114.0,10357,1,1,0,3,0,0,0,20,1,2,0,2,7,5,1990,1991,3,1,6,6,2,0.0,2,4,2,2,4,2,2,738,6,0,172,910,1,2,1,5,1442,0,0,1442,1,0,2,0,3,1,2,6,7,1,5,1,1990.0,0,2,719,5,5,2,0,244,0,0,0,0,3,4,1,0,5,2007,9,4,0,0,1,1,1,17,2352,3.0,244,179900
60,4,168.0,23257,1,1,2,1,0,1,0,8,2,2,0,5,7,5,2006,2006,1,1,13,14,2,0.0,2,4,2,0,1,4,6,0,6,0,868,868,1,0,1,5,887,1134,0,2021,0,0,2,1,3,1,2,9,7,1,2,3,2006.0,2,2,422,5,5,2,0,100,0,0,0,0,3,4,1,0,9,2006,7,5,0,1,1,1,1,0,2889,2.5,100,274725
60,4,68.0,8063,1,1,3,3,0,4,0,8,2,2,0,5,6,5,2000,2000,1,1,13,14,2,0.0,3,4,2,2,4,4,6,0,6,0,924,924,1,0,1,5,948,742,0,1690,0,0,2,1,3,1,4,7,7,1,5,1,2000.0,2,2,463,5,5,2,100,48,0,0,0,0,3,4,1,0,11,2007,9,0,0,1,1,1,1,7,2614,2.5,148,181000
20,4,107.0,11362,1,1,0,3,0,4,0,16,2,2,0,2,8,5,2004,2005,1,1,8,8,3,42.0,2,4,2,0,4,2,2,1039,6,0,797,1836,1,0,1,5,1836,0,0,1836,1,0,2,0,3,1,2,7,7,1,2,1,2004.0,0,3,862,5,5,2,125,185,0,0,0,0,3,4,1,0,3,2009,9,4,0,0,1,1,1,5,3672,3.0,310,280000
60,4,68.0,8000,1,1,3,3,0,4,0,8,2,2,0,5,6,5,1995,1996,1,1,6,6,2,0.0,3,4,2,2,4,4,2,219,6,0,554,773,1,2,1,5,773,885,0,1658,1,0,2,1,3,1,4,8,7,1,5,1,1995.0,0,2,431,5,5,2,224,84,0,0,0,0,3,4,1,0,6,2008,9,4,0,1,1,1,1,13,2431,3.5,308,188000
60,4,80.0,10480,1,1,3,3,0,4,0,14,2,2,0,5,7,6,1976,1976,3,1,10,11,1,660.0,3,4,1,4,4,4,0,403,6,0,400,803,1,4,1,5,1098,866,0,1964,0,0,2,1,4,1,4,8,7,1,2,1,1976.0,2,2,483,5,5,2,0,69,0,0,0,0,3,4,1,0,9,2008,9,4,0,1,1,1,1,32,2767,2.5,69,205000
20,4,73.0,7100,1,1,0,3,0,0,0,12,2,2,0,2,5,7,1957,1957,1,1,15,16,2,0.0,3,4,1,4,4,4,2,708,6,0,108,816,1,4,1,0,816,0,0,816,1,0,1,0,2,1,4,5,7,0,3,5,1957.0,3,1,308,5,5,2,0,0,0,0,0,0,3,4,1,0,7,2006,9,4,0,0,1,1,0,49,1632,2.0,0,129900
20,4,66.0,8923,1,1,3,3,0,4,0,12,2,2,0,2,5,7,1953,2006,1,1,14,15,2,0.0,3,4,1,4,4,4,1,643,6,0,365,1008,1,2,1,5,1008,0,0,1008,1,0,1,0,2,1,2,6,7,0,3,1,1953.0,3,1,240,5,5,2,0,18,0,0,0,0,3,4,1,0,5,2007,9,4,0,0,1,1,0,54,2016,2.0,18,134500
20,4,90.0,5400,1,1,3,3,0,4,0,17,2,2,0,2,5,7,1954,2000,1,1,8,8,2,0.0,3,2,1,4,4,4,5,415,6,0,418,833,1,0,1,5,833,0,0,833,0,0,1,0,2,1,2,4,7,0,3,5,1955.0,3,1,326,5,5,2,0,0,0,0,0,0,3,2,1,0,8,2006,9,4,0,0,1,1,0,52,1666,1.0,0,117000
20,4,93.0,12085,1,1,3,3,0,4,0,16,2,2,0,2,8,5,2007,2007,3,1,13,14,3,328.0,2,4,2,0,4,4,2,1004,6,0,730,1734,1,0,1,5,1734,0,0,1734,1,0,2,0,3,1,0,7,7,1,2,1,2007.0,2,3,928,5,5,2,0,0,0,0,0,0,3,4,1,0,11,2007,7,5,0,0,1,1,1,0,3468,3.0,0,318000
80,4,68.0,7750,1,1,3,3,0,4,0,8,2,2,0,7,8,5,2002,2002,3,1,13,14,2,0.0,2,4,2,2,4,4,2,353,6,0,55,408,1,0,1,5,779,640,0,1419,1,0,2,1,3,1,2,7,7,1,5,3,2002.0,0,2,527,5,5,2,120,0,0,0,0,0,3,4,1,0,3,2009,9,4,0,1,1,1,1,7,1827,3.5,120,184100
20,4,57.0,9764,1,1,0,3,0,2,0,19,1,2,0,2,5,7,1967,2003,1,1,13,14,2,0.0,3,4,1,4,4,4,1,702,6,0,192,894,1,0,1,5,894,0,0,894,1,0,1,0,3,1,2,5,7,0,3,1,1967.0,2,2,450,5,5,2,0,0,0,0,0,0,3,4,1,0,5,2008,9,4,0,0,1,1,0,41,1788,2.0,0,130000
80,4,85.0,13825,1,1,3,3,0,4,0,19,2,2,0,7,5,6,1958,1987,1,1,8,8,2,0.0,3,2,1,4,4,4,6,0,6,0,533,533,1,4,1,5,1021,580,0,1601,0,1,1,0,3,1,4,6,3,0,3,3,1958.0,2,1,300,5,5,2,280,34,0,0,0,0,3,4,1,0,12,2008,9,4,0,1,1,1,0,50,2134,1.5,314,140000
20,4,70.0,7560,1,1,3,3,0,4,0,12,2,2,0,2,5,5,1959,1959,1,1,3,15,2,0.0,3,4,1,4,4,4,3,369,6,0,671,1040,1,4,1,0,1040,0,0,1040,0,0,1,0,3,1,4,6,7,0,3,1,1959.0,2,1,286,5,5,2,140,0,252,0,0,0,3,1,1,0,7,2006,9,4,0,0,1,1,0,47,2080,1.0,392,133700
30,5,59.0,8263,1,1,3,0,0,4,1,9,2,2,0,2,6,5,1920,1950,1,1,3,3,2,0.0,3,4,0,4,4,4,6,0,6,0,1012,1012,1,4,1,0,1012,0,0,1012,0,0,1,0,2,1,4,6,7,1,2,5,1920.0,3,1,308,5,5,2,0,22,112,0,0,0,3,2,1,0,5,2007,9,4,0,0,1,1,1,87,2024,1.0,134,118400
20,4,84.0,10084,1,1,3,3,0,4,0,5,2,2,0,2,7,5,2005,2006,1,1,13,14,1,196.0,2,4,2,2,4,0,2,24,6,0,1528,1552,1,0,1,5,1552,0,0,1552,0,0,2,0,3,1,2,7,7,0,3,1,2005.0,2,3,782,5,5,2,144,20,0,0,0,0,3,4,1,0,7,2006,7,5,0,0,1,1,0,1,3104,2.0,164,212900
20,4,68.0,8926,1,1,0,3,0,0,0,7,2,2,0,2,4,3,1956,1956,1,1,0,0,2,0.0,3,4,1,4,4,4,6,0,6,0,672,672,1,0,1,0,960,0,0,960,0,0,1,0,3,1,4,5,7,0,3,2,1956.0,3,1,288,5,5,2,64,0,0,0,160,0,3,2,1,0,10,2009,0,0,0,0,1,1,0,53,1632,1.0,224,112000
20,4,50.0,9405,1,1,3,3,0,4,0,7,2,2,0,2,5,9,1947,2008,3,1,13,14,2,0.0,3,0,1,4,4,4,6,0,6,0,698,698,1,0,1,5,698,0,0,698,0,1,1,0,2,1,4,4,7,0,3,6,1978.0,1,0,0,3,3,2,0,200,0,0,0,0,3,4,1,0,6,2009,9,4,0,0,0,1,0,62,1396,1.5,200,118000
80,4,68.0,9125,1,1,0,3,0,4,0,8,2,2,0,7,7,5,1992,1992,1,1,6,6,1,170.0,3,4,2,2,4,4,6,0,6,0,384,384,1,2,1,5,812,670,0,1482,0,0,2,1,3,1,2,7,7,1,5,1,1992.0,0,2,392,5,5,2,100,25,0,0,0,0,3,4,1,0,7,2007,9,4,0,1,1,1,1,15,1866,2.5,125,163900
20,4,60.0,10434,1,1,3,3,0,4,0,12,2,2,0,2,4,5,1955,1955,1,1,10,11,2,0.0,3,4,1,4,4,4,6,0,6,0,1005,1005,1,4,1,5,1005,0,0,1005,0,0,1,0,2,1,1,5,7,1,5,5,1977.0,3,2,672,1,1,2,0,0,0,0,0,0,3,4,1,0,11,2009,9,4,0,0,1,1,1,54,2010,1.0,0,115000
120,4,53.0,3684,1,1,3,3,0,4,0,0,2,2,4,2,7,5,2007,2007,3,1,13,14,1,130.0,2,4,2,2,4,4,6,0,6,0,1373,1373,1,0,1,5,1555,0,0,1555,0,0,2,0,2,1,2,7,7,1,5,1,2007.0,0,3,660,5,5,2,143,20,0,0,0,0,3,4,1,0,6,2009,9,4,0,0,1,1,1,2,2928,2.0,163,174000
20,4,182.0,14572,1,1,2,3,0,0,0,8,2,2,0,2,7,5,2004,2004,3,1,13,14,2,0.0,2,4,2,2,4,0,2,1300,6,0,230,1530,1,0,1,5,1530,0,0,1530,1,0,2,0,3,1,2,7,7,1,2,1,2004.0,0,3,630,5,5,2,144,36,0,0,0,0,3,4,1,0,11,2007,9,3,0,0,1,1,1,3,3060,3.0,180,259000
60,4,59.0,11796,1,1,0,3,0,4,0,8,2,2,0,5,7,5,2004,2005,1,1,13,14,2,0.0,2,4,2,2,4,0,6,0,6,0,847,847,1,0,1,5,847,1112,0,1959,0,0,2,1,4,1,2,8,7,1,2,3,2004.0,0,2,434,5,5,2,100,48,0,0,0,0,3,4,1,0,7,2007,9,4,0,1,1,1,1,3,2806,2.5,148,215000
90,5,60.0,7200,1,0,3,3,0,4,0,17,2,2,2,6,5,5,1980,1980,1,1,8,8,1,180.0,3,4,1,2,4,1,2,936,6,0,0,936,1,4,1,5,936,0,0,936,1,0,1,0,2,1,4,4,7,0,3,5,1980.0,3,2,672,5,5,2,49,0,0,0,0,0,3,4,1,0,8,2007,9,4,0,0,1,1,0,27,1872,2.0,49,140000
50,4,65.0,7804,1,1,3,3,0,4,0,18,2,2,0,0,4,3,1928,1950,1,1,15,11,2,0.0,3,4,0,4,4,4,1,622,6,0,500,1122,1,4,1,5,1328,653,0,1981,1,0,2,0,4,1,2,7,3,2,5,5,1981.0,3,2,576,5,5,2,431,44,0,0,0,0,3,2,1,0,12,2009,9,4,0,1,1,1,1,81,3103,3.0,475,135000
20,4,63.0,10712,1,1,3,3,0,4,0,11,2,2,0,2,5,5,1991,1992,1,1,6,6,2,0.0,3,4,2,2,4,2,1,212,6,0,762,974,1,4,1,5,974,0,0,974,0,0,1,0,3,1,4,5,7,0,3,6,1978.0,1,0,0,3,3,2,0,28,0,0,0,0,3,2,1,0,9,2007,8,0,0,0,0,1,0,16,1948,1.0,28,93500
70,5,90.0,9900,1,1,3,3,0,4,0,17,2,2,0,5,6,4,1880,1950,1,1,14,15,2,0.0,3,4,0,4,4,2,6,0,6,0,1008,1008,2,4,1,5,1178,1032,0,2210,0,0,2,0,5,1,1,8,7,0,3,5,1930.0,3,1,205,1,5,0,0,48,0,0,0,0,3,4,1,0,5,2007,9,4,0,1,1,1,0,127,3218,2.0,48,117500
60,4,80.0,9828,1,1,0,3,0,4,0,20,2,2,0,5,8,5,1995,1995,1,1,13,14,2,0.0,2,4,2,2,4,4,2,584,6,0,544,1128,1,0,1,5,1142,878,0,2020,0,0,2,1,3,1,2,8,7,1,5,1,1995.0,2,2,466,5,5,2,0,155,0,0,0,0,3,4,1,0,6,2009,9,4,0,1,1,1,1,14,3148,2.5,155,239500
60,4,57.0,8773,1,1,0,1,0,4,0,8,2,2,0,5,6,5,1997,1997,1,1,13,14,2,0.0,3,4,2,2,4,0,6,0,6,0,916,916,1,2,1,5,916,684,0,1600,0,0,2,1,3,1,4,7,7,1,5,1,1997.0,0,2,460,5,5,2,100,38,0,0,0,0,3,4,1,0,8,2007,9,4,0,1,1,1,1,10,2516,2.5,138,169000
30,5,60.0,6180,1,1,3,3,0,0,0,3,2,2,0,2,6,5,1926,1950,1,1,14,15,2,0.0,3,4,0,4,4,4,6,0,6,0,960,960,1,4,0,5,986,0,0,986,0,0,1,0,2,1,4,5,7,1,2,5,1926.0,3,1,180,5,5,2,0,128,0,0,0,0,3,4,1,0,5,2007,9,4,0,0,1,1,1,81,1946,1.0,128,102000
50,4,80.0,9600,1,1,3,3,0,4,0,12,2,2,0,0,6,5,1950,1950,1,1,13,14,2,0.0,3,4,1,4,4,4,1,280,6,0,752,1032,1,4,1,0,1032,220,0,1252,0,0,1,0,3,1,4,6,7,0,3,1,1950.0,3,1,288,5,5,2,0,0,96,0,0,0,3,4,1,0,4,2008,9,0,0,1,1,1,0,58,2284,1.0,96,119000
50,4,54.0,6342,1,1,3,3,0,4,0,19,1,2,0,0,5,8,1875,1996,1,1,13,14,2,0.0,3,2,1,4,4,4,6,0,6,0,780,780,1,2,0,5,780,240,0,1020,0,0,1,0,2,1,4,6,7,0,3,6,1978.0,1,0,0,3,3,0,0,0,176,0,0,0,3,4,1,0,5,2010,9,4,0,1,0,1,0,135,1800,1.0,176,94000
20,4,68.0,9819,1,1,0,3,0,4,1,11,2,2,0,2,6,5,1977,1977,1,1,10,7,2,0.0,3,4,2,4,4,1,0,1567,6,0,0,1567,1,4,1,5,1567,0,0,1567,1,0,2,0,2,1,2,5,7,2,5,1,1977.0,2,2,714,5,5,2,264,32,0,0,0,0,3,4,1,0,5,2009,9,4,0,0,1,1,1,32,3134,3.0,296,196000
30,4,98.0,8731,1,1,0,3,0,4,0,3,2,2,0,2,5,5,1920,1950,1,1,12,13,2,0.0,3,1,0,4,4,4,1,645,6,0,270,915,1,4,1,5,1167,0,0,1167,0,0,1,0,3,1,4,6,0,1,2,5,1972.0,3,2,495,5,5,2,0,0,216,0,126,0,3,4,1,0,5,2007,9,4,0,0,1,1,1,87,2082,1.0,342,144000
20,4,60.0,7350,1,1,3,3,0,0,0,12,2,2,0,2,5,7,1951,1951,1,1,6,6,2,0.0,3,4,1,4,4,2,0,852,6,0,100,952,1,4,1,5,952,0,0,952,1,0,1,0,2,1,4,4,7,0,3,5,1988.0,3,2,840,5,5,2,0,0,0,0,0,0,3,4,1,0,6,2008,0,0,0,0,1,1,0,57,1904,2.0,0,139000
60,4,68.0,10304,1,1,0,3,0,1,0,14,4,2,0,5,5,7,1976,1976,1,1,10,11,1,44.0,3,2,1,4,4,4,0,381,6,0,399,780,1,0,1,5,1088,780,0,1868,1,0,2,1,4,1,2,9,7,1,5,1,1976.0,3,2,484,5,5,2,448,96,0,0,0,0,3,4,1,0,10,2009,9,4,0,1,1,1,1,33,2648,3.5,544,197500
20,4,68.0,9000,1,1,3,3,0,4,0,19,2,2,0,2,5,3,1959,1959,1,1,14,11,2,0.0,3,4,1,4,4,4,2,288,6,0,718,1006,1,4,1,5,1006,0,0,1006,0,0,1,0,3,1,4,5,7,0,3,6,1978.0,1,0,0,3,3,2,0,24,0,0,0,0,3,4,1,0,7,2008,9,4,0,0,0,1,0,49,2012,1.0,24,80000
190,4,60.0,12180,1,1,3,3,0,4,0,7,2,2,1,0,4,4,1941,1950,1,1,8,8,2,0.0,3,1,0,2,4,4,1,348,6,0,324,672,3,1,0,0,672,252,0,924,1,0,1,0,2,1,1,5,7,0,3,5,1941.0,3,1,280,5,5,2,0,0,0,0,0,0,3,2,1,0,7,2010,9,4,0,1,1,1,0,69,1596,2.0,0,80000
50,5,52.0,6240,1,1,3,3,0,4,0,3,2,2,0,0,5,6,1928,1950,1,1,8,8,2,0.0,3,4,0,4,4,4,6,0,6,0,1042,1042,1,0,1,5,1042,534,0,1576,0,0,1,0,3,1,4,8,7,1,2,5,1928.0,3,1,225,5,5,2,0,0,0,0,0,0,3,4,1,0,8,2006,9,3,0,1,1,1,1,78,2618,1.0,0,149000
20,4,68.0,11200,1,1,3,3,0,4,0,20,2,2,0,2,6,5,1985,1985,1,1,14,16,1,85.0,2,4,1,2,4,4,2,1258,6,0,40,1298,1,4,1,5,1298,0,0,1298,1,0,2,0,3,1,2,5,7,1,5,1,1985.0,3,2,403,5,5,2,165,26,0,0,0,0,3,4,1,0,5,2006,9,4,0,0,1,1,1,21,2596,3.0,191,180000
70,4,75.0,12000,1,1,3,0,0,4,0,6,2,2,0,5,7,7,1941,1950,1,1,8,8,2,0.0,3,4,1,4,4,4,5,275,6,0,429,704,1,0,1,5,860,704,0,1564,0,0,1,1,3,1,1,7,7,1,2,1,1941.0,3,1,234,5,5,2,0,0,0,0,0,0,3,4,1,0,7,2009,9,4,0,1,1,1,1,68,2268,1.5,0,174500
50,5,68.0,5700,1,1,3,3,0,4,0,17,2,2,0,0,7,7,1926,1950,1,1,14,15,2,0.0,3,4,2,4,4,4,6,0,6,0,572,572,1,4,1,5,572,539,0,1111,0,0,1,0,2,1,4,5,7,1,2,5,1982.0,3,1,288,5,5,2,0,0,176,0,0,0,3,4,1,0,8,2008,9,4,0,1,1,1,1,82,1683,1.0,176,116900
70,5,50.0,9000,1,1,3,3,0,4,0,17,0,2,0,5,7,9,1920,1988,3,1,13,14,2,0.0,3,2,2,4,4,4,0,624,6,0,26,650,1,0,1,5,832,650,0,1482,0,1,1,0,3,1,4,7,7,0,3,5,1930.0,3,2,324,5,5,2,0,0,0,0,0,0,3,4,1,0,7,2009,9,4,0,1,1,1,0,89,2132,1.5,0,143000
20,4,57.0,8280,1,1,0,3,0,4,0,12,2,2,0,2,6,5,1950,1950,1,1,3,3,2,0.0,3,4,1,4,4,4,6,0,6,0,932,932,1,0,1,0,932,0,0,932,0,0,1,0,2,1,2,4,7,1,2,1,1950.0,3,1,306,5,5,2,0,0,214,0,0,0,3,0,1,0,11,2007,9,4,0,0,1,1,1,57,1864,1.0,214,124000
20,4,134.0,17755,1,1,3,3,0,4,0,7,2,2,0,2,5,4,1959,1959,1,1,6,11,1,132.0,3,4,1,4,4,4,1,176,6,0,1290,1466,1,4,1,5,1466,0,0,1466,0,0,1,1,3,1,1,6,7,2,2,1,1959.0,0,2,528,5,5,2,0,140,0,0,100,0,3,4,1,0,11,2006,9,4,0,0,1,1,1,47,2932,1.5,240,149900
20,4,90.0,14115,1,1,0,3,0,4,0,6,2,2,0,2,6,7,1956,2004,1,1,11,12,2,0.0,3,4,2,4,4,4,0,296,2,547,230,1073,1,0,1,5,1811,0,0,1811,0,0,1,0,2,1,0,6,7,1,2,1,1956.0,0,2,470,5,5,2,0,0,280,0,0,0,3,4,1,0,7,2006,9,0,0,0,1,1,1,50,2884,1.0,280,230000
30,5,68.0,5890,1,1,3,3,0,0,0,9,2,2,0,2,6,8,1930,2007,1,1,14,15,2,0.0,2,2,0,4,4,0,0,538,6,0,278,816,1,0,1,5,816,0,0,816,0,0,1,0,2,1,4,5,7,0,3,5,2002.0,3,1,432,5,5,2,0,0,96,0,0,0,3,4,1,0,6,2008,9,4,0,0,1,1,0,78,1632,1.0,96,120500
60,4,68.0,13700,1,1,0,3,0,4,0,12,2,2,0,5,7,6,1965,1988,1,1,13,14,3,288.0,3,4,1,4,4,1,0,454,6,0,410,864,1,4,1,5,902,918,0,1820,0,0,1,2,4,1,2,8,7,2,2,1,1965.0,3,2,492,5,5,2,60,84,0,0,273,0,3,0,1,0,5,2008,9,4,0,1,1,1,1,43,2684,2.0,417,201800
20,4,90.0,10768,1,1,0,3,0,0,0,24,2,2,0,2,5,8,1976,2004,1,1,10,11,2,0.0,2,2,1,2,4,1,0,1157,6,0,280,1437,1,4,1,5,1437,0,0,1437,1,0,2,0,3,1,2,6,7,1,1,1,1976.0,2,2,528,5,5,2,0,21,0,0,180,0,3,4,1,0,7,2007,9,4,0,0,1,1,1,31,2874,3.0,201,218000
80,4,85.0,9350,1,1,3,3,0,4,0,12,2,2,0,7,5,8,1965,1999,1,1,3,3,2,0.0,3,2,2,4,4,1,0,633,6,0,586,1219,1,2,1,5,1265,0,0,1265,0,1,2,0,3,1,2,6,7,1,2,1,1965.0,2,2,502,5,5,2,0,92,0,96,0,0,3,2,1,0,10,2008,9,4,0,0,1,1,1,43,2484,2.5,188,179900
120,4,34.0,5001,1,1,0,3,0,4,0,16,2,2,3,2,7,5,2007,2008,1,1,13,14,3,166.0,2,4,2,2,4,4,2,904,6,0,410,1314,1,0,1,5,1314,0,0,1314,1,0,2,0,2,1,2,6,7,1,2,1,2008.0,2,2,626,5,5,2,172,62,0,0,0,0,3,4,1,0,7,2009,9,4,0,0,1,1,1,2,2628,3.0,234,230000
20,4,92.0,11932,1,1,3,3,0,2,0,21,1,2,0,2,8,5,2007,2008,1,1,13,14,3,186.0,2,4,2,2,4,4,6,0,6,0,1580,1580,1,0,1,5,1580,0,0,1580,0,0,2,0,3,1,2,7,7,0,3,1,2008.0,2,3,830,5,5,2,0,24,0,0,0,0,3,4,1,0,6,2008,3,5,0,0,1,1,0,1,3160,2.0,24,235128
60,4,76.0,9120,1,1,3,3,0,4,0,14,2,2,0,5,6,6,1974,1974,3,1,6,6,1,270.0,2,4,1,4,4,4,0,442,6,0,459,901,1,4,1,5,943,933,0,1876,0,0,2,1,4,1,2,8,7,1,5,1,1974.0,2,2,540,2,5,2,0,69,0,0,0,0,3,4,1,0,7,2008,9,4,0,1,1,1,1,34,2777,2.5,69,185000
160,4,24.0,2280,1,1,3,3,0,4,0,13,2,2,3,5,6,5,1978,1978,1,1,10,2,2,0.0,3,4,1,2,4,4,0,311,6,0,544,855,1,1,1,5,855,601,0,1456,0,0,2,1,3,1,4,7,7,1,5,1,1978.0,3,2,440,5,5,2,26,0,0,0,0,0,3,4,1,0,7,2010,9,4,0,1,1,1,1,32,2311,2.5,26,146000
20,4,68.0,14778,1,1,0,2,0,1,0,6,4,2,0,2,6,7,1954,2006,3,1,6,6,1,72.0,2,4,1,4,4,4,1,728,6,0,568,1296,1,0,1,5,1640,0,0,1640,1,0,1,0,3,1,2,7,7,1,2,5,1993.0,3,2,924,5,5,2,108,0,0,216,0,0,3,4,1,0,11,2008,9,4,0,0,1,1,1,54,2936,2.0,324,224000
20,4,109.0,8724,1,1,3,3,0,4,0,19,2,2,0,2,5,5,1968,1968,1,1,13,14,2,0.0,3,4,1,2,4,4,1,492,6,0,402,894,1,2,1,5,894,0,0,894,0,0,1,0,3,1,4,5,7,1,4,1,1968.0,0,2,450,5,5,2,0,0,0,0,0,0,3,4,1,0,5,2007,9,4,0,0,1,1,1,39,1788,1.0,0,129000
90,4,60.0,12900,1,1,3,3,0,4,0,19,1,2,2,6,4,4,1969,1969,1,1,10,11,2,0.0,3,4,1,2,4,0,2,1198,6,0,0,1198,1,4,1,5,1258,0,0,1258,2,0,0,2,0,2,4,6,7,0,3,4,1969.0,3,2,400,1,5,2,120,0,0,0,0,0,3,4,1,0,1,2008,9,2,0,0,1,1,0,39,2456,3.0,120,108959
80,4,68.0,16157,1,1,0,3,0,2,0,24,1,2,0,7,5,7,1978,1978,1,1,10,11,2,0.0,3,4,2,2,4,1,0,680,5,391,289,1360,1,0,1,5,1432,0,0,1432,1,0,1,1,2,1,2,5,7,1,5,1,1978.0,3,2,588,5,5,2,168,180,0,0,0,0,3,4,1,0,6,2007,9,4,0,0,1,1,1,29,2792,2.5,348,194000
20,4,79.0,9541,1,1,0,3,0,4,0,16,2,2,0,2,7,5,2009,2009,1,1,13,14,3,268.0,2,4,2,2,4,4,6,0,6,0,1502,1502,1,0,1,5,1502,0,0,1502,0,0,2,0,3,1,2,7,7,0,3,1,2009.0,2,2,644,5,5,2,0,114,0,0,0,0,3,4,1,0,9,2009,7,5,0,0,1,1,0,0,3004,2.0,114,233170
20,4,64.0,10475,1,1,0,3,0,0,0,5,2,2,0,2,8,5,2008,2008,1,1,13,14,3,72.0,2,4,2,2,4,0,6,0,6,0,1694,1694,1,0,1,5,1694,0,0,1694,0,0,2,0,3,1,2,7,7,0,3,1,2008.0,2,3,776,5,5,2,160,33,0,0,0,0,3,4,1,0,2,2010,9,4,0,0,1,1,0,2,3388,2.0,193,245350
60,4,58.0,10852,1,1,0,3,0,4,0,8,6,2,0,5,6,5,2000,2000,1,1,13,14,2,0.0,3,4,2,2,4,4,2,786,6,0,173,959,1,0,1,5,959,712,0,1671,1,0,2,1,3,1,4,7,7,1,5,1,2000.0,0,2,472,5,5,2,0,38,0,0,0,0,3,4,1,0,2,2006,9,4,0,1,1,1,1,6,2630,3.5,38,173000
70,4,120.0,13728,1,1,3,3,0,0,0,7,2,2,0,5,6,7,1935,1986,3,1,12,13,2,0.0,3,4,1,4,4,4,5,626,6,0,501,1127,1,0,1,5,1236,872,0,2108,0,0,2,0,4,1,2,7,7,2,5,2,1935.0,3,2,540,5,5,2,0,0,0,0,90,0,3,4,1,0,7,2008,9,4,0,1,1,1,1,73,3235,2.0,90,235000
80,4,76.0,9880,1,1,3,3,0,4,0,11,2,2,0,7,6,6,1977,1977,1,1,10,11,2,0.0,3,4,1,4,4,0,0,522,6,0,574,1096,1,4,1,5,1118,0,0,1118,1,0,1,0,3,1,4,6,7,1,4,1,1977.0,0,1,358,5,5,2,203,0,0,0,0,576,2,0,1,0,7,2008,9,4,1,0,1,1,1,31,2214,2.0,203,171000
20,4,76.0,9120,1,1,3,3,0,4,0,12,2,2,0,2,6,6,1958,1958,3,1,8,8,2,0.0,3,4,1,4,4,4,0,662,6,0,599,1261,1,0,1,5,1261,0,0,1261,1,0,1,0,3,1,4,6,7,1,5,1,1958.0,2,2,433,5,5,2,0,0,0,0,288,0,3,4,3,1400,11,2008,9,4,0,0,1,1,1,50,2522,2.0,288,163000
160,1,35.0,4017,1,2,0,3,0,4,0,21,2,2,4,5,7,5,2006,2007,1,1,8,8,2,0.0,2,4,2,2,4,4,6,0,6,0,625,625,1,0,1,5,625,625,0,1250,0,0,2,1,2,1,2,5,7,0,3,5,2006.0,0,2,625,5,5,2,0,54,0,0,0,0,3,4,1,0,3,2008,9,4,0,1,1,1,0,2,1875,2.5,54,171900
50,4,138.0,18030,1,1,0,0,0,4,0,4,2,2,0,0,5,6,1946,1994,1,1,8,8,2,0.0,3,4,1,4,4,4,5,152,1,469,977,1598,1,4,1,5,1636,971,479,3086,0,0,3,0,3,1,0,12,0,1,2,6,1978.0,1,0,0,3,3,2,122,0,0,0,0,0,3,2,1,0,3,2007,9,4,0,1,0,1,1,61,4205,3.0,122,200500
70,4,80.0,16560,1,1,0,3,0,4,0,6,2,2,0,5,6,8,1932,1950,1,1,14,15,2,0.0,3,4,0,2,4,4,5,503,6,0,449,952,1,4,1,5,1170,1175,0,2345,0,0,2,1,4,1,4,9,7,1,2,5,1932.0,3,2,360,5,5,2,0,0,0,0,0,0,3,4,1,0,7,2006,9,4,0,1,1,1,1,74,3297,2.5,0,239000
50,4,85.0,10678,1,1,3,3,0,4,0,15,2,2,0,0,8,5,1992,2000,3,1,6,6,1,337.0,2,4,2,2,4,4,2,700,6,0,983,1683,1,0,1,5,2129,743,0,2872,0,0,2,1,4,1,2,9,7,1,5,1,1992.0,0,2,541,5,5,2,0,33,0,0,0,0,3,4,1,0,4,2007,9,4,0,1,1,1,1,15,4555,2.5,33,285000
20,4,37.0,6951,1,1,0,3,0,1,0,11,2,2,0,2,5,5,1984,1985,1,1,6,11,2,0.0,3,4,1,4,4,4,0,658,6,0,218,876,1,4,1,5,923,0,0,923,1,0,1,0,3,1,4,5,7,0,3,1,1984.0,3,1,264,5,5,2,362,0,0,0,0,0,3,2,1,0,10,2008,9,4,0,0,1,1,0,24,1799,2.0,362,119500
50,5,68.0,3950,1,0,3,0,0,4,0,17,0,2,0,0,6,8,1926,2004,1,1,8,8,2,0.0,3,4,1,4,4,4,5,468,6,0,350,818,1,4,1,5,818,406,0,1224,0,0,1,0,3,1,4,5,7,0,3,5,1926.0,3,1,210,5,5,0,0,0,116,0,0,0,3,4,1,0,12,2009,9,4,0,1,1,1,0,83,2042,1.0,116,115000
50,4,54.0,7681,1,1,0,3,0,2,0,6,2,2,0,0,5,6,1921,1950,1,1,14,15,2,0.0,3,4,0,4,4,4,6,0,6,0,731,731,1,0,1,5,820,523,0,1343,0,0,1,1,3,1,4,7,7,1,2,5,1921.0,3,1,186,1,5,2,192,0,102,0,0,0,3,4,1,0,7,2009,9,4,0,1,1,1,1,88,2074,1.5,294,154900
20,4,77.0,8335,1,1,3,3,0,0,0,7,2,2,0,2,5,5,1954,1954,1,1,14,15,2,0.0,3,4,3,3,2,3,4,0,4,0,0,0,1,2,1,5,1124,0,0,1124,0,0,1,0,3,1,4,5,3,1,2,6,1978.0,1,0,0,3,3,0,0,36,190,0,0,0,3,4,1,0,4,2006,9,4,0,0,0,0,1,52,1124,1.0,226,93000
60,4,68.0,11170,1,1,1,3,0,0,0,23,2,2,0,5,7,5,1990,1991,1,1,8,8,2,0.0,3,4,5,2,4,4,3,1216,6,0,0,1216,1,0,1,5,1298,1216,0,2514,0,0,2,1,4,1,4,8,7,0,3,1,1990.0,0,2,693,5,5,2,0,0,0,0,0,0,3,0,1,0,4,2006,9,4,0,1,1,1,0,16,3730,2.5,0,250000
30,4,60.0,10800,1,0,3,3,0,4,0,17,2,2,0,2,5,6,1920,1950,3,1,12,13,2,0.0,3,4,0,4,4,4,5,821,6,0,299,1120,1,0,1,5,1130,0,0,1130,1,0,1,0,2,1,4,5,7,1,2,5,1970.0,3,2,720,5,5,2,229,0,0,0,0,0,3,4,1,0,6,2006,9,4,0,0,1,1,1,86,2250,2.0,229,120000
20,4,50.0,35133,0,1,3,3,0,4,1,23,2,2,0,2,5,4,1963,1963,3,1,8,8,1,226.0,3,4,1,4,4,1,5,1159,6,0,413,1572,1,2,1,5,1572,0,0,1572,1,0,1,1,3,1,4,5,7,2,5,0,1963.0,2,3,995,5,5,2,0,263,0,0,263,0,3,4,1,0,5,2007,9,4,0,0,1,1,1,44,3144,2.5,526,186700
50,4,60.0,9738,1,1,3,3,0,4,0,7,2,2,0,0,5,7,1924,1950,1,1,0,0,2,0.0,3,2,0,4,4,4,1,392,6,0,392,784,1,2,1,5,949,272,0,1221,1,0,1,0,4,1,4,7,7,0,3,1,1965.0,3,1,392,5,5,2,0,0,236,0,0,0,3,4,1,0,3,2006,9,4,0,1,1,1,0,82,2005,2.0,236,104900
190,4,107.0,10615,1,1,0,0,0,0,1,17,0,0,1,5,3,5,1900,1970,1,1,6,6,2,0.0,3,4,1,1,4,2,1,440,6,0,538,978,1,4,1,5,1014,685,0,1699,1,0,2,0,3,2,4,7,7,0,3,4,1920.0,3,2,420,1,1,2,0,74,0,0,0,0,3,4,1,0,8,2009,9,0,0,1,1,1,0,109,2677,3.0,74,95000
20,4,89.0,12461,1,1,3,3,0,0,0,15,2,2,0,2,8,5,1994,1995,1,1,7,7,2,0.0,2,4,2,2,4,4,2,1456,6,0,168,1624,1,0,1,5,1624,0,0,1624,1,0,2,0,2,1,2,5,7,1,1,1,1994.0,2,3,757,5,5,2,0,114,192,0,0,0,3,0,1,0,7,2006,9,4,0,0,1,1,1,12,3248,3.0,306,262000
60,4,68.0,8935,1,1,0,3,0,4,0,5,2,2,0,5,7,5,2002,2002,1,1,13,14,1,95.0,2,4,2,2,4,4,6,0,6,0,831,831,1,0,1,5,831,829,0,1660,0,0,2,1,3,1,2,7,7,0,3,1,2002.0,2,2,493,5,5,2,144,68,0,0,0,0,3,4,1,0,7,2009,9,4,0,1,1,1,0,7,2491,2.5,212,195000
60,4,60.0,7500,1,1,3,3,0,4,0,8,2,2,0,5,7,5,1999,1999,1,1,13,14,2,0.0,3,4,2,4,4,4,6,0,6,0,994,994,1,2,1,5,1028,776,0,1804,0,0,2,1,3,1,2,7,7,1,5,1,1999.0,0,2,442,5,5,2,140,60,0,0,0,0,3,4,1,0,6,2010,9,4,0,1,1,1,1,11,2798,2.5,200,189000
190,4,68.0,32463,1,1,3,2,0,4,1,11,2,2,1,2,4,4,1961,1975,1,1,8,8,3,149.0,3,2,1,4,4,0,1,1159,6,0,90,1249,1,0,1,5,1622,0,0,1622,1,0,1,0,3,1,4,7,7,1,5,0,1975.0,0,4,1356,5,5,2,439,0,0,0,0,0,3,4,1,0,3,2007,9,4,0,0,1,1,1,46,2871,2.0,439,168000
160,1,24.0,2645,1,2,3,3,0,4,0,21,2,2,3,5,8,5,1999,2000,1,1,8,8,1,456.0,2,4,2,2,4,4,6,0,6,0,776,776,1,0,1,5,764,677,0,1441,0,0,2,1,2,1,2,5,7,0,3,5,1999.0,3,2,492,5,5,2,206,0,0,0,0,0,3,4,1,0,11,2007,9,4,0,1,1,1,0,8,2217,2.5,206,174000
50,5,60.0,9600,1,0,3,3,0,4,0,17,2,2,0,0,5,8,1925,1994,2,1,13,14,2,0.0,3,4,2,4,4,2,6,0,6,0,702,702,1,2,1,5,842,630,0,1472,0,0,1,0,3,1,2,6,7,0,3,5,1925.0,3,1,250,5,1,1,0,0,84,0,0,0,3,1,1,0,7,2007,9,4,0,1,1,1,0,82,2174,1.0,84,125000
120,5,68.0,4500,1,1,3,3,0,2,0,11,2,2,4,2,6,5,1999,1999,3,1,13,14,1,425.0,3,4,2,0,4,4,2,883,6,0,341,1224,1,0,1,5,1224,0,0,1224,1,0,2,0,2,1,4,5,7,0,3,1,1999.0,0,2,402,5,5,2,0,304,0,0,0,0,3,4,1,0,6,2009,9,4,0,0,1,1,0,10,2448,3.0,304,165000
60,4,80.0,9364,1,1,3,3,0,0,0,19,2,2,0,5,6,7,1969,1969,1,1,6,6,3,143.0,3,4,1,4,4,4,0,371,6,0,292,663,1,4,1,5,663,689,0,1352,0,0,1,1,4,1,4,7,7,0,3,1,1969.0,0,1,299,5,5,2,379,36,0,0,0,0,3,2,1,0,3,2010,9,4,0,1,1,1,0,41,2015,1.5,415,158000
60,4,51.0,8029,1,1,0,3,0,4,0,8,2,2,0,5,6,5,2005,2005,1,1,13,14,2,0.0,3,4,2,2,4,4,6,0,6,0,728,728,1,0,1,5,728,728,0,1456,0,0,2,1,3,1,2,8,7,0,3,1,2005.0,0,2,400,5,5,2,100,24,0,0,0,0,3,4,1,0,7,2008,9,4,0,1,1,1,0,3,2184,2.5,124,176000
60,4,58.0,14054,1,1,0,3,0,4,0,8,2,2,0,5,7,5,2006,2006,1,1,13,14,2,0.0,2,4,2,2,4,0,6,0,6,0,879,879,1,0,1,5,879,984,0,1863,0,0,2,1,4,1,2,9,7,1,2,3,2006.0,0,3,660,5,5,2,100,17,0,0,0,0,3,4,1,0,11,2006,7,5,0,1,1,1,1,0,2742,2.5,117,219210
75,5,65.0,8850,1,1,0,0,0,0,0,17,2,2,0,4,7,6,1916,1950,1,1,8,8,2,0.0,3,4,0,4,4,4,6,0,6,0,815,815,1,0,1,5,815,875,0,1690,0,0,1,0,3,1,4,7,7,1,2,5,1916.0,3,1,225,5,5,2,0,0,330,0,0,0,3,4,1,0,7,2006,5,4,0,1,1,1,1,90,2505,1.0,330,144000
20,4,70.0,9100,1,1,3,3,0,4,0,5,2,2,0,2,7,5,2001,2001,1,1,13,14,2,0.0,2,4,2,2,4,4,6,0,6,0,1212,1212,1,0,1,5,1212,0,0,1212,0,0,2,0,3,1,2,6,7,0,3,1,2001.0,2,2,573,5,5,2,356,0,0,0,0,0,3,4,1,0,6,2009,9,4,0,0,1,1,0,8,2424,2.0,356,178000
20,4,75.0,11235,1,1,3,3,0,4,0,19,2,2,0,2,4,5,1963,1979,1,1,6,6,1,51.0,3,4,1,4,4,4,5,547,6,0,504,1051,1,2,1,5,1382,0,0,1382,0,0,1,1,3,1,4,6,7,1,4,1,1974.0,3,2,459,5,5,2,0,82,0,0,0,0,3,4,1,0,10,2006,9,4,0,0,1,1,1,43,2433,1.5,82,148000
20,4,71.0,9353,1,1,3,3,0,4,0,12,2,2,0,2,4,5,1970,1970,1,1,8,8,2,0.0,3,4,1,4,4,4,6,0,6,0,864,864,1,2,1,5,864,0,0,864,0,0,1,0,3,1,4,5,7,0,3,1,1972.0,3,1,280,5,5,2,0,0,0,0,0,0,3,4,3,0,7,2006,8,0,0,0,1,1,0,36,1728,1.0,0,116050
60,4,80.0,10400,1,1,3,3,0,0,0,5,2,2,0,5,7,5,1998,1998,1,1,13,14,2,0.0,3,4,2,2,4,0,6,0,6,0,866,866,1,0,1,5,866,913,0,1779,0,0,2,1,3,1,2,6,7,0,3,1,1998.0,2,2,546,5,5,2,198,36,0,0,0,0,3,4,1,0,3,2009,9,4,0,1,1,1,0,11,2645,2.5,234,197900
50,5,50.0,6000,1,1,3,3,0,0,0,3,2,2,0,0,5,8,1925,1997,1,1,14,15,2,0.0,3,4,0,4,4,4,6,0,6,0,884,884,1,0,1,5,884,464,0,1348,1,0,1,0,3,1,4,5,7,1,1,5,1960.0,3,1,216,5,5,0,0,0,208,0,0,0,3,4,1,0,5,2009,9,4,0,1,1,1,1,84,2232,2.0,208,117000
20,4,75.0,9750,1,1,3,3,0,4,0,5,2,2,0,2,7,5,2000,2001,1,1,13,14,1,171.0,2,4,2,2,4,4,6,0,6,0,1630,1630,1,0,1,5,1630,0,0,1630,0,0,2,0,3,1,2,6,7,1,5,1,2000.0,3,2,451,5,5,2,74,234,0,0,0,0,3,4,1,0,10,2009,9,4,0,0,1,1,1,9,3260,2.0,308,213000
20,4,78.0,10140,1,1,3,3,0,4,0,14,2,2,0,2,5,6,1975,1975,1,1,6,6,2,0.0,3,4,1,2,4,4,0,788,6,0,268,1056,1,0,1,5,1074,0,0,1074,1,0,1,1,3,1,4,6,7,0,3,1,1975.0,2,2,495,5,5,2,0,88,0,0,0,0,3,2,1,0,7,2006,9,4,0,0,1,1,0,31,2130,2.5,88,153500
20,4,90.0,14684,1,1,0,3,0,1,0,20,2,2,0,2,7,7,1990,1991,3,1,6,6,1,234.0,2,4,1,2,4,2,0,485,1,177,1496,2158,1,2,1,5,2196,0,0,2196,0,0,2,0,3,1,2,7,7,1,5,1,1990.0,2,3,701,5,5,2,84,70,0,0,0,0,3,4,1,0,6,2009,9,4,0,0,1,1,1,19,4354,2.0,154,271900
20,3,68.0,8900,1,1,3,3,0,4,0,20,2,2,0,2,4,4,1966,1966,1,1,6,6,2,0.0,3,4,1,4,4,4,5,1056,6,0,0,1056,1,4,1,5,1056,0,0,1056,1,0,1,0,2,1,4,5,7,0,3,5,1966.0,3,1,384,5,5,2,0,42,0,0,0,0,3,2,1,0,11,2006,9,4,0,0,1,1,0,40,2112,2.0,42,107000
20,4,70.0,9135,1,1,3,3,0,4,0,5,2,2,0,2,6,5,2003,2003,1,1,13,14,1,120.0,2,4,2,2,4,0,2,340,6,0,1342,1682,1,0,1,5,1700,0,0,1700,1,0,2,0,3,1,2,7,7,0,3,1,2003.0,2,2,544,5,5,2,192,23,0,0,0,0,3,4,1,0,5,2006,9,4,0,0,1,1,0,3,3382,3.0,215,200000
20,4,70.0,7763,1,1,3,3,0,4,0,12,2,2,0,2,5,7,1962,1980,1,1,8,8,2,0.0,3,2,1,4,4,4,5,504,1,108,319,931,1,4,1,5,1283,0,0,1283,1,0,1,0,3,1,4,6,7,0,3,5,1980.0,3,2,506,5,5,2,0,0,0,0,0,0,3,4,1,0,10,2008,9,4,0,0,1,1,0,46,2214,2.0,0,140000
20,4,85.0,10182,1,1,0,3,0,1,0,21,8,2,0,2,8,5,2006,2006,3,1,13,14,3,420.0,2,4,2,0,4,2,2,1220,6,0,440,1660,1,0,1,5,1660,0,0,1660,1,0,2,0,3,1,2,8,7,1,2,1,2006.0,2,2,500,5,5,2,322,50,0,0,0,0,3,4,1,0,5,2006,7,5,0,0,1,1,1,0,3320,3.0,372,290000
60,4,70.0,11218,1,1,3,3,0,4,0,20,2,2,0,5,6,5,1992,1992,1,1,14,15,2,0.0,2,4,2,2,4,4,6,0,6,0,1055,1055,1,0,1,5,1055,790,0,1845,0,0,2,1,3,1,2,8,7,1,5,1,1992.0,2,2,462,5,5,2,635,104,0,0,0,0,3,0,3,400,5,2010,9,4,0,1,1,1,1,18,2900,2.5,739,189000
50,4,152.0,12134,1,1,0,0,0,4,1,8,2,2,0,0,8,7,1988,2005,1,1,14,15,2,0.0,2,4,5,2,4,0,2,427,6,0,132,559,1,2,1,5,1080,672,0,1752,0,0,2,0,4,1,4,8,7,0,3,2,1988.0,2,2,492,5,5,2,325,12,0,0,0,0,3,4,1,0,6,2010,9,4,0,1,1,1,0,22,2311,2.0,337,164000
30,4,50.0,9340,1,1,3,3,0,4,0,7,2,2,0,2,4,6,1941,1950,3,1,8,8,2,0.0,3,4,1,4,4,4,5,344,6,0,328,672,1,4,1,5,672,0,0,672,1,0,1,0,2,1,4,4,7,0,3,1,1941.0,3,1,234,5,5,0,0,113,0,0,0,0,3,4,1,0,8,2009,9,4,0,0,1,1,0,68,1344,2.0,113,113000
80,4,68.0,10246,1,1,0,3,0,1,0,19,2,2,0,7,4,9,1965,2001,1,1,13,14,2,0.0,3,2,1,4,1,0,2,648,6,0,0,648,1,0,1,5,960,0,0,960,1,1,0,0,0,1,4,3,7,0,3,1,1965.0,3,1,364,5,5,2,88,0,0,0,0,0,3,4,1,0,5,2006,9,4,0,0,1,1,0,41,1608,1.5,88,145000
85,4,69.0,10205,1,1,0,3,0,4,0,12,2,2,0,6,5,5,1962,1962,1,1,8,8,2,0.0,3,4,1,4,4,0,1,784,6,0,141,925,1,4,1,5,999,0,0,999,1,0,1,0,3,1,4,6,7,0,3,1,1962.0,3,1,300,5,5,2,150,72,0,0,0,0,3,4,1,0,5,2006,9,4,0,0,1,1,0,44,1924,2.0,222,134500
20,4,99.0,7094,1,1,0,3,0,4,0,19,2,2,0,2,5,5,1966,1966,1,1,13,14,2,0.0,3,4,1,4,4,4,5,180,3,374,340,894,1,4,1,5,894,0,0,894,0,0,1,0,3,1,4,5,7,0,3,5,1966.0,2,1,384,5,5,2,0,0,0,0,0,0,3,2,1,0,5,2007,9,4,0,0,1,1,0,41,1788,1.0,0,125000
90,5,68.0,8930,1,1,3,3,0,4,0,19,5,2,2,0,6,5,1978,1978,1,1,13,14,2,0.0,3,4,3,3,2,3,4,0,4,0,0,0,1,4,1,5,1318,584,0,1902,0,0,2,0,4,2,4,8,7,0,3,1,1978.0,3,2,539,5,5,2,0,0,0,0,0,0,3,4,1,0,4,2010,9,4,0,1,1,0,0,32,1902,2.0,0,112000
20,1,72.0,8640,1,1,3,3,0,4,0,21,2,2,0,2,8,5,2009,2009,1,1,5,5,3,72.0,2,4,2,2,4,2,2,936,6,0,364,1300,1,0,1,5,1314,0,0,1314,1,0,2,0,3,1,2,6,7,0,3,1,2009.0,2,2,552,5,5,2,135,112,0,0,0,0,3,4,1,0,9,2009,7,5,0,0,1,1,0,0,2614,3.0,247,229456
50,5,52.0,6240,1,1,3,3,0,4,0,3,2,2,0,0,4,5,1947,1950,1,1,0,0,2,0.0,3,4,3,3,2,3,4,0,4,0,0,0,1,2,0,5,672,240,0,912,0,0,1,0,2,1,4,3,7,0,3,6,1978.0,1,0,0,3,3,0,0,0,0,0,0,0,3,4,1,0,7,2006,9,4,0,1,0,0,0,59,912,1.0,0,80500
160,5,21.0,1680,1,1,3,3,0,4,0,2,2,2,3,5,6,5,1971,1971,1,1,5,5,1,236.0,3,4,1,4,4,4,6,0,6,0,672,672,1,4,1,5,672,546,0,1218,0,0,1,1,3,1,4,7,7,0,3,6,1978.0,1,0,0,3,3,0,201,0,0,0,0,0,3,4,1,0,4,2006,9,0,0,1,0,1,0,35,1890,1.5,201,91500
20,4,66.0,7800,1,1,0,3,0,4,0,12,2,2,0,2,5,5,1964,1964,1,1,14,15,2,0.0,3,4,1,4,4,4,5,312,3,600,0,912,1,4,1,5,912,0,0,912,0,0,1,0,2,1,4,5,7,0,3,1,1964.0,3,1,288,5,5,2,0,0,0,0,0,0,3,4,1,0,11,2006,9,0,0,0,1,1,0,42,1824,1.0,0,115000
20,4,55.0,8250,1,1,3,3,0,4,0,19,1,2,0,2,5,5,1968,1968,3,1,6,6,2,0.0,3,4,1,4,4,4,1,250,3,492,210,952,1,0,1,5,1211,0,0,1211,0,0,1,0,3,1,4,5,7,1,5,1,1968.0,3,1,322,5,5,2,0,63,0,0,0,0,3,4,1,0,8,2008,9,4,0,0,1,1,1,40,2163,1.0,63,134000
50,4,78.0,10496,1,1,3,3,0,4,0,12,0,2,0,0,6,6,1949,1950,1,1,14,15,1,320.0,3,4,1,4,4,2,5,196,6,0,844,1040,1,0,1,5,1168,678,0,1846,0,0,2,0,3,1,4,7,7,1,2,1,1949.0,3,1,315,5,5,2,0,0,0,0,0,0,3,1,1,0,1,2007,9,4,0,1,1,1,1,58,2886,2.0,0,143000
20,4,89.0,10680,1,1,3,3,0,4,0,12,2,2,0,2,5,3,1951,1951,3,1,14,15,1,44.0,3,4,1,4,0,4,3,756,6,0,1380,2136,1,4,0,0,2136,0,0,2136,0,0,2,0,4,1,4,7,4,0,3,5,1951.0,3,2,528,5,5,2,0,30,0,0,0,0,3,2,1,0,10,2006,9,4,0,0,1,1,0,55,4272,2.0,30,137900
60,4,60.0,15384,1,1,0,3,0,4,0,8,6,2,0,5,7,5,2004,2005,1,1,13,14,2,0.0,2,4,2,2,4,0,2,724,6,0,64,788,1,0,1,5,788,702,0,1490,1,0,2,1,3,1,2,8,7,1,2,1,2004.0,0,2,388,5,5,2,100,75,0,0,0,0,3,4,1,0,2,2008,9,4,0,1,1,1,1,4,2278,3.5,175,184000
80,4,65.0,10482,1,1,3,3,0,4,0,12,2,2,0,7,6,8,1958,1958,3,1,13,14,1,63.0,3,2,1,4,4,0,2,507,6,0,81,588,1,0,1,5,1138,0,0,1138,0,1,1,0,3,1,4,6,7,0,3,1,1958.0,2,1,264,5,5,2,224,0,0,0,0,0,3,3,1,0,6,2007,9,4,0,0,1,1,0,49,1726,1.5,224,145000
60,4,86.0,14598,1,1,0,3,0,1,0,21,1,2,0,5,6,5,2007,2007,1,1,13,14,3,74.0,2,4,2,2,4,2,6,0,6,0,894,894,1,0,1,5,894,1039,0,1933,0,0,2,1,4,1,2,9,7,1,2,3,2007.0,0,3,668,5,5,2,100,18,0,0,0,0,3,4,1,0,1,2008,9,4,0,1,1,1,1,1,2827,2.5,118,214000
20,4,72.0,8872,1,1,3,3,0,0,0,12,2,2,0,2,5,8,1965,2008,1,1,13,14,1,300.0,3,4,1,4,4,4,0,595,6,0,317,912,1,0,1,5,912,0,0,912,1,0,1,0,2,1,2,5,7,0,3,5,1992.0,3,2,576,5,5,2,0,240,0,0,0,0,3,4,1,0,12,2008,9,4,0,0,1,1,0,43,1824,2.0,240,147000
80,4,70.0,7910,1,1,3,3,0,4,0,12,2,2,0,7,5,5,1960,1960,3,1,3,6,2,0.0,3,4,1,4,4,4,0,666,6,0,409,1075,1,2,1,5,1507,0,0,1507,0,0,2,0,4,1,4,7,0,0,3,2,1960.0,3,1,404,5,5,2,0,0,0,0,0,0,3,1,1,0,8,2008,9,4,0,0,1,1,0,48,2582,2.0,0,127000
90,4,68.0,18890,1,1,0,3,0,4,0,19,1,5,2,0,5,5,1977,1977,5,1,10,11,2,1.0,3,4,1,2,4,4,2,498,5,211,652,1361,1,0,1,5,1361,1259,0,2620,0,0,2,2,4,2,4,12,7,1,5,3,1977.0,2,2,600,5,5,0,155,24,145,0,0,0,3,4,0,8300,8,2007,9,4,0,1,1,1,1,30,3981,3.0,324,190000
90,4,70.0,7728,1,1,3,3,0,4,0,12,2,2,2,7,5,6,1962,1962,3,1,14,15,1,120.0,3,4,1,4,4,0,0,803,6,0,303,1106,1,4,1,5,1190,0,0,1190,1,0,1,0,3,1,4,6,7,0,3,1,1962.0,3,2,540,5,5,2,0,18,0,0,0,0,3,1,1,0,5,2006,9,4,0,0,1,1,0,44,2296,2.0,18,132500
90,4,70.0,9842,1,1,3,3,0,2,0,12,2,2,2,2,4,5,1962,1962,1,1,6,6,2,0.0,3,4,3,3,2,3,4,0,4,0,0,0,1,4,1,5,1224,0,0,1224,0,0,2,0,2,2,4,6,7,0,3,4,1962.0,3,2,462,5,5,2,0,0,0,0,0,0,3,4,1,0,3,2007,9,4,0,0,1,0,0,45,1224,2.0,0,101800
20,4,68.0,12160,1,1,0,3,0,4,0,12,2,2,0,2,5,5,1959,1959,3,1,10,11,1,180.0,3,4,1,4,4,4,5,1000,6,0,188,1188,1,1,1,5,1188,0,0,1188,1,0,1,0,3,1,4,6,7,0,3,1,1959.0,2,2,531,5,5,2,0,0,0,0,0,0,3,2,1,0,5,2010,0,0,0,0,1,1,0,51,2376,2.0,0,142000
70,3,55.0,8525,1,1,3,0,0,4,0,18,2,2,0,5,5,6,1911,1950,1,1,8,8,2,0.0,3,4,2,4,4,0,6,0,6,0,940,940,1,4,0,0,1024,940,0,1964,0,0,1,1,4,1,4,7,7,0,3,6,1978.0,1,0,0,3,3,0,0,192,0,0,0,0,3,4,1,0,11,2008,9,0,0,1,0,1,0,97,2904,1.5,192,130000
70,4,96.0,13132,1,1,3,3,0,4,0,6,2,2,0,5,5,5,1914,1950,1,1,14,15,2,0.0,3,4,0,2,4,2,6,0,6,0,747,747,1,2,1,1,892,892,0,1784,0,0,1,1,4,1,4,9,7,0,3,5,1914.0,3,1,180,1,1,0,203,40,0,0,0,0,3,4,1,0,7,2006,9,4,0,1,1,1,0,92,2531,1.5,243,138887
160,4,36.0,2628,1,1,3,3,0,4,0,16,2,2,3,5,7,5,2003,2003,1,1,13,16,3,106.0,2,4,2,2,4,4,6,0,6,0,764,764,1,0,1,5,764,862,0,1626,0,0,2,1,2,1,2,6,7,0,3,3,2003.0,2,2,474,5,5,2,0,27,0,0,0,0,3,4,1,0,6,2010,9,4,0,1,1,1,0,7,2390,2.5,27,175500
60,4,41.0,12393,1,1,1,3,0,2,0,5,2,2,0,5,7,5,2004,2005,1,1,13,14,2,0.0,2,4,2,2,4,4,6,0,6,0,847,847,1,0,1,5,847,1101,0,1948,0,0,2,1,4,1,2,8,7,1,2,3,2004.0,0,2,434,5,5,2,100,48,0,0,0,0,3,4,1,0,9,2006,9,4,0,1,1,1,1,2,2795,2.5,148,195000
20,4,63.0,13072,1,1,3,3,0,4,0,20,5,2,0,2,6,5,2005,2005,1,1,13,14,2,0.0,2,4,2,2,4,4,6,0,6,0,1141,1141,1,0,1,5,1141,0,0,1141,0,0,1,1,3,1,4,6,7,0,3,5,2005.0,3,2,484,5,5,2,0,0,0,0,0,0,3,4,1,0,3,2006,9,0,0,0,1,1,0,1,2282,1.5,0,142500
20,4,64.0,9037,1,1,0,1,0,4,0,23,2,2,0,2,8,5,2006,2006,3,1,13,14,1,32.0,2,4,2,2,4,0,2,428,6,0,1048,1476,1,0,1,5,1484,0,0,1484,0,0,2,0,2,1,0,6,7,1,2,1,2006.0,2,2,472,5,5,2,120,33,0,0,0,0,3,4,1,0,12,2007,9,4,0,0,1,1,1,1,2960,2.0,153,265900
60,4,65.0,8158,1,1,3,3,0,4,0,5,2,2,0,5,7,5,2003,2003,1,1,13,14,1,252.0,2,4,2,2,4,4,2,550,6,0,334,884,1,0,1,5,884,884,0,1768,1,0,2,1,3,1,2,8,7,0,3,1,2003.0,2,2,543,5,5,2,0,63,0,0,0,0,3,4,1,0,7,2008,9,4,0,1,1,1,0,5,2652,3.5,63,224900
20,4,83.0,9849,1,1,3,3,0,4,0,21,2,2,0,2,7,6,2007,2007,3,1,13,14,3,0.0,2,4,2,2,4,0,6,0,6,0,1689,1689,1,0,1,5,1689,0,0,1689,0,0,2,0,3,1,2,7,7,0,3,1,2007.0,2,3,954,5,5,2,0,56,0,0,0,0,3,4,1,0,6,2007,7,5,0,0,1,1,0,0,3378,2.0,56,248328
85,4,85.0,10625,1,1,3,3,0,4,0,14,2,2,0,6,7,6,1974,1974,1,1,10,11,1,81.0,3,4,1,2,4,1,2,885,3,168,0,1053,1,4,1,5,1173,0,0,1173,1,0,2,0,3,1,2,6,7,2,5,1,1974.0,2,2,528,5,5,2,0,120,0,0,0,0,3,2,1,0,1,2010,9,3,0,0,1,1,1,36,2226,3.0,120,170000
70,4,68.0,11435,1,1,0,1,0,0,1,6,2,2,0,5,8,7,1929,1950,1,1,3,13,2,0.0,3,4,2,2,4,4,6,0,6,0,792,792,1,1,1,5,792,725,0,1517,0,0,1,0,3,1,2,7,7,2,2,5,1931.0,3,2,400,5,5,2,0,0,0,0,0,0,3,4,1,0,6,2006,9,4,0,1,1,1,1,77,2309,1.0,0,230000
80,4,78.0,12090,1,1,3,3,0,4,0,14,2,2,0,7,6,7,1984,2003,3,1,13,14,1,74.0,3,4,1,2,4,4,6,0,6,0,585,585,1,0,1,5,1140,728,0,1868,0,0,3,1,3,1,4,7,7,1,5,3,1984.0,0,2,477,5,5,2,268,112,0,0,147,0,3,4,1,0,1,2007,9,0,0,1,1,1,1,23,2453,3.5,527,178000
60,1,65.0,8125,1,1,3,3,0,4,0,21,2,2,0,5,7,5,2005,2006,1,1,13,14,2,0.0,2,4,2,2,4,4,6,0,6,0,756,756,1,0,1,5,756,797,0,1553,0,0,2,1,3,1,2,6,7,0,3,1,2005.0,2,2,615,5,5,2,0,45,0,0,0,0,3,4,1,0,3,2006,7,5,0,1,1,1,0,1,2309,2.5,45,186500
80,4,68.0,12328,1,1,0,3,0,4,0,11,2,2,0,7,6,5,1976,1976,1,1,6,6,1,335.0,3,4,1,4,4,0,2,539,6,0,473,1012,1,4,1,5,1034,0,0,1034,1,0,1,0,3,1,4,6,7,0,3,1,1976.0,3,3,888,5,5,2,0,0,0,0,0,0,3,4,1,0,5,2010,9,4,0,0,1,1,0,34,2046,2.0,0,169900
75,5,60.0,9600,1,0,3,3,0,4,0,17,2,2,0,4,6,5,1917,1950,1,1,0,0,2,0.0,3,4,0,2,4,4,5,319,6,0,416,735,4,1,0,5,1134,924,0,2058,0,0,1,1,3,1,4,8,7,1,2,5,1950.0,3,2,396,1,1,1,0,0,259,0,0,0,3,4,1,0,4,2008,9,4,0,1,1,1,1,91,2793,1.5,259,129500
20,4,60.0,7200,1,1,3,3,0,4,0,12,2,2,0,2,5,7,1950,1950,1,1,8,8,2,0.0,3,4,1,4,4,4,1,534,5,96,246,876,1,4,1,5,988,0,0,988,0,0,1,0,3,1,4,6,7,0,3,1,1950.0,3,1,276,5,5,2,0,80,0,0,0,0,3,4,1,0,5,2007,9,4,0,0,1,1,0,57,1864,1.0,80,119000
20,4,93.0,11160,1,1,3,3,0,0,0,12,2,2,0,2,7,5,1968,1968,3,1,3,3,2,0.0,2,4,1,4,4,4,0,1065,6,0,1045,2110,1,0,1,5,2110,0,0,2110,1,0,2,1,3,1,0,8,7,2,5,1,1968.0,0,2,522,5,5,2,0,0,0,0,0,0,3,4,1,0,4,2010,9,4,0,0,1,1,1,42,4220,3.5,0,244000
120,4,68.0,3136,1,1,0,3,0,0,0,16,2,2,4,2,7,5,2003,2003,1,1,13,16,3,163.0,2,4,2,2,4,4,6,0,6,0,1405,1405,1,0,1,5,1405,0,0,1405,0,0,2,0,2,1,2,6,7,1,2,1,2003.0,2,2,478,5,5,2,148,36,0,0,0,0,3,4,1,0,3,2006,9,4,0,0,1,1,1,3,2810,2.0,184,171750
20,4,62.0,9858,1,1,3,3,0,4,0,11,2,2,0,2,5,6,1968,1968,1,1,6,6,2,0.0,3,4,1,4,4,4,1,510,6,0,354,864,1,4,1,5,874,0,0,874,1,0,1,0,3,1,4,5,7,0,3,1,1968.0,2,1,288,5,5,2,33,0,0,0,0,0,3,1,3,600,11,2009,9,4,0,0,1,1,0,41,1738,2.0,33,130000
60,4,68.0,17542,1,1,0,3,0,4,0,24,2,2,0,5,7,7,1974,2003,1,1,14,15,2,0.0,2,4,1,4,4,1,3,125,0,1031,36,1192,1,4,1,5,1516,651,0,2167,1,0,2,1,3,1,2,9,7,2,2,1,1974.0,2,2,518,5,5,2,220,47,0,0,0,0,3,2,1,0,7,2007,9,4,0,1,1,1,1,33,3359,3.5,267,294000
60,4,60.0,6931,1,1,3,3,0,4,0,7,2,2,0,5,7,5,2003,2004,1,1,13,14,3,92.0,2,4,2,2,4,4,6,0,6,0,746,746,1,0,1,5,760,896,0,1656,0,0,2,1,3,1,2,7,7,1,2,3,2003.0,0,2,397,5,5,2,178,128,0,0,0,0,3,4,1,0,7,2008,9,4,0,1,1,1,1,5,2402,2.5,306,165400
50,5,52.0,6240,1,1,3,3,0,4,0,3,2,2,0,0,6,6,1931,1950,1,1,14,15,2,0.0,3,4,0,4,0,4,3,425,6,0,459,884,1,4,1,0,959,408,0,1367,0,0,1,0,3,1,4,6,7,1,2,5,1978.0,3,1,560,5,5,2,0,0,0,0,120,0,3,4,1,0,11,2007,9,4,0,1,1,1,1,76,2251,1.0,120,127500
20,4,91.0,14303,1,1,0,3,0,0,0,15,2,2,0,2,8,5,1994,1994,3,1,6,6,1,554.0,2,4,2,2,4,1,2,1314,6,0,672,1986,1,0,1,5,1987,0,0,1987,1,0,2,0,2,1,2,7,7,1,5,1,1994.0,0,2,691,5,5,2,262,36,0,0,0,0,3,4,1,0,8,2008,9,4,0,0,1,1,1,14,3973,3.0,298,301500
30,4,56.0,4060,1,1,3,3,0,0,0,7,1,2,0,2,5,8,1922,1950,1,1,14,15,2,0.0,3,4,2,1,4,4,6,0,6,0,864,864,1,0,1,5,864,0,0,864,0,0,1,0,2,1,4,4,7,0,3,6,1978.0,1,0,0,3,3,2,0,96,0,0,0,0,3,4,1,0,7,2009,9,4,0,0,0,1,0,87,1728,1.0,96,99900
80,4,59.0,9587,1,1,0,3,0,4,0,8,2,2,0,7,7,5,2005,2005,1,1,13,14,3,182.0,2,4,2,2,4,1,2,655,6,0,201,856,1,0,1,5,1166,0,0,1166,1,0,2,0,2,1,2,5,7,0,3,1,2005.0,0,2,400,5,5,2,212,0,0,0,0,0,3,4,1,0,7,2008,9,4,0,0,1,1,0,3,2022,3.0,212,190000
20,4,65.0,9750,1,1,3,3,0,2,0,12,2,2,0,2,6,8,1969,1969,1,1,6,6,2,0.0,3,4,1,2,4,4,0,602,3,438,14,1054,1,2,1,5,1054,0,0,1054,1,0,1,1,3,1,4,6,7,0,3,1,1969.0,3,2,460,5,5,2,180,0,0,0,80,0,3,4,1,0,7,2008,9,4,0,0,1,1,0,39,2108,2.5,260,151000
60,4,68.0,24682,1,1,2,3,0,1,0,8,6,2,0,5,6,5,1999,1999,1,1,13,14,2,0.0,3,4,2,2,4,4,6,0,6,0,841,841,1,0,1,5,892,783,0,1675,0,0,2,1,3,1,4,7,7,1,5,3,1999.0,0,2,502,5,5,2,0,103,0,0,0,0,3,4,1,0,6,2009,9,4,0,1,1,1,1,10,2516,2.5,103,181000
20,4,80.0,9600,1,1,3,3,0,4,0,12,2,2,0,2,5,6,1956,1956,3,1,8,8,2,0.0,3,4,1,4,4,4,5,504,6,0,546,1050,1,2,1,5,1050,0,0,1050,0,0,1,0,2,1,4,5,7,0,3,1,1956.0,3,1,338,5,5,2,0,0,0,0,0,0,3,4,1,0,6,2009,9,4,0,0,1,1,0,53,2100,1.0,0,128900
50,4,68.0,11250,1,1,3,3,0,4,0,4,2,2,0,0,4,5,1957,1989,1,1,14,15,2,0.0,3,4,1,4,4,0,6,0,6,0,1104,1104,1,0,1,0,1104,684,0,1788,1,0,1,0,5,1,4,8,3,2,5,1,1957.0,3,1,304,5,5,2,120,0,0,0,0,0,3,4,1,0,11,2009,9,4,0,1,1,1,1,52,2892,2.0,120,161500
70,4,60.0,13515,1,2,3,3,0,4,0,3,2,2,0,5,6,6,1919,1950,2,1,14,15,2,0.0,3,4,2,4,4,4,6,0,6,0,764,764,1,0,1,0,1060,764,0,1824,0,0,1,0,3,1,4,8,7,1,2,5,1940.0,3,2,520,5,5,0,0,0,126,0,0,0,3,0,1,0,7,2007,9,4,0,1,1,1,1,88,2588,1.0,126,180500
120,3,34.0,4060,1,1,3,3,0,4,0,12,2,2,4,2,6,5,1998,1999,1,1,8,8,2,0.0,2,4,2,2,4,4,2,266,6,0,1139,1405,1,0,1,5,1337,0,0,1337,1,0,2,0,2,1,2,5,7,0,3,1,1998.0,0,2,511,5,5,2,144,68,0,0,0,0,3,4,1,0,8,2008,0,0,0,0,1,1,0,10,2742,3.0,212,181000
160,1,35.0,3735,1,1,3,3,0,3,0,21,2,2,4,5,7,5,1999,1999,3,1,8,8,1,218.0,2,4,2,2,4,4,2,450,6,0,241,691,1,0,1,5,713,739,0,1452,1,0,2,1,3,1,2,6,7,0,3,5,1999.0,3,2,506,5,5,2,0,34,0,0,0,0,3,4,1,0,3,2006,9,4,0,1,1,1,0,7,2143,3.5,34,183900
190,5,60.0,10120,1,1,0,0,0,4,0,17,1,2,1,4,7,4,1910,1950,3,1,14,15,2,0.0,1,4,1,4,4,4,6,0,6,0,925,925,1,4,0,1,964,925,0,1889,0,0,1,1,4,2,4,9,7,1,2,5,1960.0,3,1,308,5,5,0,0,0,264,0,0,0,3,2,1,0,1,2007,9,4,0,1,1,1,1,97,2814,1.5,264,122000
50,4,78.0,11344,1,1,3,3,0,4,0,12,1,2,0,0,5,5,1958,1958,1,1,8,8,1,180.0,3,4,1,4,4,4,1,460,6,0,414,874,2,4,1,0,874,650,0,1524,0,0,1,1,3,1,4,7,7,0,3,1,1958.0,3,1,315,5,5,2,0,0,0,0,0,0,3,1,1,0,7,2007,9,4,0,1,1,1,0,49,2398,1.5,0,144000
40,4,68.0,23595,1,1,3,2,0,4,2,4,2,2,0,2,7,6,1979,1979,5,6,10,11,2,0.0,2,4,2,2,4,1,2,1258,6,0,74,1332,1,4,1,5,1332,192,0,1524,2,0,0,1,0,1,2,4,7,1,5,1,1979.0,0,2,586,5,5,2,268,0,0,0,0,0,3,4,1,0,4,2010,9,4,0,1,1,1,1,31,2856,2.5,268,260000
20,4,68.0,9156,1,1,0,3,0,4,0,14,4,2,0,2,6,7,1968,1968,3,1,3,3,2,0.0,3,4,1,4,4,4,6,0,6,0,1489,1489,1,2,1,5,1489,0,0,1489,0,0,2,0,3,1,2,7,7,1,2,1,1968.0,2,2,462,5,5,2,0,0,0,0,0,0,3,4,1,0,8,2009,9,4,0,0,1,1,1,41,2978,2.0,0,185750
20,4,68.0,13526,1,1,0,3,0,1,0,19,2,2,0,2,5,6,1965,1965,3,1,6,11,1,114.0,3,4,1,4,4,4,1,560,3,375,0,935,1,4,1,5,935,0,0,935,1,0,1,0,3,1,4,5,7,0,3,1,1965.0,3,1,288,5,5,2,180,0,0,0,0,0,3,2,1,0,11,2006,9,4,0,0,1,1,0,41,1870,2.0,180,137000
80,4,124.0,11512,1,1,0,3,0,0,0,7,2,2,0,7,6,7,1959,2006,1,1,10,11,1,84.0,3,4,1,4,4,0,0,719,6,0,300,1019,1,2,1,5,1357,0,0,1357,1,0,1,0,2,1,0,5,7,1,2,2,1959.0,2,1,312,5,5,2,0,0,0,0,163,0,3,0,1,0,5,2008,9,4,0,0,1,1,1,49,2376,2.0,163,177000
50,4,53.0,5362,1,1,3,3,0,0,0,6,2,2,0,0,5,6,1910,2003,1,1,14,16,2,0.0,3,4,2,4,4,4,6,0,6,0,661,661,1,0,1,5,661,589,0,1250,0,0,2,0,3,1,4,8,7,1,2,5,1985.0,3,2,552,5,5,2,242,0,81,0,0,0,3,4,1,0,11,2007,9,4,0,1,1,1,1,97,1911,2.0,323,139000
90,4,95.0,11345,1,1,3,3,0,0,0,12,1,2,2,5,5,5,1948,1950,1,4,0,0,3,567.0,3,4,1,4,4,4,5,220,6,0,708,928,1,2,1,0,928,992,0,1920,0,0,2,0,4,2,4,10,7,0,3,5,1948.0,3,2,400,5,1,2,0,0,0,0,0,0,3,4,1,0,7,2007,9,4,0,1,1,1,0,59,2848,2.0,0,137000
60,4,68.0,12936,1,1,0,3,0,1,0,14,2,2,0,5,6,6,1972,1972,1,1,6,11,2,0.0,3,4,1,4,1,4,1,593,6,0,130,723,1,4,1,5,735,660,0,1395,0,1,1,1,3,1,4,6,7,1,5,1,1972.0,3,2,497,5,5,2,294,116,0,0,0,0,3,4,1,0,12,2009,9,4,0,1,1,1,1,37,2118,2.0,410,162000
80,4,68.0,17871,1,1,0,3,0,1,0,14,2,2,0,7,6,5,1967,1976,1,1,6,6,1,359.0,3,4,1,2,4,0,0,528,6,0,1152,1680,1,1,1,5,1724,0,0,1724,1,0,1,1,3,1,4,7,7,1,2,1,1967.0,2,2,480,5,5,2,0,0,0,0,0,0,3,4,1,0,6,2009,9,4,0,0,1,1,1,42,3404,2.5,0,197900
60,4,75.0,9473,1,1,3,3,0,4,0,5,2,2,0,5,8,5,2002,2002,1,1,13,14,2,0.0,2,4,2,2,4,4,2,804,6,0,324,1128,1,0,1,5,1128,903,0,2031,1,0,2,1,3,1,2,7,7,1,2,1,2002.0,2,2,577,5,5,2,0,211,0,0,0,0,3,4,1,0,3,2008,9,4,0,1,1,1,1,6,3159,3.5,211,237000
50,0,60.0,7500,1,1,3,3,0,4,0,9,2,2,0,0,4,4,1920,1950,1,1,8,8,2,0.0,3,2,1,4,4,4,6,0,6,0,698,698,1,4,1,0,698,430,0,1128,0,0,1,0,2,1,4,6,7,0,3,5,1980.0,2,2,528,5,5,2,30,0,164,0,0,0,3,4,1,0,4,2010,0,0,0,1,1,1,0,90,1826,1.0,194,68400
20,4,67.0,9808,1,1,0,3,0,4,0,5,2,2,0,2,7,5,2002,2002,1,1,13,14,1,110.0,2,4,2,2,4,4,2,788,6,0,785,1573,1,0,1,5,1573,0,0,1573,1,0,2,0,3,1,2,6,7,0,3,1,2002.0,2,2,544,5,5,2,0,72,0,0,0,0,3,4,1,0,3,2009,9,4,0,0,1,1,0,7,3146,3.0,72,227000
20,4,50.0,8049,1,1,0,3,0,1,0,23,2,2,0,2,7,5,1990,1990,3,1,6,6,1,54.0,3,4,1,2,4,4,0,1053,6,0,256,1309,1,4,1,5,1339,0,0,1339,1,0,2,0,2,1,4,6,7,1,5,1,1990.0,0,2,484,2,2,2,0,58,0,0,90,0,3,4,1,0,7,2006,9,4,0,0,1,1,1,16,2648,3.0,148,180000
20,4,61.0,8800,1,1,0,3,0,4,0,5,2,2,0,2,5,7,1977,2008,1,1,6,6,2,0.0,3,4,1,2,4,2,3,532,5,144,364,1040,1,4,1,5,1040,0,0,1040,0,0,2,0,3,1,2,5,7,0,3,5,1977.0,3,2,484,5,5,2,0,0,0,0,288,0,3,4,1,0,9,2009,9,4,0,0,1,1,0,32,2080,2.0,288,150500
90,4,94.0,9400,1,1,3,2,0,0,0,11,2,2,2,5,6,5,1971,1971,4,1,8,16,2,0.0,3,4,1,4,4,0,6,0,6,0,912,912,1,4,1,5,912,912,0,1824,0,0,2,2,4,2,4,8,7,0,3,6,1978.0,1,0,0,3,3,2,128,0,0,0,0,0,3,4,1,0,4,2010,9,4,0,1,0,1,0,39,2736,3.0,128,139000
50,4,50.0,9638,1,1,3,3,0,4,0,18,1,2,0,0,6,7,1919,1990,1,1,14,16,2,0.0,3,4,2,4,4,4,6,0,6,0,804,804,1,0,1,5,1699,748,0,2447,0,0,2,0,4,1,2,10,3,1,2,5,1969.0,3,1,336,5,5,2,272,0,42,0,116,0,3,4,1,0,3,2010,9,4,0,1,1,1,1,91,3251,2.0,430,169000
50,5,50.0,6000,1,1,3,3,0,4,0,3,2,2,0,0,6,6,1939,1950,1,1,8,8,2,0.0,3,1,1,4,4,4,6,0,6,0,780,780,1,0,1,1,825,587,0,1412,0,0,1,0,4,1,4,6,7,1,2,5,1939.0,3,1,280,5,5,2,45,0,0,0,0,0,3,4,1,0,5,2009,9,4,0,1,1,1,1,70,2192,1.0,45,132500
20,4,68.0,9790,1,1,3,3,0,4,0,14,1,2,0,2,6,5,1963,1963,3,1,6,6,1,451.0,3,4,1,4,4,4,0,569,5,81,678,1328,1,4,1,5,1328,0,0,1328,1,0,1,1,3,1,4,6,7,2,2,1,1963.0,3,2,528,5,5,2,0,26,0,0,0,0,3,4,1,0,6,2010,9,4,0,0,1,1,1,47,2656,2.5,26,143000
20,4,68.0,36500,1,1,0,2,0,4,1,4,2,2,0,2,5,5,1964,1964,1,1,14,15,0,621.0,3,2,1,4,4,0,5,812,6,0,812,1624,1,1,1,5,1582,0,0,1582,0,1,2,0,4,1,4,7,7,0,3,1,1964.0,3,2,390,5,5,0,168,198,0,0,0,0,3,4,1,0,6,2006,9,4,0,0,1,1,0,42,3206,2.5,366,190000
120,4,40.0,5664,1,1,0,3,0,4,0,22,2,2,4,2,8,5,2000,2000,1,1,5,5,2,0.0,2,4,2,2,4,4,2,1158,6,0,343,1501,1,0,1,5,1659,0,0,1659,1,0,2,0,2,1,0,5,7,1,0,1,2000.0,0,2,499,5,5,2,212,59,0,0,0,0,3,4,1,0,10,2009,9,4,0,0,1,1,1,9,3160,3.0,271,278000
60,4,86.0,11065,1,1,0,3,0,4,0,16,2,2,0,5,8,5,2006,2006,1,1,13,14,3,788.0,2,4,2,2,4,2,6,0,6,0,1085,1085,1,0,1,5,1120,850,0,1970,0,0,2,1,3,1,0,8,7,1,2,3,2006.0,0,3,753,5,5,2,177,74,0,0,0,0,3,4,1,0,10,2006,7,5,0,1,1,1,1,0,3055,2.5,251,281000
80,4,68.0,14112,1,1,0,3,0,0,0,12,2,2,0,7,5,7,1964,1964,3,1,14,6,1,86.0,3,4,2,4,4,0,2,1014,6,0,138,1152,1,4,1,5,1152,0,0,1152,1,0,1,0,3,1,4,6,7,1,2,1,1964.0,2,2,484,5,5,2,227,0,0,0,0,0,3,4,1,0,4,2010,9,4,0,0,1,1,1,46,2304,2.0,227,180500
160,5,21.0,1680,1,1,3,3,0,4,0,2,2,2,3,5,5,7,1972,1972,1,1,5,5,1,268.0,3,4,1,4,4,4,0,231,6,0,399,630,1,4,1,5,630,672,0,1302,0,0,2,1,3,1,4,6,7,0,3,5,1972.0,3,1,264,5,5,2,185,0,0,0,0,0,3,4,1,0,2,2009,9,4,0,1,1,1,0,37,1932,2.5,185,119500
70,5,60.0,6600,1,1,3,3,0,0,0,17,2,2,0,5,5,4,1892,1965,1,1,14,15,2,0.0,3,4,4,4,4,4,6,0,6,0,994,994,1,4,0,5,1378,994,0,2372,0,0,2,0,4,2,4,11,3,0,3,1,1985.0,2,1,432,5,5,2,0,287,0,0,0,0,3,4,1,0,12,2009,9,4,0,1,1,1,0,117,3366,2.0,287,107500
60,4,78.0,10140,1,1,3,3,0,4,0,14,2,2,0,5,7,5,1976,1976,1,1,6,6,2,0.0,3,4,2,2,4,4,2,194,6,0,638,832,1,4,1,5,832,832,0,1664,0,0,2,1,4,1,4,8,7,1,5,1,1976.0,2,2,528,5,5,2,0,28,0,0,259,0,3,1,1,0,3,2006,9,4,0,1,1,1,1,30,2496,2.5,287,162900
20,4,60.0,8172,1,1,3,3,0,4,0,7,2,2,0,2,5,7,1955,1990,3,1,15,11,2,0.0,3,4,1,4,4,4,5,167,6,0,697,864,1,4,1,5,864,0,0,864,1,0,1,0,2,1,4,5,7,0,3,5,1957.0,3,2,572,5,5,0,0,0,0,0,0,0,3,4,1,0,4,2006,9,4,0,0,1,1,0,51,1728,2.0,0,115000
20,4,70.0,8400,1,1,3,3,0,4,0,12,1,2,0,2,5,5,1968,1968,3,1,6,6,1,168.0,3,4,1,4,4,0,1,1016,6,0,36,1052,1,2,1,5,1052,0,0,1052,1,0,1,1,3,1,4,5,7,0,3,1,1968.0,2,1,288,5,5,2,356,0,0,0,0,0,3,1,1,0,11,2006,9,4,0,0,1,1,0,38,2104,2.5,356,138500
20,4,80.0,8700,1,1,3,3,0,4,0,12,2,2,0,2,5,6,1963,1963,3,1,8,8,1,148.0,3,2,1,4,4,2,0,776,6,0,344,1120,1,2,1,5,1128,0,0,1128,1,0,2,0,3,1,4,6,7,0,3,1,1963.0,2,2,525,5,5,2,192,20,123,0,0,0,3,2,1,0,12,2008,9,4,0,0,1,1,0,45,2248,3.0,335,155000
180,5,35.0,3675,1,1,3,3,0,4,0,7,2,2,4,6,6,5,2005,2006,1,1,13,14,1,82.0,3,4,2,2,4,1,2,547,6,0,0,547,1,2,1,5,1072,0,0,1072,1,0,2,0,2,1,4,5,7,0,3,2,2005.0,0,2,525,5,5,2,0,44,0,0,0,0,3,4,1,0,6,2006,7,5,0,0,1,1,0,1,1619,3.0,44,140000
60,4,313.0,63887,1,1,2,0,0,0,0,7,1,2,0,5,10,5,2008,2008,3,0,12,13,3,796.0,0,4,2,0,4,1,2,5644,6,0,466,6110,1,0,1,5,4692,950,0,5642,2,0,2,1,3,1,0,12,7,3,2,1,2008.0,0,2,1418,5,5,2,214,292,0,0,0,480,2,4,1,0,1,2008,7,5,1,1,1,1,1,0,11752,4.5,506,160000
20,4,75.0,7500,1,1,3,3,0,4,0,12,2,2,0,2,5,7,1959,1994,3,1,3,3,2,0.0,3,4,1,4,4,4,3,340,5,906,0,1246,1,0,1,5,1246,0,0,1246,1,0,1,1,3,1,2,6,7,0,3,1,1959.0,2,1,305,5,5,2,218,0,0,0,0,0,3,0,1,0,5,2010,9,4,0,0,1,1,0,51,2492,2.5,218,154000
60,4,68.0,10762,1,1,0,3,0,1,0,8,2,2,0,5,7,5,1999,1999,1,1,13,14,2,344.0,2,4,2,2,4,4,2,694,6,0,284,978,1,0,1,5,1005,978,0,1983,0,0,2,1,3,1,2,9,7,1,5,1,1999.0,0,2,490,5,5,2,0,0,0,0,0,0,3,4,1,0,5,2009,9,4,0,1,1,1,1,10,2961,2.5,0,225000
70,4,68.0,7500,1,1,0,0,0,4,0,6,2,2,0,5,6,7,1942,1950,1,1,14,15,2,0.0,3,4,1,4,4,4,1,547,6,0,224,771,1,1,1,5,753,741,0,1494,0,0,1,0,3,1,2,7,7,2,2,1,1942.0,3,1,213,5,5,1,0,0,0,0,224,0,3,4,1,0,11,2009,9,4,0,1,1,1,1,67,2265,1.0,224,177500
60,4,92.0,10120,1,1,3,3,0,4,0,15,2,2,0,5,8,5,1994,1994,3,1,13,14,1,391.0,2,4,2,2,4,4,2,740,6,0,425,1165,1,0,1,5,1203,1323,0,2526,1,0,2,1,4,1,2,8,7,1,5,1,1994.0,2,3,844,5,5,2,309,78,0,0,0,0,3,4,1,0,12,2006,9,4,0,1,1,1,1,12,3691,3.5,387,290000
20,4,73.0,8688,1,1,3,3,0,4,0,21,2,2,0,2,7,5,2005,2005,1,1,13,14,1,228.0,2,4,2,2,4,0,6,0,6,0,1616,1616,1,0,1,5,1616,0,0,1616,0,0,2,0,3,1,2,7,7,0,3,1,2005.0,2,3,834,5,5,2,208,59,0,0,0,0,3,4,1,0,4,2006,9,4,0,0,1,1,0,1,3232,2.0,267,232000
160,5,32.0,3363,1,1,3,3,0,4,0,7,2,2,4,5,7,5,2004,2004,1,1,13,14,3,117.0,2,4,2,2,4,4,6,0,6,0,976,976,1,0,1,5,976,732,0,1708,0,0,2,0,3,1,2,7,0,0,3,5,2004.0,3,2,380,5,5,2,0,40,0,0,0,0,3,4,1,0,4,2006,9,4,0,1,1,1,0,2,2684,2.0,40,130000
20,4,108.0,13173,1,1,0,3,0,0,0,16,2,2,0,2,9,5,2006,2007,3,1,13,14,3,300.0,2,4,2,0,4,4,2,1572,6,0,80,1652,1,0,1,5,1652,0,0,1652,1,0,2,0,2,1,0,6,7,2,0,1,2006.0,0,2,840,5,5,2,404,102,0,0,0,0,3,4,1,0,11,2009,9,4,0,0,1,1,1,3,3304,3.0,506,325000
120,4,48.0,6955,1,1,0,3,0,4,0,16,2,2,4,2,7,5,2005,2006,1,1,13,14,3,94.0,2,4,2,2,4,4,6,0,6,0,1368,1368,1,0,1,5,1368,0,0,1368,0,0,2,0,2,1,2,6,7,1,2,1,2005.0,2,2,474,5,5,2,132,35,0,0,0,0,3,4,1,0,9,2006,7,5,0,0,1,1,1,1,2736,2.0,167,202500
20,4,60.0,8072,1,1,3,3,0,4,0,5,2,2,0,2,5,5,1994,1995,1,1,13,14,2,0.0,3,2,2,2,1,4,0,746,6,0,244,990,1,0,1,5,990,0,0,990,1,0,1,0,3,1,4,5,7,0,3,5,2000.0,3,2,480,5,5,2,0,64,0,0,0,0,3,4,1,0,5,2009,9,4,0,0,1,1,0,15,1980,2.0,64,138000
20,5,100.0,12000,1,1,3,3,0,4,0,17,2,2,0,2,5,7,1948,2005,1,1,8,8,2,0.0,3,4,1,4,4,4,2,144,0,608,172,924,1,0,1,5,1122,0,0,1122,1,0,1,0,2,1,2,6,7,0,3,1,1948.0,3,2,528,5,5,2,0,36,0,0,0,0,3,1,1,0,5,2008,9,4,0,0,1,1,0,60,2046,2.0,36,147000
20,4,68.0,7153,1,1,3,3,0,4,0,20,2,2,0,2,6,5,1991,1991,1,1,6,6,1,88.0,3,4,1,2,4,4,2,1200,6,0,78,1278,1,2,1,5,1294,0,0,1294,1,0,2,0,3,1,2,6,7,0,3,1,1991.0,2,2,496,5,5,2,112,51,0,0,0,0,3,1,1,0,6,2008,9,4,0,0,1,1,0,17,2572,3.0,163,179200
20,4,100.0,17500,1,1,3,3,0,4,0,6,3,2,0,2,7,8,1959,2002,1,1,3,6,2,0.0,2,2,2,2,4,0,2,1406,6,0,496,1902,1,4,1,5,1902,0,0,1902,1,0,2,0,3,1,0,7,7,2,5,1,1959.0,0,2,567,5,5,2,0,207,162,0,0,0,3,4,1,0,5,2010,9,4,0,0,1,1,1,51,3804,3.0,369,335000
20,4,68.0,8814,1,1,3,3,0,4,0,5,2,2,0,2,7,5,2005,2007,1,1,13,14,1,80.0,2,4,2,2,4,4,2,925,6,0,349,1274,1,0,1,5,1274,0,0,1274,1,0,2,0,3,1,2,6,7,0,3,1,2005.0,2,2,508,5,5,2,264,98,0,0,0,0,3,4,1,0,1,2007,7,5,0,0,1,1,0,2,2548,3.0,362,203000
60,4,68.0,9572,1,1,0,3,0,4,0,15,2,2,0,5,8,5,1990,1990,1,1,14,15,1,336.0,2,4,2,0,4,4,2,482,6,0,971,1453,1,0,1,5,1453,1357,0,2810,0,0,2,1,4,1,2,9,7,1,0,1,1990.0,2,2,750,2,2,2,500,0,0,0,0,0,3,4,1,0,6,2007,9,4,0,1,1,1,1,17,4263,2.5,500,302000
60,4,108.0,14774,1,1,0,3,0,0,0,15,2,2,0,5,9,5,1999,1999,1,1,13,14,1,165.0,2,4,2,2,4,4,6,0,6,0,1393,1393,1,0,1,5,1422,1177,0,2599,0,0,2,1,4,1,2,10,7,1,5,3,1999.0,0,3,779,5,5,2,668,30,0,0,0,0,3,4,1,0,5,2010,9,4,0,1,1,1,1,11,3992,2.5,698,333168
20,4,60.0,8190,1,1,3,3,0,4,0,7,2,2,0,2,4,6,1954,1954,3,1,14,15,2,0.0,3,4,1,4,4,4,5,732,6,0,216,948,1,0,1,5,948,0,0,948,1,0,1,0,3,1,4,5,7,1,5,5,1956.0,3,1,280,5,5,2,0,36,0,0,0,0,3,4,1,0,10,2007,9,4,0,0,1,1,1,53,1896,2.0,36,119000
60,4,85.0,11075,1,1,3,3,0,4,0,12,2,2,0,5,6,5,1969,1969,1,1,6,6,2,0.0,3,4,1,1,4,2,0,500,3,276,176,952,1,4,1,5,1092,1020,0,2112,0,0,2,1,4,1,4,9,7,2,2,1,1969.0,3,2,576,5,5,2,280,0,0,0,0,0,3,4,1,0,6,2008,9,4,0,1,1,1,1,39,3064,2.5,280,206900
20,4,61.0,10226,1,1,0,3,0,4,0,5,2,2,0,2,8,5,2008,2008,1,1,13,14,3,270.0,2,4,2,0,4,1,6,0,6,0,1622,1622,1,0,1,5,1630,0,0,1630,1,0,2,0,3,1,0,8,7,1,2,1,2008.0,2,3,860,5,5,2,172,42,0,0,0,0,3,4,1,0,1,2009,9,4,0,0,1,1,1,1,3252,3.0,214,295493
120,1,47.0,4230,1,2,3,3,0,0,0,21,2,2,4,2,7,5,2006,2007,1,1,13,14,2,0.0,2,4,2,0,1,4,6,0,6,0,1352,1352,1,0,1,5,1352,0,0,1352,0,0,2,0,2,1,2,5,7,1,2,1,2006.0,2,2,466,5,5,2,0,241,0,0,0,0,3,4,1,0,4,2007,7,5,0,0,1,1,1,1,2704,2.0,241,208900
20,4,68.0,14781,1,1,1,3,0,1,0,5,2,2,0,2,8,5,2001,2002,3,1,13,14,1,178.0,2,4,2,2,4,1,6,0,6,0,1753,1753,1,0,1,5,1787,0,0,1787,0,0,2,0,3,1,2,7,7,1,5,1,2001.0,2,3,748,5,5,2,198,150,0,0,0,0,3,4,1,0,8,2006,9,4,0,0,1,1,1,5,3540,2.0,348,275000
20,4,75.0,10215,1,1,3,0,0,4,0,7,2,2,0,2,4,5,1954,1954,3,1,14,15,1,132.0,3,4,2,4,4,4,0,492,6,0,372,864,1,0,1,5,948,0,0,948,0,0,1,0,3,1,4,5,7,0,3,1,1954.0,3,1,248,5,5,2,0,0,0,0,0,0,3,4,1,0,2,2007,9,4,0,0,1,1,0,53,1812,1.0,0,111000
20,4,70.0,8400,1,1,3,3,0,4,0,12,2,2,0,2,6,3,1957,1957,3,1,3,3,2,0.0,3,4,1,4,4,4,0,189,5,661,628,1478,1,2,1,5,1478,0,0,1478,1,0,1,1,3,1,4,6,7,2,2,1,1957.0,2,2,442,5,5,2,114,0,0,0,216,0,3,4,1,0,6,2009,9,4,0,0,1,1,1,52,2956,2.5,330,156500
20,4,68.0,6627,1,1,0,3,0,0,0,3,1,2,0,2,3,6,1949,1950,3,1,13,14,2,0.0,3,4,1,3,2,3,4,0,4,0,0,0,0,4,0,5,720,0,0,720,0,0,1,0,2,1,4,4,7,0,3,5,1955.0,3,1,287,5,1,2,0,0,0,0,0,0,3,4,1,0,7,2008,9,4,0,0,1,0,0,59,720,1.0,0,72500
60,4,107.0,10186,1,1,0,3,0,4,0,15,2,2,0,5,7,5,1992,1992,1,1,6,6,2,0.0,2,4,2,2,4,4,2,674,6,0,76,750,1,0,1,5,1061,862,0,1923,1,0,2,1,3,1,2,8,7,1,5,1,1992.0,2,2,564,5,5,2,240,39,0,0,0,0,3,4,1,0,6,2010,9,4,0,1,1,1,1,18,2673,3.5,279,190000
30,4,50.0,5330,1,1,3,1,0,4,0,3,2,2,0,2,4,7,1940,1950,3,1,13,14,2,0.0,1,4,1,4,4,4,3,280,6,0,140,420,1,2,1,5,708,0,0,708,0,0,1,0,2,1,1,5,7,0,3,6,1978.0,1,0,0,3,3,2,164,0,0,0,0,0,3,4,1,0,12,2009,9,4,0,0,0,1,0,69,1128,1.0,164,82500
20,4,75.0,9986,1,1,3,3,0,4,0,21,2,2,0,2,8,5,2006,2007,1,1,13,14,1,428.0,2,4,2,0,4,0,6,0,6,0,1795,1795,1,0,1,5,1795,0,0,1795,0,0,2,0,2,1,2,7,7,1,2,1,2007.0,2,3,895,5,5,2,0,49,0,0,0,0,3,4,1,0,2,2007,7,5,0,0,1,1,1,1,3590,2.0,49,147000
30,5,40.0,3636,1,1,3,3,0,4,0,9,2,2,0,2,4,4,1922,1950,1,1,0,0,2,0.0,3,4,0,4,0,4,6,0,6,0,796,796,1,1,0,5,796,0,0,796,0,0,1,0,2,1,4,5,7,0,3,6,1978.0,1,0,0,3,3,0,0,0,100,0,0,0,3,2,1,0,1,2008,9,4,0,0,0,1,0,86,1592,1.0,100,55000
30,3,70.0,4270,1,1,3,0,0,4,1,7,2,2,0,2,3,6,1931,2006,1,1,8,8,2,0.0,3,4,0,4,4,4,5,544,6,0,0,544,1,0,1,5,774,0,0,774,0,0,1,0,3,1,2,6,7,0,3,6,1978.0,1,0,0,3,3,2,0,0,286,0,0,0,3,4,1,0,5,2007,9,4,0,0,0,1,0,76,1318,1.0,286,79000
20,4,60.0,6600,1,1,3,3,0,4,0,11,2,2,0,2,5,9,1982,2008,1,1,13,14,2,0.0,2,2,1,4,4,4,0,641,6,0,175,816,1,0,1,5,816,0,0,816,0,1,1,0,3,1,2,5,7,1,0,1,1982.0,3,1,264,5,5,2,0,0,0,0,0,0,3,2,1,0,10,2008,9,4,0,0,1,1,1,26,1632,1.5,0,130500
50,5,60.0,10440,1,0,3,3,0,0,0,17,2,2,0,0,6,7,1920,1950,1,1,3,15,2,0.0,2,2,0,2,4,4,3,493,6,0,1017,1510,2,0,1,5,1584,1208,0,2792,0,0,2,0,5,1,4,8,4,2,5,5,1920.0,3,2,520,1,5,2,0,547,0,0,480,0,3,2,3,1150,6,2008,9,4,0,1,1,1,1,88,4302,2.0,1027,256000
60,4,63.0,9084,1,1,0,3,0,4,0,8,2,2,0,5,7,5,1998,1998,3,1,13,14,2,0.0,3,4,2,2,4,4,6,0,6,0,935,935,1,2,1,5,955,677,0,1632,0,0,2,1,3,1,4,8,7,1,5,1,1998.0,0,2,462,5,5,2,0,28,0,0,0,0,3,4,1,0,6,2006,9,4,0,1,1,1,1,8,2567,2.5,28,176500
20,4,85.0,10000,1,1,3,3,0,4,0,21,2,2,0,2,8,5,2006,2006,3,1,13,14,3,410.0,2,4,2,2,1,0,6,0,6,0,1588,1588,1,0,1,5,1588,0,0,1588,0,0,2,0,3,1,2,7,7,1,2,1,2006.0,2,3,825,5,5,2,144,45,0,0,0,0,3,4,1,0,12,2007,9,4,0,0,1,1,1,1,3176,2.0,189,227000
80,4,55.0,10780,1,1,0,3,0,4,0,5,2,2,0,7,5,5,1976,1976,1,1,8,8,2,0.0,3,4,1,4,4,0,0,483,6,0,428,911,1,2,1,5,954,0,0,954,0,0,1,0,3,1,4,6,7,0,3,5,1976.0,3,2,576,5,5,2,0,0,0,0,0,0,3,4,1,0,7,2006,9,4,0,0,1,1,0,30,1865,1.0,0,132500
20,4,67.0,8877,1,1,3,3,0,4,1,7,2,2,0,2,4,6,1938,1958,1,1,8,8,2,0.0,3,4,1,4,4,2,0,690,6,0,126,816,1,0,1,5,816,0,0,816,1,0,1,0,2,1,4,3,7,1,2,5,1958.0,3,1,288,1,1,2,0,0,0,0,0,0,3,4,1,0,5,2009,9,4,0,0,1,1,1,71,1632,2.0,0,100000
50,5,60.0,7200,1,1,3,3,0,0,0,9,2,2,0,0,5,6,1938,1995,1,1,14,15,2,0.0,3,4,1,4,4,4,6,0,6,0,803,803,1,0,1,5,803,557,0,1360,0,0,1,1,2,1,2,6,7,0,3,5,1951.0,3,1,297,5,5,2,0,65,190,0,0,0,3,2,1,0,7,2006,9,4,0,1,1,1,0,68,2163,1.5,255,125500
160,5,24.0,2368,1,1,3,3,0,4,0,2,2,2,4,5,5,6,1970,1970,1,1,6,6,2,312.0,3,4,1,4,4,4,3,765,6,0,0,765,1,4,1,5,765,600,0,1365,0,0,1,1,3,1,4,7,2,0,3,1,1970.0,3,2,440,5,5,2,0,36,0,0,0,0,3,4,1,0,5,2009,9,4,0,1,1,1,0,39,2130,1.5,36,125000
20,4,80.0,9650,1,1,3,3,0,4,0,14,2,2,0,2,6,5,1977,1977,1,1,10,11,1,360.0,3,4,1,2,4,4,0,686,6,0,664,1350,1,4,1,5,1334,0,0,1334,0,1,2,0,2,1,4,6,7,1,5,1,1977.0,2,2,630,5,5,2,0,16,0,0,0,0,3,4,1,0,4,2009,9,4,0,0,1,1,1,32,2684,2.5,16,167900
90,4,87.0,9246,1,1,0,3,0,4,0,14,1,2,2,2,5,5,1973,1973,1,1,10,11,1,564.0,3,4,1,4,4,4,6,0,6,0,1656,1656,1,4,1,5,1656,0,0,1656,0,0,2,0,4,2,4,8,7,0,3,5,1973.0,3,2,506,5,5,2,0,211,0,0,0,0,3,4,1,0,11,2008,9,4,0,0,1,1,0,35,3312,2.0,211,135000
30,5,153.0,4118,1,0,0,0,0,0,1,17,1,2,0,2,4,4,1941,1950,1,1,14,15,2,0.0,3,4,1,4,4,4,6,0,6,0,693,693,3,1,0,0,693,0,0,693,0,0,1,0,2,1,1,4,7,0,3,6,1978.0,1,0,0,3,3,0,0,20,0,0,0,0,3,4,1,0,3,2006,9,4,0,0,0,1,0,65,1386,1.0,20,52500
60,4,95.0,13450,1,1,0,3,0,0,0,5,2,2,0,5,7,5,2002,2002,1,1,13,14,2,0.0,2,4,2,2,4,4,2,700,6,0,216,916,1,0,1,5,920,941,0,1861,1,0,2,1,3,1,2,8,7,0,3,3,2002.0,2,2,492,5,5,2,146,91,0,0,0,0,3,4,1,0,6,2006,9,4,0,1,1,1,0,4,2777,3.5,237,200000
20,4,120.0,9560,1,1,0,3,0,0,0,5,2,2,0,2,5,7,1972,1972,3,1,8,8,2,0.0,3,2,1,4,4,2,5,360,6,0,504,864,1,0,1,5,864,0,0,864,0,0,1,0,3,1,4,5,7,0,3,1,1972.0,2,1,288,5,5,2,0,0,0,0,0,0,3,4,1,0,6,2006,9,4,0,0,1,1,0,34,1728,1.0,0,128500
20,4,70.0,8294,1,1,3,3,0,4,0,12,2,2,0,2,4,5,1971,1971,1,1,8,8,2,0.0,3,4,1,4,4,4,6,0,6,0,858,858,1,4,1,5,872,0,0,872,0,0,1,0,3,1,4,5,7,0,3,5,1974.0,3,4,480,5,5,2,0,0,0,0,0,0,3,1,1,0,6,2007,9,4,0,0,1,1,0,36,1730,1.0,0,123000
20,4,66.0,13695,1,1,3,3,0,4,0,20,5,2,0,2,6,5,2003,2004,1,1,13,14,2,0.0,3,4,2,2,4,4,2,814,6,0,300,1114,1,0,1,5,1114,0,0,1114,1,0,1,0,3,1,2,6,7,0,3,5,2004.0,3,2,576,5,5,2,0,78,0,0,0,0,3,4,1,0,7,2008,9,4,0,0,1,1,0,5,2228,2.0,78,155000
60,4,68.0,9375,1,1,3,3,0,4,0,5,2,2,0,5,8,5,2002,2002,1,1,13,14,1,149.0,2,4,2,2,4,4,6,0,6,0,1284,1284,1,0,1,5,1284,885,0,2169,0,0,2,1,3,1,2,7,7,1,2,1,2002.0,2,2,647,5,5,2,192,87,0,0,0,0,3,4,1,0,8,2007,9,4,0,1,1,1,1,5,3453,2.5,279,228500
50,4,57.0,7558,1,1,3,0,0,4,0,6,2,2,0,0,6,6,1928,1950,1,1,3,12,2,0.0,3,4,0,4,4,4,6,0,6,0,896,896,1,2,1,5,1172,741,0,1913,0,0,1,1,3,1,4,9,7,1,5,5,1929.0,3,2,342,1,1,2,0,0,0,0,0,0,3,4,1,0,3,2009,9,4,0,1,1,1,1,81,2809,1.5,0,177000
60,4,85.0,11103,1,1,0,3,0,0,0,5,2,2,0,5,7,5,2006,2006,1,1,13,14,2,0.0,2,4,2,2,4,4,6,0,6,0,728,728,1,0,1,5,728,728,0,1456,0,0,2,1,3,1,2,8,7,1,5,1,2006.0,0,2,440,5,5,2,0,0,0,0,0,0,3,4,1,0,7,2007,7,5,0,1,1,1,1,1,2184,2.5,0,155835
30,5,50.0,6000,1,1,3,3,0,4,0,17,2,2,0,2,4,4,1920,1950,3,1,8,8,2,0.0,3,4,2,4,4,4,0,250,6,0,710,960,1,2,1,0,960,0,0,960,0,0,1,0,2,1,1,5,7,0,3,5,1997.0,3,1,308,5,5,2,0,0,168,0,0,0,3,4,1,0,7,2007,9,4,0,0,1,1,0,87,1920,1.0,168,108500
20,4,68.0,20781,1,1,1,3,0,1,0,14,4,2,0,2,7,7,1968,2003,3,1,3,6,2,0.0,3,4,1,4,4,4,1,297,5,68,1203,1568,1,4,1,5,2156,0,0,2156,0,0,2,0,3,1,4,9,7,1,2,1,1968.0,2,2,508,2,5,2,0,80,0,290,0,0,3,4,1,0,6,2006,9,4,0,0,1,1,1,38,3724,2.0,370,262500
20,4,93.0,15306,1,1,0,1,0,0,0,23,2,2,0,2,8,5,2006,2007,1,1,13,14,3,100.0,2,4,2,0,4,1,2,80,6,0,1652,1732,1,0,1,5,1776,0,0,1776,1,0,2,0,3,1,2,7,7,1,2,1,2006.0,0,3,712,5,5,2,0,0,0,0,0,0,3,4,1,0,5,2007,7,5,0,0,1,1,1,1,3508,3.0,0,283463
20,4,68.0,16196,1,1,2,2,0,4,0,20,2,2,0,2,7,5,1998,1998,1,1,13,14,2,0.0,2,4,2,2,4,1,2,1443,6,0,39,1482,1,0,1,5,1494,0,0,1494,1,0,2,0,3,1,2,5,7,1,1,1,1998.0,2,2,514,5,5,2,402,25,0,0,0,0,3,4,1,0,8,2007,9,4,0,0,1,1,1,9,2976,3.0,427,215000
70,5,50.0,5250,1,2,3,3,0,4,0,17,2,2,0,5,8,5,1872,1987,1,1,8,8,2,0.0,3,2,0,4,0,4,3,259,6,0,425,684,4,1,0,5,938,1215,205,2358,0,0,2,0,4,1,4,8,7,0,3,6,1978.0,1,0,0,3,3,2,0,54,20,0,0,0,3,4,1,0,12,2008,9,4,0,1,0,1,0,136,2837,2.0,74,122000
90,4,91.0,11643,1,1,3,3,0,4,0,12,0,2,2,5,5,5,1969,1969,1,1,8,8,1,368.0,3,4,1,4,4,4,3,500,6,0,748,1248,1,4,1,5,1338,1296,0,2634,1,1,2,2,6,2,4,12,7,0,3,5,1969.0,3,4,968,5,5,2,0,0,0,0,0,0,3,4,1,0,8,2009,9,4,0,1,1,1,0,40,3882,4.5,0,200000
60,4,70.0,9247,1,1,0,3,0,4,0,12,2,2,0,5,6,6,1962,1962,1,1,6,6,1,318.0,3,4,1,4,4,4,5,319,6,0,539,858,1,0,1,5,858,858,0,1716,0,0,1,1,4,1,4,8,7,1,2,1,1962.0,0,2,490,5,5,2,0,84,0,0,120,0,3,4,1,0,3,2008,9,4,0,1,1,1,1,46,2574,1.5,204,171000
50,5,50.0,6000,1,1,3,3,0,4,0,3,2,2,0,0,6,9,1937,2000,1,1,8,8,2,0.0,2,4,0,4,4,4,6,0,6,0,698,698,1,4,1,5,786,390,0,1176,0,0,1,0,2,1,4,4,7,0,3,5,1999.0,3,2,624,5,5,0,210,0,0,0,0,0,3,4,1,0,7,2009,9,4,0,1,1,1,0,72,1874,1.0,210,134900
60,4,68.0,10316,1,1,0,3,0,4,0,5,2,2,0,5,7,5,2000,2000,1,1,13,14,2,0.0,2,4,2,2,4,4,2,735,6,0,257,992,1,0,1,5,992,873,0,1865,1,0,2,1,3,1,2,7,7,1,5,1,2000.0,2,3,839,5,5,2,0,184,0,0,0,0,3,4,1,0,6,2008,9,4,0,1,1,1,1,8,2857,3.5,184,235000
80,4,102.0,10192,1,1,0,3,0,4,0,14,2,2,0,7,7,6,1968,1992,1,1,8,8,1,143.0,3,4,1,4,4,4,6,0,6,0,570,570,1,2,1,5,1222,698,0,1920,0,0,3,0,4,1,2,8,7,1,5,1,1968.0,2,2,487,5,5,2,0,98,0,0,0,0,3,0,1,0,9,2006,9,4,0,1,1,1,1,38,2490,3.0,98,170000
20,4,68.0,9477,1,1,3,3,0,0,0,12,2,2,0,2,5,5,1966,1966,1,1,6,6,1,65.0,3,4,1,4,4,4,5,340,6,0,524,864,1,4,1,5,892,0,0,892,0,0,1,0,3,1,4,5,7,0,3,1,1966.0,2,1,264,5,5,2,0,0,0,0,0,0,3,1,1,0,10,2008,9,4,0,0,1,1,0,42,1756,1.0,0,110000
20,4,68.0,12537,1,1,0,3,0,1,0,12,2,2,0,2,5,6,1971,2008,1,1,13,14,2,0.0,3,4,1,4,4,4,2,734,6,0,344,1078,1,0,1,5,1078,0,0,1078,1,0,1,1,3,1,4,6,7,1,1,1,1971.0,0,2,500,5,5,2,0,0,0,0,0,0,3,4,1,0,4,2010,9,4,0,0,1,1,1,39,2156,2.5,0,149900
160,1,68.0,2117,1,1,3,3,0,4,0,21,2,2,3,5,6,5,2000,2000,1,1,8,8,1,216.0,2,4,2,2,4,4,2,378,6,0,378,756,1,0,1,5,769,804,0,1573,0,0,2,1,3,1,2,5,7,0,3,5,2000.0,3,2,440,5,5,2,0,32,0,0,0,0,3,4,1,0,6,2010,9,4,0,1,1,1,0,10,2329,2.5,32,177500
20,4,129.0,16737,1,1,3,3,0,3,0,16,2,2,0,2,9,5,2004,2005,3,1,13,14,1,66.0,2,4,2,0,4,0,2,1447,6,0,533,1980,1,0,1,5,1980,0,0,1980,1,0,2,0,3,1,0,8,7,1,2,1,2004.0,0,3,770,5,5,2,194,45,0,0,0,0,3,4,1,0,9,2006,9,4,0,0,1,1,1,2,3960,3.0,239,315000
70,4,51.0,9842,1,1,3,3,0,4,0,18,1,2,0,5,5,6,1921,1998,1,1,8,15,2,0.0,3,4,0,4,0,4,6,0,6,0,612,612,1,0,1,5,990,1611,0,2601,0,0,3,1,4,1,4,8,7,0,3,3,1998.0,2,2,621,5,5,2,183,0,301,0,0,0,3,4,1,0,5,2008,9,4,0,1,1,1,0,87,3213,3.5,484,189000
20,4,124.0,16158,1,1,0,2,0,4,1,22,2,2,0,2,7,5,2005,2005,3,1,13,14,3,16.0,2,4,2,0,4,0,0,1274,6,0,256,1530,1,0,1,5,1530,0,0,1530,1,0,2,0,3,1,2,7,7,1,2,1,2005.0,0,2,430,5,5,2,168,36,0,0,0,0,3,4,1,0,6,2009,9,4,0,0,1,1,1,4,3060,3.0,204,260000
50,4,68.0,12513,1,1,0,3,0,2,0,12,1,2,0,0,4,4,1920,2007,1,1,13,14,2,0.0,3,2,0,4,0,4,6,0,6,0,715,715,1,2,1,5,1281,457,0,1738,0,0,2,0,4,1,4,7,7,1,2,1,1920.0,3,1,368,5,5,2,55,0,0,0,0,0,3,4,1,0,6,2009,9,4,0,1,1,1,1,89,2453,2.0,55,104900
60,4,73.0,8499,1,1,0,3,0,4,0,8,2,2,0,5,6,5,2006,2007,1,1,13,14,2,0.0,3,4,2,2,4,4,6,0,6,0,616,616,1,0,1,5,616,796,0,1412,0,0,2,1,3,1,2,6,7,1,2,3,2007.0,0,2,432,5,5,2,0,36,0,0,0,0,3,4,1,0,3,2007,7,5,0,1,1,1,1,1,2028,2.5,36,156932
160,1,30.0,3180,1,2,3,3,0,4,0,21,2,2,4,5,7,5,2005,2005,1,1,8,8,2,0.0,2,4,2,2,4,4,6,0,6,0,600,600,1,0,1,5,520,600,80,1200,0,0,2,1,2,1,2,4,7,0,3,5,2005.0,2,2,480,5,5,2,0,166,0,0,0,0,3,4,1,0,4,2006,9,0,0,1,1,1,0,1,1720,2.5,166,144152
60,1,68.0,7500,1,1,3,3,0,4,0,21,2,2,0,5,7,5,2000,2000,1,1,13,14,2,0.0,2,4,2,2,4,4,2,533,6,0,281,814,1,0,1,5,814,860,0,1674,1,0,2,1,3,1,2,7,7,0,3,1,2000.0,2,2,663,5,5,2,0,96,0,0,0,0,3,4,1,0,1,2010,9,4,0,1,1,1,0,10,2488,3.5,96,216000
60,4,68.0,9179,1,1,0,3,0,4,0,5,2,2,0,5,7,5,1999,1999,1,1,13,14,1,158.0,2,4,2,2,4,4,2,633,6,0,240,873,1,0,1,5,882,908,0,1790,1,0,2,1,3,1,2,7,7,0,3,1,1999.0,2,2,588,5,5,2,0,88,0,0,0,0,3,4,1,0,6,2008,9,0,0,1,1,1,0,9,2663,3.5,88,193000
160,5,41.0,2665,1,1,3,3,0,4,0,10,2,2,4,5,5,6,1977,1977,1,1,5,5,2,0.0,3,4,2,4,4,4,0,548,5,173,36,757,1,0,1,5,925,550,0,1475,0,0,2,0,4,1,4,6,7,1,5,1,1977.0,2,1,336,5,5,2,104,26,0,0,0,0,3,4,1,0,7,2006,9,4,0,1,1,1,1,29,2232,2.0,130,127000
120,5,68.0,4435,1,1,3,3,0,4,0,5,2,2,4,2,6,5,2003,2004,1,1,13,14,1,170.0,2,4,2,2,4,0,2,685,6,0,163,848,1,0,1,5,848,0,0,848,1,0,1,0,1,1,2,4,7,0,3,1,2003.0,0,2,420,5,5,2,140,0,0,0,0,0,3,4,1,0,6,2009,9,4,0,0,1,1,0,6,1696,2.0,140,144000
20,4,48.0,10635,1,1,1,3,0,2,0,5,2,2,0,2,8,5,2003,2003,3,1,13,14,1,171.0,2,4,2,2,4,0,1,370,2,972,315,1657,1,0,1,5,1668,0,0,1668,1,0,2,0,3,1,2,8,7,1,5,1,2003.0,0,2,502,5,5,2,0,262,0,0,0,0,3,4,1,0,5,2010,9,4,0,0,1,1,1,7,3325,3.0,262,232000
50,4,90.0,5400,1,1,3,3,0,0,0,17,0,2,0,0,4,6,1920,1950,1,1,4,4,2,0.0,1,4,2,4,4,4,0,315,5,105,420,840,1,0,1,5,840,534,0,1374,0,0,1,0,2,1,4,6,7,0,3,5,1967.0,0,1,338,5,5,2,0,0,198,0,0,0,3,4,1,0,10,2009,9,4,0,1,1,1,0,89,2214,1.0,198,105000
80,4,80.0,9600,1,1,3,3,0,4,0,12,2,2,0,7,6,6,1955,1996,3,1,0,0,2,0.0,3,4,1,4,4,0,1,831,6,0,161,992,1,2,1,5,1661,0,0,1661,1,0,1,0,3,1,2,8,7,1,5,3,1955.0,2,1,377,5,5,2,0,28,0,0,178,0,3,2,1,0,10,2008,9,4,0,0,1,1,1,53,2653,2.0,206,165500
60,4,75.0,9750,1,1,3,3,0,0,0,5,2,2,0,5,7,6,1998,1998,1,1,13,14,2,0.0,3,4,2,2,4,0,2,975,6,0,133,1108,1,0,1,5,1108,989,0,2097,1,0,2,1,3,1,2,8,7,1,5,5,1998.0,2,2,583,5,5,2,253,170,0,0,0,0,3,4,1,0,6,2006,9,4,0,1,1,1,1,8,3205,3.5,423,274300
60,1,85.0,10625,1,1,3,3,0,4,0,21,2,2,0,5,7,5,2005,2005,1,1,5,5,2,0.0,2,4,2,2,4,4,6,0,6,0,1026,1026,1,0,1,5,1026,932,0,1958,0,0,2,1,3,1,2,9,7,1,2,1,2005.0,0,3,936,5,5,2,154,210,0,0,0,0,3,4,1,0,7,2008,9,4,0,1,1,1,1,3,2984,2.5,364,250000
20,4,89.0,10991,1,1,0,1,0,4,0,23,2,2,0,2,8,5,2007,2007,1,1,13,14,1,80.0,2,4,2,2,4,1,6,0,6,0,1571,1571,1,0,1,5,1571,0,0,1571,0,0,2,0,3,1,2,7,7,1,2,1,2007.0,0,3,722,5,5,2,100,36,0,0,0,0,3,4,1,0,12,2007,7,5,0,0,1,1,1,0,3142,2.0,136,239000
30,4,52.0,6292,1,1,3,0,0,4,0,18,2,2,0,2,6,5,1930,1950,1,1,14,15,2,0.0,3,4,0,2,4,2,5,384,6,0,384,768,1,4,0,5,790,0,0,790,0,0,1,0,2,1,4,4,7,0,3,5,1925.0,3,1,160,1,5,2,0,141,0,0,0,0,3,4,1,0,4,2008,9,4,0,0,1,1,0,78,1558,1.0,141,91000
50,4,60.0,10998,1,0,3,3,0,4,0,7,2,2,0,0,5,5,1941,1960,1,1,14,15,2,0.0,3,4,1,4,4,4,3,408,1,420,156,984,1,0,1,5,984,620,0,1604,0,0,2,0,3,1,4,6,3,0,3,5,1977.0,3,2,660,5,5,2,0,68,0,0,0,0,3,4,1,0,7,2009,9,4,0,1,1,1,0,68,2588,2.0,68,117000
160,5,21.0,1953,1,1,3,3,0,4,0,2,2,2,3,5,6,5,1973,1973,1,1,6,6,1,408.0,3,4,1,4,0,4,1,309,6,0,174,483,1,4,1,5,483,504,0,987,0,0,1,1,2,1,4,5,7,0,3,5,1973.0,3,1,264,5,5,2,72,0,0,0,0,0,3,4,1,0,6,2006,9,4,0,1,1,1,0,33,1470,1.5,72,83000
80,4,73.0,9735,1,1,3,3,0,4,0,23,2,2,0,7,5,5,2006,2007,1,1,13,14,2,0.0,3,4,2,2,4,4,6,0,6,0,384,384,1,2,1,4,754,640,0,1394,0,0,2,1,3,1,2,7,7,0,3,3,2007.0,0,2,400,5,5,2,100,0,0,0,0,0,3,4,1,0,5,2008,9,4,0,1,1,1,0,2,1778,2.5,100,167500
30,4,45.0,8212,1,0,3,3,0,4,0,7,2,2,0,2,3,3,1914,1950,1,1,12,13,2,0.0,3,1,0,4,0,4,5,203,6,0,661,864,1,4,0,1,864,0,0,864,1,0,1,0,2,1,4,5,7,0,3,5,1938.0,3,1,200,5,1,2,0,0,96,0,0,0,3,4,1,0,6,2010,9,4,0,0,1,1,0,96,1728,2.0,96,58500
20,4,68.0,12925,1,1,0,3,0,0,0,12,2,2,0,2,6,7,1970,1970,1,1,3,11,2,0.0,3,4,1,4,4,2,1,865,6,0,340,1205,1,0,1,5,2117,0,0,2117,0,0,2,1,4,1,4,7,7,2,2,1,1970.0,0,2,550,5,5,2,0,42,0,0,0,0,3,4,1,0,5,2008,9,4,0,0,1,1,1,38,3322,2.5,42,237500
70,5,60.0,7200,1,1,3,3,0,0,0,17,2,2,0,5,7,7,1920,1950,3,1,14,15,2,0.0,3,4,0,1,4,4,6,0,6,0,596,596,1,0,1,5,998,764,0,1762,1,0,1,1,4,1,2,8,7,0,3,5,1989.0,3,2,576,5,5,0,36,0,221,0,0,0,3,4,1,0,10,2006,9,4,0,1,1,1,0,86,2358,2.5,257,157000
30,4,68.0,25339,1,1,3,3,0,4,0,19,2,2,0,2,5,7,1918,2007,1,1,14,15,2,0.0,3,2,0,4,4,4,6,0,6,0,816,816,1,0,1,5,1416,0,0,1416,0,0,2,0,3,1,2,7,7,0,3,1,2007.0,3,2,576,5,5,0,0,0,112,0,0,0,3,4,1,0,8,2007,9,4,0,0,1,1,0,89,2232,2.0,112,112000
50,4,60.0,9060,1,1,3,3,0,4,0,7,2,2,0,0,6,5,1939,1950,1,1,15,16,2,0.0,3,4,0,4,4,2,5,204,6,0,356,560,1,4,1,5,698,560,0,1258,0,0,1,0,2,1,4,6,7,0,3,5,1939.0,3,1,280,5,5,1,0,0,0,0,0,0,3,2,1,0,10,2009,9,4,0,1,1,1,0,70,1818,1.0,0,105000
50,5,40.0,5436,1,1,3,3,0,4,0,9,2,2,0,0,4,8,1922,2007,1,1,13,14,2,0.0,3,2,0,4,4,4,1,735,6,0,61,796,1,2,1,5,796,358,0,1154,1,0,1,0,3,1,2,7,7,0,3,5,1922.0,3,1,240,5,5,0,0,96,0,0,0,0,3,2,1,0,5,2010,9,4,0,1,1,1,0,88,1950,2.0,96,125500
60,4,80.0,16692,1,1,0,3,0,4,0,14,6,2,0,5,7,5,1978,1978,1,1,10,11,1,184.0,3,4,1,2,4,4,1,790,3,469,133,1392,1,4,1,5,1392,1392,0,2784,1,0,3,1,5,1,2,12,7,2,5,1,1978.0,2,2,564,5,5,2,0,112,0,0,440,519,1,2,4,2000,7,2006,9,4,1,1,1,1,1,28,4176,4.5,552,250000
50,5,60.0,8520,1,0,3,3,0,4,0,17,0,2,0,0,6,7,1916,1950,1,1,12,13,2,0.0,3,2,0,4,4,4,5,168,3,546,0,714,2,4,0,5,1664,862,0,2526,0,0,2,0,5,1,2,10,7,1,2,5,1916.0,3,1,216,5,5,2,88,15,0,0,0,0,3,1,1,0,8,2007,1,3,0,1,1,1,1,91,3240,2.0,103,136000
50,5,60.0,6000,1,1,3,3,0,4,0,3,2,2,0,0,6,6,1941,1950,1,1,14,15,2,0.0,3,2,0,4,1,4,0,375,6,0,360,735,1,0,1,5,869,349,0,1218,0,1,1,0,3,1,4,6,7,1,2,5,2003.0,3,2,440,5,5,2,0,0,0,0,0,0,3,4,1,0,3,2007,9,4,0,1,1,1,1,66,1953,1.5,0,131000
20,4,70.0,9100,1,1,3,3,0,4,0,5,2,2,0,2,7,5,2000,2000,1,1,13,14,1,244.0,2,4,2,2,4,0,2,1400,6,0,125,1525,1,0,1,5,1525,0,0,1525,1,0,2,0,3,1,2,6,7,0,3,1,2000.0,2,2,541,5,5,2,219,36,0,0,0,0,3,4,1,0,9,2006,9,4,0,0,1,1,0,6,3050,3.0,255,235000
90,4,65.0,8944,1,1,3,3,0,4,0,12,2,2,2,2,5,5,1967,1967,1,1,10,11,2,0.0,3,4,1,4,4,4,6,0,6,0,1584,1584,1,4,1,5,1584,0,0,1584,0,0,2,0,4,2,4,8,4,0,3,5,1967.0,3,3,792,5,5,2,0,152,0,0,0,0,3,4,1,0,4,2009,9,4,0,0,1,1,0,42,3168,2.0,152,124000
85,4,68.0,7838,1,1,3,3,0,4,0,12,2,2,0,6,5,5,1967,1967,1,1,6,6,2,0.0,3,4,1,4,4,0,0,769,6,0,95,864,1,4,1,5,900,0,0,900,1,0,1,0,3,1,4,6,7,1,4,1,1967.0,2,1,288,5,5,2,175,144,0,0,0,0,3,3,1,0,12,2006,9,4,0,0,1,1,1,39,1764,2.0,319,123000
190,5,60.0,10800,1,2,3,3,0,4,0,17,2,2,1,0,6,7,1905,2000,1,1,14,15,2,0.0,3,4,0,1,4,4,6,0,6,0,482,482,1,0,0,5,1221,691,0,1912,0,0,2,0,3,2,4,7,7,1,5,5,2003.0,3,2,672,2,5,2,0,25,212,0,0,0,3,4,1,0,4,2008,9,4,0,1,1,1,1,103,2394,2.0,237,163000
120,4,53.0,4045,1,1,3,3,0,4,0,0,2,2,4,2,7,5,2006,2006,3,1,13,14,1,45.0,2,4,2,2,4,0,2,1070,6,0,286,1356,1,0,1,5,1500,0,0,1500,1,0,2,0,2,1,2,6,7,1,2,1,2006.0,0,3,648,5,5,2,161,20,0,0,0,0,3,4,1,0,10,2006,7,5,0,0,1,1,1,0,2856,3.0,181,246578
60,4,88.0,12665,1,1,0,3,0,4,0,23,2,2,0,5,8,5,2005,2006,3,1,13,14,1,245.0,2,4,2,2,1,1,6,0,6,0,1094,1094,1,0,1,5,1133,1349,0,2482,0,0,2,1,4,1,2,9,7,1,2,3,2005.0,0,3,642,5,5,2,144,39,0,0,0,0,3,4,1,0,2,2007,9,4,0,1,1,1,1,2,3576,2.5,183,281213
20,4,68.0,57200,1,1,0,0,0,4,2,23,2,2,0,2,5,5,1948,1950,1,1,14,15,2,0.0,3,4,1,4,4,0,1,353,5,334,60,747,1,4,1,5,1687,0,0,1687,1,0,1,0,3,1,4,7,2,2,5,5,1966.0,3,2,572,5,5,0,0,0,50,0,0,0,3,4,1,0,6,2010,9,4,0,0,1,1,1,62,2434,2.0,50,160000
70,5,51.0,6120,1,1,3,3,0,4,0,3,2,2,0,5,5,8,1920,2004,1,1,8,8,2,0.0,3,4,0,4,4,2,6,0,6,0,939,939,1,0,1,5,939,574,0,1513,0,0,1,1,4,1,4,8,7,0,3,5,1933.0,3,1,180,1,1,0,24,0,150,0,0,0,3,4,1,0,5,2007,9,4,0,1,1,1,0,87,2452,1.5,174,137500
50,4,60.0,7200,1,1,3,3,0,4,0,12,2,2,0,0,5,4,1950,1982,1,1,13,15,2,0.0,3,4,1,4,4,4,5,180,1,352,676,1208,1,2,1,0,1136,768,0,1904,1,0,1,1,3,1,4,7,2,0,3,1,1950.0,3,1,240,5,5,2,0,0,168,0,0,0,3,0,1,0,5,2009,9,4,0,1,1,1,0,59,3112,2.5,168,138000
50,4,51.0,6171,1,1,3,3,0,4,0,18,2,2,0,0,6,6,1925,1990,1,1,15,16,2,0.0,3,4,0,4,4,4,1,264,6,0,712,976,1,0,1,5,1160,448,0,1608,0,0,2,1,3,1,2,7,7,1,2,5,1925.0,3,1,216,1,5,2,147,16,0,0,0,0,3,2,1,0,10,2009,9,4,0,1,1,1,1,84,2584,2.5,163,137450
50,5,50.0,6000,1,1,3,3,0,0,0,3,2,2,0,0,6,7,1929,1950,1,1,15,16,2,0.0,3,4,0,4,4,4,6,0,6,0,862,862,1,4,1,5,950,208,0,1158,0,0,1,0,3,1,4,5,7,1,2,3,1929.0,2,1,208,5,5,2,0,0,112,0,0,0,3,4,1,0,7,2008,9,4,0,1,1,1,1,79,2020,1.0,112,120000
60,4,62.0,7415,1,1,0,3,0,4,0,8,2,2,0,5,6,5,2004,2004,1,1,13,14,2,0.0,3,4,2,4,4,4,2,759,6,0,80,839,1,0,1,5,864,729,0,1593,1,0,2,1,3,1,4,8,7,1,5,1,2004.0,0,2,398,5,5,2,100,75,0,0,0,0,3,4,1,0,4,2008,9,4,0,1,1,1,1,4,2432,3.5,175,193000
20,4,64.0,6762,1,1,3,3,0,4,0,5,2,2,0,2,7,5,2006,2006,1,1,13,14,2,0.0,2,4,2,2,1,0,6,0,6,0,1286,1286,1,0,1,5,1294,0,0,1294,0,0,2,0,2,1,2,6,7,1,2,1,2006.0,2,2,662,5,5,2,168,55,0,0,0,0,3,4,1,0,7,2006,7,5,0,0,1,1,1,0,2580,2.0,223,193879
20,4,49.0,15256,1,1,0,3,0,1,0,21,6,2,0,2,8,5,2007,2007,1,1,13,14,3,84.0,2,4,2,2,4,1,2,929,6,0,556,1485,1,0,1,5,1464,0,0,1464,1,0,2,0,3,1,2,6,7,0,3,1,2007.0,3,3,754,5,5,2,168,160,0,0,0,0,3,4,1,0,8,2007,9,4,0,0,1,1,0,0,2949,3.0,328,282922
50,4,60.0,10410,1,0,3,3,0,0,0,17,0,2,0,0,3,4,1915,1950,1,1,14,15,2,0.0,3,4,2,4,4,4,6,0,6,0,672,672,1,4,1,5,694,520,0,1214,0,0,1,0,3,1,4,6,7,0,3,5,1998.0,3,3,936,5,5,2,216,0,160,0,0,0,3,2,1,0,1,2006,9,3,0,1,1,1,0,91,1886,1.0,376,105000
120,5,44.0,3842,1,1,0,1,0,4,1,6,2,2,4,2,8,5,2004,2005,3,1,5,5,3,174.0,2,4,2,0,4,1,2,1373,6,0,221,1594,1,0,1,5,1646,0,0,1646,1,1,2,0,2,1,2,5,7,1,2,1,2004.0,0,2,482,5,5,2,128,53,0,0,155,0,3,4,1,0,1,2008,9,4,0,0,1,1,1,4,3240,3.5,336,275000
85,4,70.0,8445,1,1,3,3,0,0,0,5,2,2,0,6,5,7,1972,2007,1,1,6,16,2,0.0,3,4,1,2,4,0,2,656,6,0,112,768,1,4,1,5,768,0,0,768,1,0,1,0,2,1,4,5,7,0,3,5,1988.0,3,2,396,5,5,2,58,0,0,0,0,0,3,2,1,0,3,2009,9,4,0,0,1,1,0,37,1536,2.0,58,133000
20,4,68.0,8780,1,1,0,3,0,0,0,11,2,2,0,2,5,5,1985,1985,1,1,6,11,2,0.0,3,4,1,4,4,4,0,625,6,0,208,833,1,0,1,5,833,0,0,833,1,0,1,0,3,1,4,5,7,0,3,6,1978.0,1,0,0,3,3,2,0,0,0,0,0,0,3,2,1,0,3,2009,9,4,0,0,0,1,0,24,1666,2.0,0,112000
70,5,60.0,7740,1,1,3,3,0,4,0,17,2,2,0,5,4,7,1910,1950,1,1,13,14,2,0.0,3,4,1,1,4,4,6,0,6,0,622,622,1,2,1,5,741,622,0,1363,0,0,1,0,3,1,4,6,7,0,3,5,1966.0,3,2,528,5,5,2,0,0,0,0,168,0,3,4,1,0,6,2010,9,4,0,1,1,1,0,100,1985,1.0,168,125500
60,4,46.0,20544,1,1,0,3,0,1,0,14,2,2,0,5,7,6,1986,1991,1,1,10,11,1,123.0,3,2,1,2,4,4,6,0,6,0,791,791,1,2,1,5,1236,857,0,2093,0,0,2,1,3,1,4,7,7,1,5,1,1986.0,0,2,542,5,5,2,364,63,0,0,0,0,3,2,1,0,11,2008,9,4,0,1,1,1,1,22,2884,2.5,427,215000
60,4,79.0,12420,1,1,3,3,0,4,0,5,2,2,0,5,7,5,2001,2001,1,1,13,14,2,0.0,2,4,2,2,4,4,2,666,6,0,278,944,1,0,1,5,944,896,0,1840,1,0,2,1,3,1,2,6,7,0,3,1,2001.0,2,2,622,5,5,2,0,45,0,0,0,0,3,4,1,0,6,2009,9,4,0,1,1,1,0,8,2784,3.5,45,230000
50,4,80.0,9600,1,1,3,3,0,4,0,12,2,2,0,0,6,8,1950,2005,1,1,13,14,2,0.0,3,2,1,4,4,4,1,120,6,0,736,856,1,0,1,5,1112,556,0,1668,0,0,1,1,3,1,4,6,3,0,3,1,1950.0,3,1,271,5,5,2,0,0,0,0,0,0,3,2,1,0,9,2009,9,4,0,1,1,1,0,59,2524,1.5,0,140000
90,4,60.0,7200,1,1,3,3,0,4,0,12,2,2,2,2,4,5,1949,1950,1,1,3,12,2,0.0,3,4,3,3,2,3,4,0,4,0,0,0,5,1,0,1,1040,0,0,1040,0,0,2,0,2,2,4,6,7,0,3,5,1956.0,3,2,420,5,5,2,0,0,0,0,0,0,3,4,1,0,6,2009,9,4,0,0,1,0,0,60,1040,2.0,0,90000
20,4,88.0,10994,1,1,0,3,0,0,0,20,2,2,0,2,8,5,2005,2006,1,1,13,14,3,366.0,2,4,2,2,1,4,2,976,6,0,868,1844,1,0,1,5,1844,0,0,1844,1,0,2,0,2,1,2,7,7,1,2,1,2005.0,0,2,620,5,5,2,165,44,0,0,0,0,3,4,1,0,9,2009,0,0,0,0,1,1,1,4,3688,3.0,209,257000
50,4,64.0,13053,1,2,3,0,0,4,0,3,2,2,0,0,6,7,1923,2000,2,1,14,15,2,0.0,3,4,0,4,4,4,6,0,6,0,833,833,1,2,1,5,1053,795,0,1848,0,0,1,1,4,1,2,8,7,1,2,5,1922.0,3,2,370,5,5,0,0,0,0,0,220,0,3,4,1,0,6,2008,9,4,0,1,1,1,1,85,2681,1.5,220,207000
120,4,51.0,3635,1,1,3,3,0,4,0,0,2,2,4,2,7,5,2007,2007,3,1,13,14,1,130.0,2,4,2,2,4,4,0,988,6,0,398,1386,1,0,1,5,1569,0,0,1569,0,1,2,0,1,1,2,7,7,1,5,1,2007.0,2,3,660,5,5,2,143,20,0,0,0,0,3,4,1,0,5,2009,9,4,0,0,1,1,1,2,2955,2.5,163,175900
190,5,60.0,11340,1,1,3,3,0,4,0,17,2,2,1,5,4,6,1885,1950,1,1,13,0,2,0.0,3,4,2,4,4,4,6,0,6,0,777,777,1,2,1,5,1246,1044,0,2290,0,0,2,0,4,2,4,11,7,0,3,5,1971.0,3,2,560,5,5,0,0,0,114,0,0,0,3,4,1,0,4,2010,9,4,0,1,1,1,0,125,3067,2.0,114,122500
60,4,68.0,16545,1,1,0,3,0,4,0,15,2,2,0,5,8,5,1998,1998,1,1,13,14,1,731.0,2,4,2,2,4,2,2,781,6,0,503,1284,1,0,1,5,1310,1140,0,2450,1,0,2,1,3,1,2,7,7,1,5,1,1998.0,0,3,1069,5,5,2,0,126,0,0,0,0,3,4,1,0,5,2009,9,4,0,1,1,1,1,11,3734,3.5,126,340000
20,4,71.0,9204,1,1,3,3,0,4,0,12,2,2,0,2,5,5,1963,1963,1,1,6,6,2,0.0,3,4,1,4,4,4,1,25,5,872,247,1144,1,4,1,5,1144,0,0,1144,1,0,1,1,3,1,4,6,7,0,3,5,1962.0,3,1,336,5,5,2,0,88,0,0,0,0,3,4,1,0,8,2008,0,4,0,0,1,1,0,45,2288,2.5,88,124000
20,4,68.0,16381,1,1,0,3,0,4,0,6,2,2,0,2,6,5,1969,1969,1,1,10,11,1,312.0,2,2,1,4,4,0,5,1110,6,0,734,1844,1,2,1,5,1844,0,0,1844,1,0,2,0,3,1,2,7,7,1,5,1,1969.0,2,2,540,5,5,2,0,73,216,0,0,0,3,4,1,0,12,2006,9,4,0,0,1,1,1,37,3688,3.0,289,223000
60,4,90.0,11700,1,1,3,3,0,0,0,14,2,2,0,5,6,6,1968,1968,1,1,6,6,1,420.0,3,4,1,4,4,4,0,404,6,0,304,708,1,2,1,5,708,708,0,1416,0,0,2,1,3,1,4,7,7,1,5,1,1968.0,2,2,776,5,5,2,0,169,0,0,119,0,3,4,1,0,5,2006,9,4,0,1,1,1,1,38,2124,2.5,288,179900
120,4,53.0,4043,1,1,3,3,0,4,0,13,2,2,4,2,6,5,1977,1977,1,1,10,11,2,0.0,3,4,1,2,4,4,0,360,6,0,709,1069,1,4,1,5,1069,0,0,1069,0,0,2,0,2,1,4,4,7,1,1,1,1977.0,2,2,440,5,5,2,0,55,0,0,165,0,3,4,1,0,7,2010,9,4,0,0,1,1,1,33,2138,2.0,220,127500
120,5,37.0,4435,1,1,3,3,0,4,0,5,2,2,4,2,6,5,2003,2003,1,1,13,14,1,170.0,2,4,2,2,4,0,2,686,6,0,162,848,1,0,1,5,848,0,0,848,1,0,1,0,1,1,2,3,7,0,3,1,2003.0,0,2,420,5,5,2,140,0,0,0,0,0,3,4,1,0,3,2008,9,4,0,0,1,1,0,5,1696,2.0,140,136500
80,4,68.0,19690,1,1,0,3,0,1,0,7,2,2,0,7,6,7,1966,1966,0,5,10,11,2,0.0,2,2,1,2,4,0,6,0,6,0,697,697,1,4,1,5,1575,626,0,2201,0,0,2,0,4,1,2,8,7,1,2,1,1966.0,3,2,432,2,2,2,586,236,0,0,0,738,2,0,1,0,8,2006,9,2,1,1,1,1,1,40,2898,2.0,822,274970
20,4,68.0,9503,1,1,3,3,0,4,0,12,2,2,0,2,5,5,1958,1983,3,1,6,6,2,0.0,3,4,1,4,4,4,0,457,5,374,193,1024,1,4,1,5,1344,0,0,1344,1,0,1,0,2,1,4,6,2,1,5,5,1970.0,3,1,484,5,5,2,316,28,0,0,0,0,3,1,1,0,6,2007,9,4,0,0,1,1,1,49,2368,2.0,344,144000
20,4,80.0,10721,1,1,0,3,0,4,0,12,2,2,0,2,6,6,1959,1959,3,1,6,6,3,243.0,2,4,1,4,4,4,6,0,6,0,1252,1252,1,0,1,5,1252,0,0,1252,0,0,1,0,3,1,2,7,7,0,3,5,1960.0,3,2,528,5,5,2,0,39,0,0,0,0,3,4,1,0,10,2008,9,4,0,0,1,1,0,49,2504,1.0,39,142000
60,4,81.0,10944,1,1,0,3,0,4,0,15,2,2,0,5,7,5,1994,1994,1,1,13,14,1,448.0,2,4,2,2,4,4,2,1000,6,0,223,1223,1,0,1,5,1223,904,0,2127,1,0,2,1,3,1,2,5,7,2,5,1,1994.0,2,2,525,5,5,2,171,132,0,0,0,0,3,4,1,0,8,2008,9,4,0,1,1,1,1,14,3350,3.5,303,271000
50,4,60.0,10930,1,0,3,0,0,4,0,12,0,2,0,0,5,6,1945,1950,1,1,8,8,2,0.0,3,4,1,4,4,4,1,580,6,0,333,913,1,4,1,0,1048,510,0,1558,1,0,1,1,3,1,4,6,7,1,5,1,1962.0,3,1,288,5,5,2,0,0,0,0,0,0,3,4,1,0,4,2008,9,4,0,1,1,1,1,63,2471,2.5,0,140000
30,5,60.0,7200,1,1,3,3,0,0,0,17,2,2,0,2,5,7,1940,1992,1,1,8,8,3,294.0,3,2,1,4,4,4,1,510,6,0,278,788,1,4,1,5,804,0,0,804,1,0,1,0,2,1,2,4,7,2,2,1,1940.0,3,1,240,5,5,2,0,0,154,0,0,0,3,2,1,0,2,2010,9,0,0,0,1,1,1,70,1592,2.0,154,119000
20,4,68.0,12546,1,1,0,3,0,0,0,14,2,2,0,2,6,7,1981,1981,1,1,8,8,1,310.0,2,2,1,2,4,4,1,678,6,0,762,1440,1,0,1,5,1440,0,0,1440,0,0,2,0,3,1,2,7,7,1,5,1,1981.0,0,2,467,5,5,2,0,0,99,0,0,0,3,4,1,0,4,2007,9,4,0,0,1,1,1,26,2880,2.0,99,182900
60,4,60.0,21930,1,1,2,3,0,4,0,8,6,2,0,5,5,5,2005,2005,1,1,13,14,2,0.0,2,4,2,2,1,0,6,0,6,0,732,732,1,0,1,5,734,1104,0,1838,0,0,2,1,4,1,4,7,7,1,2,3,2005.0,0,2,372,5,5,2,100,40,0,0,0,0,3,4,1,0,7,2006,9,4,0,1,1,1,1,1,2570,2.5,140,192140
120,4,68.0,4928,1,1,0,3,0,4,0,13,2,2,4,2,6,6,1976,1976,1,1,10,11,2,0.0,3,4,1,2,4,4,3,958,6,0,0,958,1,4,1,5,958,0,0,958,0,0,2,0,2,1,4,5,7,0,3,1,1976.0,2,2,440,5,5,2,0,60,0,0,0,0,3,4,1,0,10,2009,9,4,0,0,1,1,0,33,1916,2.0,60,143750
30,4,60.0,10800,1,0,3,3,0,4,0,17,2,2,0,2,4,6,1927,2007,1,1,14,15,2,0.0,3,4,0,4,4,4,6,0,6,0,656,656,1,4,1,5,968,0,0,968,0,0,2,0,4,1,4,5,7,0,3,5,1928.0,3,1,216,1,1,2,0,0,0,0,0,0,3,4,1,0,8,2007,9,4,0,0,1,1,0,80,1624,2.0,0,64500
60,4,93.0,10261,1,1,0,3,0,4,0,8,2,2,0,5,6,5,2000,2000,1,1,13,14,1,318.0,3,4,2,2,4,4,6,0,6,0,936,936,1,0,1,5,962,830,0,1792,1,0,2,1,3,1,4,8,7,1,5,1,2000.0,0,2,451,5,5,2,0,0,0,0,0,0,3,4,1,0,5,2008,9,4,0,1,1,1,1,8,2728,3.5,0,186500
20,4,80.0,17400,1,1,3,2,0,4,1,11,2,2,0,2,5,5,1977,1977,1,1,3,3,2,0.0,3,4,1,4,4,4,0,936,6,0,190,1126,1,1,1,5,1126,0,0,1126,1,0,2,0,3,1,4,5,7,1,2,1,1977.0,2,2,484,5,5,1,295,41,0,0,0,0,3,4,1,0,5,2006,9,4,0,0,1,1,1,29,2252,3.0,336,160000
20,4,80.0,8400,1,1,3,3,0,4,0,12,2,2,0,2,6,9,1962,2005,1,1,14,15,1,237.0,2,2,1,4,4,4,6,0,6,0,1319,1319,1,4,1,5,1537,0,0,1537,1,0,1,1,3,1,2,7,7,1,2,1,1962.0,2,2,462,5,5,2,0,36,0,0,0,0,3,0,1,0,7,2008,0,0,0,0,1,1,1,46,2856,2.5,36,174000
20,4,60.0,9000,1,1,3,3,0,2,0,12,2,2,0,2,4,6,1971,1971,1,1,6,6,2,0.0,3,4,2,4,4,4,0,616,6,0,248,864,1,4,1,5,864,0,0,864,0,0,1,0,3,1,4,5,7,0,3,5,1974.0,3,2,528,5,5,2,0,0,0,0,0,0,3,1,1,0,5,2007,9,4,0,0,1,1,0,36,1728,1.0,0,120500
20,5,90.0,7407,1,1,3,3,0,4,0,17,0,2,0,2,6,7,1957,1996,1,1,8,8,2,0.0,3,4,1,4,4,4,2,600,6,0,312,912,1,4,1,0,1236,0,0,1236,1,0,1,0,2,1,4,6,7,0,3,1,1957.0,3,2,923,5,5,2,0,158,158,0,0,0,3,2,1,0,4,2010,9,4,0,0,1,1,0,53,2148,2.0,316,149700
60,4,80.0,11584,1,1,3,3,0,4,0,14,2,2,0,7,7,6,1979,1979,3,1,6,6,1,96.0,3,4,1,4,4,4,2,315,5,110,114,539,1,4,1,5,1040,685,0,1725,0,0,2,1,3,1,4,6,7,1,5,1,1979.0,2,2,550,5,5,2,0,88,216,0,0,0,3,4,1,0,11,2007,9,4,0,1,1,1,1,28,2264,2.5,304,197000
70,4,79.0,11526,1,1,0,0,0,4,1,6,2,2,0,3,6,7,1922,1994,1,1,8,8,2,0.0,3,4,0,0,4,4,6,0,6,0,588,588,1,1,1,5,1423,748,384,2555,0,0,2,0,3,1,4,11,2,1,2,5,1993.0,0,2,672,5,5,2,431,0,0,0,0,0,3,4,1,0,9,2008,9,4,0,1,1,1,1,86,2759,2.0,431,191000
120,5,68.0,4426,1,1,3,3,0,4,0,5,2,2,4,2,6,5,2004,2004,1,1,13,14,1,147.0,2,4,2,2,4,0,2,697,6,0,151,848,1,0,1,5,848,0,0,848,1,0,1,0,1,1,2,3,7,1,5,1,2004.0,2,2,420,5,5,2,149,0,0,0,0,0,3,4,1,0,5,2008,9,4,0,0,1,1,1,4,1696,2.0,149,149300
60,1,85.0,11003,1,1,3,3,0,4,0,21,2,2,0,5,10,5,2008,2008,1,1,13,14,3,160.0,0,4,2,0,4,0,2,765,6,0,252,1017,1,0,1,5,1026,981,0,2007,1,0,2,1,3,1,0,10,7,1,0,1,2008.0,0,3,812,5,5,2,168,52,0,0,0,0,3,4,1,0,4,2009,9,4,0,1,1,1,1,1,3024,3.5,220,310000
30,4,68.0,8854,1,1,3,3,0,4,0,3,2,2,0,1,6,6,1916,1950,1,1,14,15,2,0.0,3,4,0,4,4,4,6,0,6,0,952,952,3,1,0,1,952,0,0,952,0,0,1,0,2,1,1,4,7,1,2,5,1916.0,3,1,192,1,4,1,0,98,0,0,40,0,3,4,1,0,5,2009,9,4,0,0,1,1,1,93,1904,1.0,138,121000
20,4,63.0,8500,1,1,3,3,0,2,0,5,2,2,0,2,7,5,2004,2004,1,1,13,14,1,106.0,2,4,2,2,4,0,6,0,6,0,1422,1422,1,0,1,5,1422,0,0,1422,0,0,2,0,3,1,2,7,7,0,3,1,2004.0,2,2,626,5,5,2,192,60,0,0,0,0,3,4,1,0,11,2007,9,4,0,0,1,1,0,3,2844,2.0,252,179600
85,4,70.0,8400,1,1,3,3,0,4,0,19,2,2,0,6,6,5,1966,1966,1,1,13,14,2,0.0,3,4,1,4,4,1,3,187,5,627,0,814,1,2,1,5,913,0,0,913,1,0,1,0,3,1,4,6,7,0,3,5,1990.0,3,1,240,5,5,2,0,0,252,0,0,0,3,4,1,0,5,2007,9,4,0,0,1,1,0,41,1727,2.0,252,129000
20,4,68.0,26142,1,1,0,3,0,1,0,11,2,2,0,2,5,7,1962,1962,1,1,6,6,1,189.0,3,4,1,4,4,4,5,593,6,0,595,1188,1,4,1,5,1188,0,0,1188,0,0,1,0,3,1,4,6,7,0,3,1,1962.0,3,1,312,5,5,1,261,39,0,0,0,0,3,4,1,0,4,2010,9,4,0,0,1,1,0,48,2376,1.0,300,157900
60,4,80.0,10000,1,1,3,3,0,4,0,5,2,2,0,5,8,5,1995,1996,1,1,13,14,1,438.0,2,4,2,2,4,4,2,1079,6,0,141,1220,1,0,1,5,1220,870,0,2090,1,0,2,1,3,1,2,8,7,1,5,1,1995.0,2,2,556,5,5,2,0,65,0,0,0,0,3,4,1,0,12,2007,9,4,0,1,1,1,1,12,3310,3.5,65,240000
50,4,70.0,11767,1,1,3,3,0,4,0,7,2,2,0,5,4,7,1910,2000,1,1,8,6,2,0.0,3,4,1,1,4,4,6,0,6,0,560,560,1,2,0,5,796,550,0,1346,0,0,1,1,2,1,4,6,3,0,3,5,1950.0,3,1,384,1,5,2,168,24,0,0,0,0,3,1,1,0,5,2007,9,4,0,1,1,1,0,97,1906,1.5,192,112000
180,5,21.0,1533,1,1,3,3,0,4,0,10,2,2,3,6,5,7,1970,1970,1,1,5,5,2,0.0,3,4,1,2,4,0,2,553,6,0,77,630,1,0,1,5,630,0,0,630,1,0,1,0,1,1,0,3,7,0,3,6,1978.0,1,0,0,3,3,2,0,0,0,0,0,0,3,4,1,0,8,2006,9,0,0,0,0,1,0,36,1260,2.0,0,92000
90,4,60.0,9000,1,1,3,3,0,2,0,12,2,2,2,5,5,5,1974,1974,1,1,13,14,2,0.0,3,4,1,2,4,4,6,0,6,0,896,896,1,4,1,5,896,896,0,1792,0,0,2,2,4,2,4,8,7,0,3,6,1978.0,1,0,0,3,3,2,32,45,0,0,0,0,3,4,1,0,9,2009,9,4,0,1,0,1,0,35,2688,3.0,77,136000
20,4,78.0,9262,1,1,3,3,0,4,0,21,2,2,0,2,8,5,2008,2009,1,1,5,5,3,194.0,2,4,2,2,4,4,6,0,6,0,1573,1573,1,0,1,5,1578,0,0,1578,0,0,2,0,3,1,0,7,7,1,2,1,2008.0,0,3,840,5,5,2,0,36,0,0,0,0,3,4,1,0,5,2009,7,5,0,0,1,1,1,1,3151,2.0,36,287090
180,5,35.0,3675,1,1,3,3,0,4,0,7,2,2,4,7,5,5,2005,2005,1,1,13,14,1,80.0,3,4,2,2,4,1,2,547,6,0,0,547,1,2,1,5,1072,0,0,1072,1,0,1,0,2,1,4,5,7,0,3,2,2005.0,0,2,525,5,5,2,0,28,0,0,0,0,3,4,1,0,5,2006,9,4,0,0,1,1,0,1,1619,2.0,28,145000
20,4,90.0,17217,1,1,3,3,0,4,0,11,2,2,0,2,5,5,2006,2006,1,1,13,14,2,0.0,3,4,2,2,4,4,6,0,6,0,1140,1140,1,0,1,5,1140,0,0,1140,0,0,1,0,3,1,4,6,7,0,3,6,1978.0,1,0,0,3,3,2,36,56,0,0,0,0,3,4,1,0,7,2006,9,0,0,0,0,1,0,0,2280,1.0,92,84500
20,1,62.0,7500,1,2,3,3,0,4,0,21,2,2,0,2,7,5,2004,2005,1,1,13,14,2,0.0,2,4,2,2,4,4,2,410,6,0,811,1221,1,0,1,5,1221,0,0,1221,1,0,2,0,2,1,2,6,7,0,3,1,2004.0,2,2,400,5,5,2,0,113,0,0,0,0,3,4,1,0,10,2009,9,4,0,0,1,1,0,5,2442,3.0,113,185000
60,4,62.0,7917,1,1,3,3,0,4,0,8,2,2,0,5,6,5,1999,2000,1,1,13,14,2,0.0,3,4,2,2,4,4,6,0,6,0,953,953,1,0,1,5,953,694,0,1647,0,0,2,1,3,1,4,7,7,1,5,1,1999.0,2,2,460,5,5,2,0,40,0,0,0,0,3,4,1,0,8,2007,9,4,0,1,1,1,1,8,2600,2.5,40,175000
20,4,85.0,13175,1,1,3,3,0,4,0,14,2,2,0,2,6,6,1978,1988,1,1,10,11,3,119.0,3,4,1,2,4,4,0,790,5,163,589,1542,1,4,1,5,2073,0,0,2073,1,0,2,0,3,1,4,7,2,2,5,1,1978.0,3,2,500,5,5,2,349,0,0,0,0,0,3,2,1,0,2,2010,9,4,0,0,1,1,1,32,3615,3.0,349,210000
70,4,66.0,9042,1,1,3,3,0,4,0,6,2,2,0,5,7,9,1941,2006,1,1,5,5,2,0.0,0,2,4,4,1,4,2,275,6,0,877,1152,1,0,1,5,1188,1152,0,2340,0,0,2,0,4,1,2,9,7,2,2,1,1941.0,2,1,252,5,5,2,0,60,0,0,0,0,3,0,3,2500,5,2010,9,4,0,1,1,1,1,69,3492,2.0,60,266500
20,4,68.0,9717,1,1,3,3,0,4,0,12,2,2,0,2,5,6,1950,1996,3,1,8,8,2,0.0,3,4,1,4,4,2,2,49,5,1029,0,1078,1,2,1,0,1078,0,0,1078,1,0,1,0,2,1,2,5,7,0,3,1,1950.0,3,1,240,5,5,2,366,0,112,0,0,0,3,4,1,0,4,2010,9,4,0,0,1,1,0,60,2156,2.0,478,142125
20,4,75.0,9937,1,1,3,3,0,4,0,7,2,2,0,2,5,6,1965,1965,1,1,6,6,2,0.0,2,4,1,4,4,4,1,830,3,290,136,1256,1,2,1,5,1256,0,0,1256,1,0,1,1,3,1,4,6,7,0,3,1,1965.0,0,1,276,5,5,2,736,68,0,0,0,0,3,4,1,0,6,2008,9,4,0,0,1,1,0,43,2512,2.5,804,147500
